;Unnamed: 0;ACESSO_LOCAL;MULTIPLO_PESA;REGIAO;PESA;MUNI_REFERENCIADO;OBSERVACOES;LAT_MUNI;LON_MUNI;LAT_PESA;LON_PESA;DISTANCIA;TEMPO;IBGE;MUNI_NOME_x;POP10;POP12;POP11A59;POP60;POP_GERAL;MACRO_CODIGO;MACRO_NOME;DRS_CODIGO;DRS_NOME;CIR_CODIGO;CIR_NOME;TOTAL_CASOS;TOTAL_10A;TOTAL_12A;TOTAL_11A59;TOTAL_60;LEVE;MG;MG_ORIGINAL;LEVE_10;MG_10;LEVE_12;MG_12;LEVE_11A59;MG_11A59;LEVE_60;MG_60;TOTAL_AMPOLAS;CAT_TEMPO;PROP_POP_0A10;PROP_POP_60MAIS;LOG_POP;PROP_MG;INCID_MEDIA_GERAL;INCID_0A10;INCID_60MAIS;PROP_CASOS_0A10;PROP_CASOS_60MAIS;TAXA_MG_100MIL;CLASS_IG;SORO_IG;EVOL_IG;PROP_CLASS_IGN;PROP_SORO_IGN;PROP_EVOL_IGN;BAIXO_N
0;0;0;0;ARACATUBA;PENAPOLIS;ALTO ALEGRE;TODOS;-21.5820592;-50.1661976;-21.4164035;-50.0649111;23.5;25.7;350110;ALTO ALEGRE;491.0;591.0;2654.0;934.8;4079.8;3536;RRAS19;3502;DRS-02 Aracatuba;35023;Consorcios do DRS II;89;3;3;55;28;86;3;3;3;0;3;0;54;1;26;2;2;≤30 min;0.12;0.23;8.313803246588865;0.03;436.3;122.2;599.06;0.0337;0.3146;14.71;0.0;0.0;0.0;0.0;0.0;0.0;0
1;1;0;0;ARACATUBA;PENAPOLIS;AVANHANDAVA;TODOS;-21.4603331;-49.9465156;-21.4164035;-50.0649111;14.1;15.9;350440;AVANHANDAVA;1761.2;2090.5;8523.0;1383.0;11667.2;3536;RRAS19;3502;DRS-02 Aracatuba;35023;Consorcios do DRS II;63;8;10;48;7;56;7;7;4;4;5;5;45;3;7;0;9;≤30 min;0.15;0.12;9.364536765044289;0.11;108.0;90.85;101.23;0.127;0.1111;12.0;15.0;13.0;27.0;0.2381;0.2063;0.4286;0
2;2;0;0;ARACATUBA;PENAPOLIS;BARBOSA;TODOS;-21.265661;-49.951816;-21.4164035;-50.0649111;26.7;22.8;350510;BARBOSA;975.4;1175.75;4279.6;984.0;6239.0;3536;RRAS19;3502;DRS-02 Aracatuba;35023;Consorcios do DRS II;251;29;35;179;43;245;6;4;25;4;30;5;177;2;43;0;4;≤30 min;0.16;0.16;8.738575192110787;0.02;804.62;594.63;873.98;0.1155;0.1713;19.23;55.0;89.0;56.0;0.2191;0.3546;0.2231;0
3;3;0;0;ARACATUBA;VALPARAISO;BENTO DE ABREU;TODOS;-21.2715723;-50.8117225;-21.2306549;-50.8611954;9.5;12.8;350620;BENTO DE ABREU;426.4;500.25;1872.6;392.6;2691.6;3536;RRAS19;3502;DRS-02 Aracatuba;35021;Central do DRS II;60;4;4;42;14;58;2;2;3;1;3;1;41;1;14;0;4;≤30 min;0.16;0.15;7.897891091314163;0.03;445.83;187.62;713.19;0.0667;0.2333;14.86;2.0;1.0;1.0;0.0333;0.0167;0.0167;0
4;4;0;0;ARACATUBA;CLEMENTINA;BILAC;TODOS;-21.403962;-50.47464;-21.5566976258936;-50.4465331675452;21.6;19.8;350640;BILAC;895.2;1061.0;5043.4;1411.2;7349.8;3536;RRAS19;3502;DRS-02 Aracatuba;35021;Central do DRS II;39;2;2;23;13;32;7;5;1;1;1;1;21;2;9;4;5;≤30 min;0.12;0.19;8.902428380952307;0.18;106.13;44.68;184.24;0.0513;0.3333;19.05;5.0;0.0;6.0;0.1282;0.0;0.1538;0
5;5;0;0;ARACATUBA;PENAPOLIS;BRAUNA;TODOS;-21.5015319;-50.3175246;-21.4164035;-50.0649111;34.2;30.1;350770;BRAUNA;796.6;933.5;3557.2;963.0;5316.8;3536;RRAS19;3502;DRS-02 Aracatuba;35023;Consorcios do DRS II;81;11;12;55;14;75;6;5;10;1;11;1;50;5;14;0;5;31–60 min;0.15;0.18;8.57862689760033;0.07;304.69;276.17;290.76;0.1358;0.1728;22.57;28.0;21.0;33.0;0.3457;0.2593;0.4074;0
6;6;0;0;ARACATUBA;BURITAMA;BREJO ALEGRE;TODOS;-21.1671191;-50.1850393;-21.0613906;-50.1468206;18.1;22.3;350775;BREJO ALEGRE;373.4;451.5;1840.4;422.4;2636.2;3536;RRAS19;3502;DRS-02 Aracatuba;35023;Consorcios do DRS II;51;5;5;33;13;48;3;3;2;3;2;3;33;0;13;0;11;≤30 min;0.14;0.16;7.8770937652783655;0.06;386.92;267.81;615.53;0.098;0.2549;22.76;1.0;1.0;0.0;0.0196;0.0196;0.0;0
7;7;0;0;ARACATUBA;BIRIGUI;COROADOS;TODOS;-21.3554634;-50.2853589;-21.2811966803355;-50.3352021152299;11.3;14.6;351250;COROADOS;840.8;990.25;3797.2;868.0;5506.0;3536;RRAS19;3502;DRS-02 Aracatuba;35023;Consorcios do DRS II;81;4;5;58;17;73;8;6;3;1;4;1;53;5;16;1;3;≤30 min;0.15;0.16;8.613593685702552;0.1;294.22;95.15;391.71;0.0494;0.2099;29.06;2.0;18.0;6.0;0.0247;0.2222;0.0741;0
8;8;0;0;ARACATUBA;CLEMENTINA;GABRIEL MONTEIRO;TODOS;-21.5299436;-50.5533059;-21.5566976258936;-50.4465331675452;13.2;19.6;351650;GABRIEL MONTEIRO;354.4;420.25;1884.2;571.2;2809.8;3536;RRAS19;3502;DRS-02 Aracatuba;35023;Consorcios do DRS II;10;0;0;7;3;8;2;2;0;0;0;0;5;2;3;0;0;≤30 min;0.13;0.2;7.940868585417551;0.2;71.18;0.0;105.04;0.0;0.3;14.24;1.0;0.0;0.0;0.1;0.0;0.0;0
9;9;0;0;ARACATUBA;PENAPOLIS;GLICERIO;TODOS;-21.3814805;-50.2100452;-21.4164035;-50.0649111;25.6;22.2;351710;GLICERIO;660.0;789.5;3003.2;794.4;4457.6;3536;RRAS19;3502;DRS-02 Aracatuba;35023;Consorcios do DRS II;88;9;10;54;25;83;5;3;9;0;10;0;52;2;22;3;9;≤30 min;0.15;0.18;8.402365783585486;0.06;394.83;272.73;629.41;0.1023;0.2841;22.43;2.0;3.0;9.0;0.0227;0.0341;0.1023;0
10;10;0;0;ARACATUBA;AURIFLAMA;GUZOLANDIA;TODOS;-20.6491637;-50.6622974;-20.685037022635;-50.554985601498;14.2;14.9;351890;GUZOLANDIA;696.8;845.75;3185.6;744.6;4627.0;3536;RRAS19;3502;DRS-02 Aracatuba;35021;Central do DRS II;55;2;3;44;8;52;3;2;2;0;3;0;42;2;7;1;4;≤30 min;0.15;0.16;8.439663988907;0.05;237.74;57.41;214.88;0.0364;0.1455;12.97;0.0;0.0;1.0;0.0;0.0;0.0182;0
11;11;0;0;ARACATUBA;ILHA SOLTEIRA;ITAPURA;TODOS;-20.6435211;-51.5084479;-20.4319045;-51.3392496;33.9;29.9;352300;ITAPURA;640.0;771.25;2940.8;692.6;4273.4;3536;RRAS19;3502;DRS-02 Aracatuba;35022;Lagos do DRS II;39;4;5;27;7;36;3;2;3;1;4;1;25;2;7;0;13;≤30 min;0.15;0.16;8.360165042308887;0.08;182.52;125.0;202.14;0.1026;0.1795;14.04;0.0;0.0;0.0;0.0;0.0;0.0;0
12;12;0;0;ARACATUBA;MIRANDOPOLIS;LAVINIA;TODOS;-21.1665477;-51.0410539;-21.124914;-51.1033197;9.1;10.6;352650;LAVINIA;645.4;766.25;7894.2;997.2;9536.8;3536;RRAS19;3502;DRS-02 Aracatuba;35022;Lagos do DRS II;185;11;13;113;59;179;6;3;9;2;11;2;111;2;57;2;12;≤30 min;0.07;0.1;9.162913278403792;0.03;387.97;340.87;1183.31;0.0595;0.3189;12.58;7.0;4.0;107.0;0.0378;0.0216;0.5784;0
13;13;0;0;ARACATUBA;BURITAMA;LOURDES;TODOS;-20.9672545;-50.224966;-21.0613906;-50.1468206;14.2;16.5;352725;LOURDES;261.8;314.0;1379.8;434.2;2075.8;3536;RRAS19;3502;DRS-02 Aracatuba;35023;Consorcios do DRS II;3;0;0;2;1;3;0;0;0;0;0;0;2;0;1;0;0;≤30 min;0.13;0.21;7.638101900531189;0.0;28.9;0.0;46.06;0.0;0.3333;0.0;0.0;0.0;0.0;0.0;0.0;0.0;1
14;14;0;0;ARACATUBA;PENAPOLIS;LUIZIANIA;TODOS;-21.6763356;-50.3269863;-21.4164035;-50.0649111;43.1;47.5;352770;LUIZIANIA;769.8;910.25;3436.4;765.8;4972.0;3536;RRAS19;3502;DRS-02 Aracatuba;35023;Consorcios do DRS II;133;9;13;91;32;101;32;32;5;4;8;5;69;22;26;6;0;31–60 min;0.15;0.15;8.511577452630602;0.24;535.0;233.83;835.73;0.0677;0.2406;128.72;3.0;8.0;5.0;0.0226;0.0602;0.0376;0
15;15;0;0;ARACATUBA;MIRANDOPOLIS;MURUTINGA DO SUL;TODOS;-20.9913722;-51.2782237;-21.124914;-51.1033197;34.3;28.7;353210;MURUTINGA DO SUL;455.8;555.25;2684.8;904.0;4044.6;3536;RRAS19;3502;DRS-02 Aracatuba;35022;Lagos do DRS II;210;10;12;142;55;200;10;6;9;1;11;1;137;5;51;4;17;≤30 min;0.11;0.22;8.305137937087448;0.05;1038.42;438.79;1216.81;0.0476;0.2619;49.45;16.0;23.0;51.0;0.0762;0.1095;0.2429;0
16;16;0;0;ARACATUBA;AURIFLAMA;NOVA CASTILHO;TODOS;-20.7638386;-50.3427479;-20.685037022635;-50.554985601498;28.5;35.8;353286;NOVA CASTILHO;174.8;212.0;753.6;185.2;1113.6;3536;RRAS19;3502;DRS-02 Aracatuba;35021;Central do DRS II;30;10;10;17;3;23;7;6;4;6;4;6;16;1;3;0;15;31–60 min;0.16;0.17;7.015353289580155;0.23;538.79;1144.16;323.97;0.3333;0.1;125.72;0.0;1.0;0.0;0.0;0.0333;0.0;0
17;17;0;0;ARACATUBA;ANDRADINA;NOVA INDEPENDENCIA;TODOS;-21.1066536;-51.4910804;-20.8966796;-51.3766594;32.8;28.1;353320;NOVA INDEPENDENCIA;632.6;736.0;2823.8;442.6;3899.0;3536;RRAS19;3502;DRS-02 Aracatuba;35022;Lagos do DRS II;144;11;18;107;23;141;3;3;8;3;15;3;107;0;23;0;9;≤30 min;0.16;0.11;8.268475388982598;0.02;738.65;347.77;1039.31;0.0764;0.1597;15.39;1.0;0.0;3.0;0.0069;0.0;0.0208;0
18;18;0;0;ARACATUBA;SANTO ANTONIO DO ARACANGUA;NOVA LUZITANIA;TODOS;-20.8558333;-50.2619444;-20.9320571;-50.4952908;33.1;38.0;353330;NOVA LUZITANIA;462.4;566.0;2214.6;520.6;3197.6;3536;RRAS19;3502;DRS-02 Aracatuba;35021;Central do DRS II;27;4;5;16;7;26;1;1;4;0;5;0;15;1;7;0;0;31–60 min;0.14;0.16;8.070155807397114;0.04;168.88;173.01;268.92;0.1481;0.2593;6.25;1.0;3.0;4.0;0.037;0.1111;0.1481;0
19;19;0;0;ARACATUBA;CLEMENTINA;PIACATU;TODOS;-21.5901744;-50.5972241;-21.5566976258936;-50.4465331675452;24.7;24.6;353770;PIACATU;790.0;937.0;3828.8;972.0;5590.8;3536;RRAS19;3502;DRS-02 Aracatuba;35023;Consorcios do DRS II;106;3;5;68;32;101;5;4;3;0;5;0;66;2;29;3;2;≤30 min;0.14;0.17;8.628877668610752;0.05;379.19;75.95;658.44;0.0283;0.3019;17.89;31.0;0.0;8.0;0.2925;0.0;0.0755;0
20;20;0;0;ARACATUBA;GUARARAPES;RUBIACEA;TODOS;-21.2996334;-50.7298698;-21.2558419;-50.6382621;14.1;15.8;354440;RUBIACEA;455.6;538.25;1949.0;369.6;2774.2;3536;RRAS19;3502;DRS-02 Aracatuba;35021;Central do DRS II;20;2;2;12;6;18;2;2;1;1;1;1;12;0;5;1;4;≤30 min;0.16;0.13;7.928117696329189;0.1;144.19;87.8;324.68;0.1;0.3;14.42;1.0;0.0;0.0;0.05;0.0;0.0;0
21;21;0;0;ARACATUBA;CLEMENTINA;SANTOPOLIS DO AGUAPEI;TODOS;-21.6379556;-50.5008527;-21.5566976258936;-50.4465331675452;12.0;11.9;354840;SANTOPOLIS DO AGUAPEI;682.0;811.5;2925.2;591.6;4198.8;3536;RRAS19;3502;DRS-02 Aracatuba;35023;Consorcios do DRS II;14;3;3;10;1;14;0;0;3;0;3;0;10;0;1;0;0;≤30 min;0.16;0.14;8.342554049161643;0.0;66.69;87.98;33.81;0.2143;0.0714;0.0;3.0;1.0;2.0;0.2143;0.0714;0.1429;0
22;22;0;0;ARACATUBA;PEREIRA BARRETO;SUD MENNUCCI;TODOS;-20.6906175;-50.9240834;-20.6505909;-51.1136886;29.7;27.0;355230;SUD MENNUCCI;1110.4;1328.5;5313.6;1158.8;7582.8;3536;RRAS19;3502;DRS-02 Aracatuba;35022;Lagos do DRS II;261;22;24;185;50;250;11;9;16;6;18;6;182;3;48;2;16;≤30 min;0.15;0.15;8.933637803567409;0.04;688.4;396.25;862.96;0.0843;0.1916;29.01;1.0;1.0;3.0;0.0038;0.0038;0.0115;0
23;23;0;0;ARACATUBA;PEREIRA BARRETO;SUZANAPOLIS;TODOS;-20.5011185;-51.0246771;-20.6505909;-51.1136886;27.9;26.9;355255;SUZANAPOLIS;511.2;617.0;2417.0;567.0;3495.2;3536;RRAS19;3502;DRS-02 Aracatuba;35022;Lagos do DRS II;79;4;7;56;19;69;10;3;1;3;4;3;52;4;16;3;14;≤30 min;0.15;0.16;8.159145877637226;0.13;452.05;156.49;670.19;0.0506;0.2405;57.22;1.0;7.0;5.0;0.0127;0.0886;0.0633;0
24;24;0;0;ARACATUBA;BURITAMA;TURIUBA;TODOS;-20.9491284;-50.1082011;-21.0613906;-50.1468206;19.1;20.8;355520;TURIUBA;244.0;288.5;1215.6;452.4;1912.0;3536;RRAS19;3502;DRS-02 Aracatuba;35023;Consorcios do DRS II;25;1;1;13;9;23;2;0;1;0;1;0;12;1;9;0;0;≤30 min;0.13;0.24;7.555905093611346;0.08;261.51;81.97;397.88;0.04;0.36;20.92;0.0;1.0;1.0;0.0;0.04;0.04;0
25;25;0;0;ARARAQUARA;ARARAQUARA;AMERICO BRASILIENSE;TODOS;-21.7297099;-48.1052092;-21.8050425399424;-48.1712910931619;13.3;16.5;350170;AMERICO BRASILIENSE;5688.0;6799.25;25816.6;3751.4;35256.0;3535;RRAS18;3503;DRS-03 Araraquara;35031;Central do DRS III;95;10;13;77;8;85;10;7;5;5;8;5;73;4;7;1;3;≤30 min;0.16;0.11;10.470391006521822;0.11;53.89;35.16;42.65;0.1053;0.0842;5.67;11.0;24.0;10.0;0.1158;0.2526;0.1053;0
26;26;0;0;ARARAQUARA;ARARAQUARA;BOA ESPERANCA DO SUL;TODOS;-21.9930206;-48.3917372;-21.8050425399424;-48.1712910931619;33.5;28.5;350670;BOA ESPERANCA DO SUL;2276.0;2702.0;9594.8;1806.4;13677.2;3535;RRAS18;3503;DRS-03 Araraquara;35031;Central do DRS III;201;17;24;149;34;184;17;12;14;3;21;3;136;13;33;1;14;≤30 min;0.17;0.13;9.523485491864493;0.08;293.92;149.38;376.44;0.0846;0.1692;24.86;13.0;44.0;10.0;0.0647;0.2189;0.0498;0
27;27;0;0;ARARAQUARA;IBITINGA;BORBOREMA;TODOS;-21.6212706;-49.074135;-21.7546344;-48.8285504;33.9;33.5;350740;BORBOREMA;1971.2;2379.0;10216.2;2645.2;14832.6;3535;RRAS18;3503;DRS-03 Araraquara;35033;Noroeste do DRS III;273;13;13;195;62;258;15;15;10;3;10;3;185;10;60;2;6;31–60 min;0.13;0.18;9.604582740061867;0.05;368.11;131.9;468.77;0.0476;0.2271;20.23;5.0;19.0;7.0;0.0183;0.0696;0.0256;0
28;28;0;0;ARARAQUARA;TAQUARITINGA;CANDIDO RODRIGUES;TODOS;-21.3255615;-48.6308798;-21.3992546;-48.4983519;21.5;25.2;351010;CANDIDO RODRIGUES;325.6;391.5;1931.4;600.8;2857.8;3535;RRAS18;3503;DRS-03 Araraquara;35033;Noroeste do DRS III;38;1;1;22;15;38;0;0;1;0;1;0;22;0;15;0;0;≤30 min;0.11;0.21;7.95780737703487;0.0;265.94;61.43;499.33;0.0263;0.3947;0.0;3.0;1.0;18.0;0.0789;0.0263;0.4737;0
29;29;0;0;ARARAQUARA;PORTO FERREIRA;DESCALVADO;TODOS;-21.8797111;-47.6507427;-21.8541327621355;-47.4814999718037;22.1;26.9;351370;DESCALVADO;4403.8;5239.0;22857.8;5443.8;32705.4;3535;RRAS18;3503;DRS-03 Araraquara;35032;Coracao do DRS III;63;6;7;49;8;59;4;4;6;0;7;0;45;4;8;0;0;≤30 min;0.13;0.17;10.39529548086631;0.06;38.53;27.25;29.39;0.0952;0.127;2.45;11.0;15.0;2.0;0.1746;0.2381;0.0317;0
30;30;0;0;ARARAQUARA;MATAO;DOBRADA;TODOS;-21.5180904;-48.3938897;-21.6102194;-48.3564817;13.0;15.6;351400;DOBRADA;1560.6;1843.75;6205.2;930.8;8696.6;3535;RRAS18;3503;DRS-03 Araraquara;35033;Noroeste do DRS III;50;6;7;39;4;48;2;2;5;1;6;1;38;1;4;0;7;≤30 min;0.18;0.11;9.070687423660956;0.04;114.99;76.89;85.95;0.12;0.08;4.6;1.0;2.0;2.0;0.02;0.04;0.04;0
31;31;0;0;ARARAQUARA;SAO CARLOS;DOURADO;TODOS;-22.116287;-48.3174349;-22.0112277;-47.9010162;50.2;54.1;351430;DOURADO;1090.2;1316.25;5949.6;1562.2;8602.0;3535;RRAS18;3503;DRS-03 Araraquara;35032;Coracao do DRS III;81;6;6;58;16;75;6;5;6;0;6;0;53;5;16;0;2;31–60 min;0.13;0.18;9.059750013343681;0.07;188.33;110.07;204.84;0.0741;0.1975;13.95;1.0;10.0;2.0;0.0123;0.1235;0.0247;0
32;32;0;0;ARARAQUARA;ARARAQUARA;GAVIAO PEIXOTO;TODOS;-21.8377536;-48.492853;-21.8050425399424;-48.1712910931619;38.1;37.2;351685;GAVIAO PEIXOTO;774.0;913.5;3314.8;574.0;4662.8;3535;RRAS18;3503;DRS-03 Araraquara;35031;Central do DRS III;47;7;7;31;8;45;2;2;6;1;6;1;30;1;8;0;5;31–60 min;0.17;0.12;8.447371405045677;0.04;201.6;180.88;278.75;0.1489;0.1702;8.58;1.0;8.0;1.0;0.0213;0.1702;0.0213;0
33;33;0;0;ARARAQUARA;SAO CARLOS;IBATE;TODOS;-21.9562015;-48.0007848;-22.0112277;-47.9010162;15.7;16.1;351930;IBATE;5478.0;6500.5;23755.0;3565.0;32798.0;3535;RRAS18;3503;DRS-03 Araraquara;35032;Coracao do DRS III;53;5;5;44;4;53;0;0;5;0;5;0;44;0;4;0;0;≤30 min;0.17;0.11;10.39812281690339;0.0;32.32;18.25;22.44;0.0943;0.0755;0.0;2.0;1.0;2.0;0.0377;0.0189;0.0377;0
34;34;0;0;ARARAQUARA;IBITINGA;ITAPOLIS;TODOS;-21.5958368;-48.8122696;-21.7546344;-48.8285504;23.0;27.1;352270;ITAPOLIS;5390.6;6451.0;28808.0;7005.4;41204.0;3535;RRAS18;3503;DRS-03 Araraquara;35033;Noroeste do DRS III;1084;87;109;746;230;1059;25;23;75;12;97;12;735;11;228;2;24;≤30 min;0.13;0.17;10.626290618003583;0.02;526.16;322.78;656.64;0.0803;0.2122;12.13;3.0;3.0;3.0;0.0028;0.0028;0.0028;0
35;35;0;0;ARARAQUARA;ARARAQUARA;MOTUCA;TODOS;-21.5095864;-48.1503832;-21.8050425399424;-48.1712910931619;41.8;48.1;353205;MOTUCA;650.2;780.5;3020.0;613.0;4283.2;3535;RRAS18;3503;DRS-03 Araraquara;35031;Central do DRS III;31;2;2;21;7;29;2;1;2;0;2;0;20;1;6;1;2;31–60 min;0.15;0.14;8.362455672766089;0.06;144.75;61.52;228.38;0.0645;0.2258;9.34;1.0;1.0;2.0;0.0323;0.0323;0.0645;0
36;36;0;0;ARARAQUARA;IBITINGA;NOVA EUROPA;TODOS;-21.7808203;-48.5661712;-21.7546344;-48.8285504;34.5;36.3;353290;NOVA EUROPA;1595.8;1902.0;6754.8;1283.4;9634.0;3535;RRAS18;3503;DRS-03 Araraquara;35033;Noroeste do DRS III;61;8;8;42;9;54;7;5;7;1;7;1;39;3;6;3;3;31–60 min;0.17;0.13;9.173053787190167;0.11;126.63;100.26;140.25;0.1311;0.1475;14.53;4.0;6.0;6.0;0.0656;0.0984;0.0984;0
37;37;0;0;ARARAQUARA;SAO CARLOS;RIBEIRAO BONITO;TODOS;-22.0692867;-48.1781765;-22.0112277;-47.9010162;37.0;42.3;354290;RIBEIRAO BONITO;1922.2;2302.25;8237.6;1782.2;11942.0;3535;RRAS18;3503;DRS-03 Araraquara;35032;Coracao do DRS III;51;11;12;34;6;44;7;4;10;1;11;1;28;6;6;0;8;31–60 min;0.16;0.15;9.387816877106937;0.14;85.41;114.45;67.33;0.2157;0.1176;11.72;1.0;8.0;3.0;0.0196;0.1569;0.0588;0
38;38;0;0;ARARAQUARA;ARARAQUARA;RINCAO;TODOS;-21.5881095;-48.0724258;-21.8050425399424;-48.1712910931619;34.4;38.3;354370;RINCAO;1562.2;1884.25;6973.6;1490.4;10026.2;3535;RRAS18;3503;DRS-03 Araraquara;35031;Central do DRS III;96;15;17;68;12;89;7;3;11;4;13;4;65;3;12;0;7;31–60 min;0.16;0.15;9.212956945759338;0.07;191.5;192.04;161.03;0.1562;0.125;13.96;11.0;16.0;16.0;0.1146;0.1667;0.1667;0
39;39;0;0;ARARAQUARA;TAQUARITINGA;SANTA ERNESTINA;TODOS;-21.4634463;-48.3912139;-21.3992546;-48.4983519;17.1;21.3;354650;SANTA ERNESTINA;927.4;1103.75;4365.2;700.8;5993.4;3535;RRAS18;3503;DRS-03 Araraquara;35033;Noroeste do DRS III;44;5;5;24;14;42;2;2;3;2;3;2;24;0;14;0;9;≤30 min;0.15;0.12;8.69841414276616;0.05;146.83;107.83;399.54;0.1136;0.3182;6.67;0.0;1.0;1.0;0.0;0.0227;0.0227;0
40;40;0;0;ARARAQUARA;ARARAQUARA;SANTA LUCIA;TODOS;-21.6861811;-48.0836814;-21.8050425399424;-48.1712910931619;19.5;23.7;354690;SANTA LUCIA;1244.4;1487.0;5658.4;1024.0;7926.8;3535;RRAS18;3503;DRS-03 Araraquara;35031;Central do DRS III;56;6;7;39;9;52;4;3;6;0;7;0;37;2;8;1;3;≤30 min;0.16;0.13;8.978004702293058;0.07;141.29;96.43;175.78;0.1071;0.1607;10.09;11.0;13.0;4.0;0.1964;0.2321;0.0714;0
41;41;0;0;ARARAQUARA;IBITINGA;TABATINGA;TODOS;-21.7373768;-48.6880522;-21.7546344;-48.8285504;20.5;22.7;355270;TABATINGA;2332.4;2757.75;10565.0;2164.8;15062.2;3535;RRAS18;3503;DRS-03 Araraquara;35033;Noroeste do DRS III;42;5;6;31;6;40;2;0;4;1;5;1;30;1;6;0;0;≤30 min;0.15;0.14;9.619943573022216;0.05;55.77;42.87;55.43;0.119;0.1429;2.66;16.0;23.0;2.0;0.381;0.5476;0.0476;0
42;42;0;0;ARARAQUARA;ARARAQUARA;TRABIJU;TODOS;-22.0410733;-48.3350302;-21.8050425399424;-48.1712910931619;40.2;34.5;355475;TRABIJU;267.0;321.0;1165.6;233.6;1666.2;3535;RRAS18;3503;DRS-03 Araraquara;35031;Central do DRS III;32;6;6;25;1;26;6;3;3;3;3;3;22;3;1;0;16;31–60 min;0.16;0.14;7.418300863540809;0.19;384.11;449.44;85.62;0.1875;0.0312;72.02;1.0;5.0;0.0;0.0312;0.1562;0.0;0
43;43;0;0;ASSIS;SANTA CRUZ DO RIO PARDO;BERNARDINO DE CAMPOS;TODOS;-23.0140216;-49.4760724;-22.901501866441;-49.6271577260513;22.7;25.8;350630;BERNARDINO DE CAMPOS;1541.0;1827.0;7826.0;2074.2;11441.2;3533;RRAS10;3509;DRS-09 Marilia;35094;Ourinhos;139;8;10;102;25;132;7;6;7;1;9;1;97;5;24;1;2;≤30 min;0.13;0.18;9.344976154537576;0.05;242.98;103.83;241.06;0.0576;0.1799;12.24;1.0;1.0;1.0;0.0072;0.0072;0.0072;0
44;44;0;0;ASSIS;PARAGUACU PAULISTA;BORA;TODOS;-22.2703347;-50.5442675;-22.414331;-50.579357;19.0;22.5;350720;BORA;125.2;145.75;598.4;130.4;854.0;3533;RRAS10;3509;DRS-09 Marilia;35092;Assis;3;0;0;3;0;3;0;0;0;0;0;0;3;0;0;0;0;≤30 min;0.15;0.15;6.74993119378857;0.0;70.26;0.0;0.0;0.0;0.0;0.0;0.0;0.0;1.0;0.0;0.0;0.3333;1
45;45;0;0;ASSIS;ASSIS;CANDIDO MOTA;TODOS;-22.7434964;-50.38924;-22.6475712;-50.4055842;12.7;13.3;351000;CANDIDO MOTA;4397.8;5250.0;21248.0;5177.8;30823.6;3533;RRAS10;3509;DRS-09 Marilia;35092;Assis;29;5;6;20;4;23;6;5;1;4;1;5;18;2;4;0;10;≤30 min;0.14;0.17;10.336035909320676;0.21;18.82;22.74;15.45;0.1724;0.1379;3.89;0.0;0.0;0.0;0.0;0.0;0.0;0
46;46;0;0;ASSIS;OURINHOS;CANITAR;TODOS;-23.0066616;-49.7840632;-22.983918;-49.8691021;10.5;12.1;351015;CANITAR;1050.8;1231.0;3828.6;541.0;5420.4;3533;RRAS10;3509;DRS-09 Marilia;35094;Ourinhos;57;7;7;43;7;54;3;3;7;0;7;0;40;3;7;0;0;≤30 min;0.19;0.1;8.597924892448559;0.05;210.32;133.23;258.78;0.1228;0.1228;11.07;1.0;1.0;3.0;0.0175;0.0175;0.0526;0
47;47;0;0;ASSIS;OURINHOS;CHAVANTES;TODOS;-23.0406405;-49.7071698;-22.983918;-49.8691021;19.5;19.1;355720;CHAVANTES;1976.8;2350.0;8583.6;1986.8;12547.2;3533;RRAS10;3509;DRS-09 Marilia;35094;Ourinhos;19;3;3;11;5;17;2;2;1;2;1;2;11;0;5;0;5;≤30 min;0.16;0.16;9.437252812098013;0.11;30.29;30.35;50.33;0.1579;0.2632;3.19;0.0;0.0;0.0;0.0;0.0;0.0;0
48;48;0;0;ASSIS;ASSIS;CRUZALIA;TODOS;-22.7434438;-50.7911037;-22.6475712;-50.4055842;47.6;42.1;351330;CRUZALIA;275.4;330.0;1535.8;423.0;2234.2;3533;RRAS10;3509;DRS-09 Marilia;35092;Assis;5;0;0;3;2;5;0;0;0;0;0;0;3;0;2;0;0;31–60 min;0.12;0.19;7.711638501136748;0.0;44.76;0.0;94.56;0.0;0.4;0.0;1.0;1.0;0.0;0.2;0.2;0.0;1
49;49;0;0;ASSIS;SANTA CRUZ DO RIO PARDO;ESPIRITO SANTO DO TURVO;TODOS;-22.6939723;-49.4295067;-22.901501866441;-49.6271577260513;31.3;25.8;351519;ESPIRITO SANTO DO TURVO;764.2;907.75;3031.4;498.4;4294.0;3533;RRAS10;3509;DRS-09 Marilia;35094;Ourinhos;13;4;4;7;1;11;2;2;2;2;2;2;7;0;1;0;5;≤30 min;0.18;0.12;8.364973978438726;0.15;60.55;104.68;40.13;0.3077;0.0769;9.32;0.0;0.0;1.0;0.0;0.0;0.0769;0
50;50;0;0;ASSIS;ASSIS;FLORINEA;TODOS;-22.9016004;-50.7268005;-22.6475712;-50.4055842;49.6;40.1;351610;FLORINEA;399.6;476.5;2469.6;504.2;3373.4;3533;RRAS10;3509;DRS-09 Marilia;35092;Assis;7;1;1;6;0;6;1;1;1;0;1;0;5;1;0;0;0;31–60 min;0.12;0.15;8.123676416823914;0.14;41.5;50.05;0.0;0.1429;0.0;5.93;0.0;0.0;2.0;0.0;0.0;0.2857;1
51;51;0;0;ASSIS;OURINHOS;IBIRAREMA;TODOS;-22.8131812;-50.0720477;-22.983918;-49.8691021;31.6;28.3;351950;IBIRAREMA;1009.0;1215.5;4629.0;1105.4;6743.4;3533;RRAS10;3509;DRS-09 Marilia;35094;Ourinhos;9;1;1;8;0;8;1;1;1;0;1;0;7;1;0;0;0;≤30 min;0.15;0.16;8.816319527752276;0.11;26.69;19.82;0.0;0.1111;0.0;2.97;4.0;5.0;1.0;0.4444;0.5556;0.1111;1
52;52;0;0;ASSIS;SANTA CRUZ DO RIO PARDO;IPAUSSU;TODOS;-23.0544285;-49.6264306;-22.901501866441;-49.6271577260513;18.5;20.1;352090;IPAUSSU;2324.6;2775.25;9720.8;2100.8;14146.2;3533;RRAS10;3509;DRS-09 Marilia;35094;Ourinhos;39;4;4;26;8;35;4;3;4;0;4;0;24;2;6;2;2;≤30 min;0.16;0.15;9.557201315768294;0.1;55.14;34.41;76.16;0.1026;0.2051;5.66;0.0;0.0;0.0;0.0;0.0;0.0;0
53;53;0;0;ASSIS;PARAGUACU PAULISTA;LUTECIA;TODOS;-22.338378;-50.394007;-22.414331;-50.579357;23.3;25.1;352790;LUTECIA;403.4;480.25;1872.0;474.0;2749.4;3533;RRAS10;3509;DRS-09 Marilia;35092;Assis;13;1;1;11;0;11;2;2;1;0;1;0;9;2;0;0;0;≤30 min;0.15;0.17;7.919137985037319;0.15;94.57;49.58;0.0;0.0769;0.0;14.55;2.0;3.0;6.0;0.1538;0.2308;0.4615;0
54;54;0;0;ASSIS;PARAGUACU PAULISTA;MARACAI;TODOS;-22.6112679;-50.6670685;-22.414331;-50.579357;28.3;32.6;352880;MARACAI;1920.4;2297.0;9352.2;2066.4;13339.0;3533;RRAS10;3509;DRS-09 Marilia;35092;Assis;28;2;2;21;3;27;1;1;2;0;2;0;20;1;3;0;1;31–60 min;0.14;0.15;9.498447354141044;0.04;41.98;20.83;29.04;0.0714;0.1071;1.5;0.0;6.0;1.0;0.0;0.2143;0.0357;0
55;55;0;0;ASSIS;SANTA CRUZ DO RIO PARDO;OLEO;TODOS;-22.9422754;-49.3408082;-22.901501866441;-49.6271577260513;44.1;49.1;353380;OLEO;357.8;431.75;1750.0;545.8;2653.6;3533;RRAS10;3509;DRS-09 Marilia;35094;Ourinhos;22;1;3;15;5;19;3;3;0;1;2;1;13;2;5;0;5;31–60 min;0.13;0.21;7.883672487632842;0.14;165.81;55.9;183.22;0.0455;0.2273;22.61;0.0;0.0;0.0;0.0;0.0;0.0;0
56;56;0;0;ASSIS;ASSIS;PALMITAL;TODOS;-22.786384;-50.2198965;-22.6475712;-50.4055842;29.9;27.4;353530;PALMITAL;2776.6;3357.5;14087.0;4109.4;20973.0;3533;RRAS10;3509;DRS-09 Marilia;35092;Assis;50;1;1;37;12;49;1;0;1;0;1;0;36;1;12;0;0;≤30 min;0.13;0.2;9.950991175180095;0.02;47.68;7.2;58.4;0.02;0.24;0.95;0.0;16.0;0.0;0.0;0.32;0.0;0
57;57;0;0;ASSIS;ASSIS;PEDRINHAS PAULISTA;TODOS;-22.815725;-50.792359;-22.6475712;-50.4055842;50.3;41.7;353715;PEDRINHAS PAULISTA;367.6;444.75;2051.4;515.8;2934.8;3533;RRAS10;3509;DRS-09 Marilia;35092;Assis;2;1;1;1;0;2;0;0;1;0;1;0;1;0;0;0;0;31–60 min;0.13;0.18;7.984394586839839;0.0;13.63;54.41;0.0;0.5;0.0;0.0;0.0;0.0;1.0;0.0;0.0;0.5;1
58;58;0;0;ASSIS;ASSIS;PLATINA;TODOS;-22.6328334;-50.2049642;-22.6475712;-50.4055842;22.0;24.0;353970;PLATINA;524.4;624.5;2149.4;506.4;3180.2;3533;RRAS10;3509;DRS-09 Marilia;35092;Assis;6;0;0;4;2;5;1;1;0;0;0;0;3;1;2;0;2;≤30 min;0.16;0.16;8.064699366878296;0.17;37.73;0.0;78.99;0.0;0.3333;6.29;0.0;0.0;0.0;0.0;0.0;0.0;1
59;59;0;0;ASSIS;OURINHOS;RIBEIRAO DO SUL;TODOS;-22.7861813;-49.9285258;-22.983918;-49.8691021;29.0;28.9;354320;RIBEIRAO DO SUL;637.2;761.25;3170.4;876.8;4684.4;3533;RRAS10;3509;DRS-09 Marilia;35094;Ourinhos;21;0;0;17;4;21;0;0;0;0;0;0;17;0;4;0;0;≤30 min;0.14;0.19;8.451993118167982;0.0;89.66;0.0;91.24;0.0;0.1905;0.0;0.0;0.0;0.0;0.0;0.0;0.0;0
60;60;0;0;ASSIS;OURINHOS;SALTO GRANDE;TODOS;-22.8878776;-49.9837107;-22.983918;-49.8691021;18.7;20.9;354540;SALTO GRANDE;1394.2;1667.75;6170.0;1621.8;9186.0;3533;RRAS10;3509;DRS-09 Marilia;35094;Ourinhos;21;1;1;16;3;17;4;3;1;0;1;0;13;3;2;1;0;≤30 min;0.15;0.18;9.12543586488574;0.19;45.72;14.35;37.0;0.0476;0.1429;8.71;1.0;2.0;3.0;0.0476;0.0952;0.1429;0
61;61;0;0;ASSIS;OURINHOS;SAO PEDRO DO TURVO;TODOS;-22.745286;-49.742829;-22.983918;-49.8691021;39.3;42.5;355050;SAO PEDRO DO TURVO;1176.6;1409.5;5039.6;1157.8;7374.0;3533;RRAS10;3509;DRS-09 Marilia;35094;Ourinhos;24;0;1;21;3;23;1;1;0;0;1;0;20;1;3;0;0;31–60 min;0.16;0.16;8.90571557879409;0.04;65.09;0.0;51.82;0.0;0.125;2.71;0.0;0.0;0.0;0.0;0.0;0.0;0
62;62;0;0;ASSIS;ASSIS;TARUMA;TODOS;-22.7474736;-50.5783374;-22.6475712;-50.4055842;23.5;19.0;355395;TARUMA;2472.6;2903.0;10194.2;1653.0;14319.8;3533;RRAS10;3509;DRS-09 Marilia;35092;Assis;6;0;0;5;1;5;1;1;0;0;0;0;4;1;1;0;0;≤30 min;0.17;0.12;9.569398473936657;0.17;8.38;0.0;12.1;0.0;0.1667;1.4;1.0;1.0;1.0;0.1667;0.1667;0.1667;1
63;63;0;0;ASSIS;OURINHOS;TIMBURI;TODOS;-23.2064076;-49.6045576;-22.983918;-49.8691021;62.9;57.5;355460;TIMBURI;372.4;448.5;1726.2;542.0;2640.6;3533;RRAS10;3509;DRS-09 Marilia;35094;Ourinhos;10;1;1;7;2;9;1;1;1;0;1;0;6;1;2;0;0;31–60 min;0.14;0.21;7.878761443045101;0.1;75.74;53.71;73.8;0.1;0.2;7.57;0.0;0.0;0.0;0.0;0.0;0.0;0
64;64;0;0;BARRETOS;OLIMPIA;ALTAIR;TODOS;-20.5238955;-49.0606135;-20.7391605987288;-48.9064223670385;36.9;36.3;350090;ALTAIR;615.4;732.75;2617.0;506.6;3739.0;3530;RRAS13;3505;DRS-05 Barretos;35051;Norte – Barretos;119;16;19;87;13;100;19;15;9;7;12;7;79;8;10;3;30;31–60 min;0.16;0.14;8.226573474977114;0.16;636.53;519.99;513.23;0.1345;0.1092;101.63;28.0;28.0;41.0;0.2353;0.2353;0.3445;0
65;65;0;0;BARRETOS;OLIMPIA;CAJOBI;TODOS;-20.8776238;-48.8106972;-20.7391605987288;-48.9064223670385;28.7;27.1;350930;CAJOBI;1261.2;1526.25;6734.0;1681.2;9676.4;3530;RRAS13;3505;DRS-05 Barretos;35051;Norte – Barretos;270;17;24;187;65;261;9;9;15;2;22;2;182;5;63;2;17;≤30 min;0.13;0.17;9.177445210271914;0.03;558.06;269.58;773.26;0.063;0.2407;18.6;0.0;1.0;0.0;0.0;0.0037;0.0;0
66;66;0;0;BARRETOS;OLIMPIA;GUARACI;TODOS;-20.4976771;-48.9452074;-20.7391605987288;-48.9064223670385;32.9;34.7;351790;GUARACI;1651.2;1977.5;7286.8;1627.2;10565.2;3530;RRAS13;3505;DRS-05 Barretos;35051;Norte – Barretos;28;16;19;11;1;14;14;10;5;11;7;12;9;2;0;1;36;31–60 min;0.16;0.15;9.265320860301646;0.5;53.0;193.8;12.29;0.5714;0.0357;26.5;0.0;2.0;0.0;0.0;0.0714;0.0;0
67;67;0;0;BARRETOS;BARRETOS;JABORANDI;TODOS;-20.6921079;-48.4144076;-20.3255718;-48.3103505;74.0;57.6;352420;JABORANDI;948.8;1146.75;4636.0;1014.0;6598.8;3530;RRAS13;3505;DRS-05 Barretos;35051;Norte – Barretos;71;6;8;50;15;68;3;3;4;2;6;2;49;1;15;0;6;31–60 min;0.14;0.15;8.794643093301769;0.04;215.19;126.48;295.86;0.0845;0.2113;9.09;0.0;0.0;0.0;0.0;0.0;0.0;0
68;68;0;0;BARRETOS;BEBEDOURO;MONTE AZUL PAULISTA;TODOS;-20.90649;-48.638717;-20.944913;-48.4867109;18.6;17.9;353150;MONTE AZUL PAULISTA;2465.8;2973.5;13355.6;3228.4;19049.8;3530;RRAS13;3505;DRS-05 Barretos;35052;Sul – Barretos;324;21;25;231;68;309;15;11;15;6;19;6;224;7;66;2;43;≤30 min;0.13;0.17;9.854811881812072;0.05;340.16;170.33;421.26;0.0648;0.2099;15.75;7.0;16.0;43.0;0.0216;0.0494;0.1327;0
69;69;0;0;BARRETOS;OLIMPIA;SEVERINIA;TODOS;-20.810753;-48.80538;-20.7391605987288;-48.9064223670385;18.3;15.7;355190;SEVERINIA;2443.4;2918.25;11123.0;1918.2;15484.6;3530;RRAS13;3505;DRS-05 Barretos;35051;Norte – Barretos;343;46;55;244;50;334;9;8;41;5;49;6;240;4;50;0;32;≤30 min;0.16;0.12;9.647601260623876;0.03;443.02;376.52;521.32;0.1341;0.1458;11.62;6.0;2.0;3.0;0.0175;0.0058;0.0087;0
70;70;0;0;BARRETOS;BEBEDOURO;TAIACU;TODOS;-21.143144;-48.511203;-20.944913;-48.4867109;31.3;35.6;355310;TAIACU;816.4;983.25;4122.6;976.2;5915.2;3530;RRAS13;3505;DRS-05 Barretos;35052;Sul – Barretos;42;3;3;30;9;42;0;0;3;0;3;0;30;0;9;0;0;31–60 min;0.14;0.17;8.685280588182367;0.0;142.01;73.49;184.39;0.0714;0.2143;0.0;0.0;0.0;0.0;0.0;0.0;0.0;0
71;71;0;0;BARRETOS;BEBEDOURO;TAIUVA;TODOS;-21.1238184;-48.4512476;-20.944913;-48.4867109;23.8;27.0;355320;TAIUVA;710.6;844.25;4327.2;1096.6;6134.4;3530;RRAS13;3505;DRS-05 Barretos;35052;Sul – Barretos;139;9;11;87;41;137;2;2;9;0;11;0;85;2;41;0;0;≤30 min;0.12;0.18;8.721667552851326;0.01;453.18;253.31;747.77;0.0647;0.295;6.52;1.0;0.0;0.0;0.0072;0.0;0.0;0
72;72;0;0;BARRETOS;BEBEDOURO;TAQUARAL;TODOS;-21.07373;-48.412553;-20.944913;-48.4867109;19.9;19.1;355365;TAQUARAL;377.6;466.0;1919.2;453.2;2750.0;3530;RRAS13;3505;DRS-05 Barretos;35052;Sul – Barretos;23;1;1;20;1;22;1;0;0;1;0;1;20;0;1;0;3;≤30 min;0.14;0.16;7.919356190660617;0.04;167.27;52.97;44.13;0.0435;0.0435;7.27;0.0;0.0;0.0;0.0;0.0;0.0;0
73;73;0;0;BARRETOS;BEBEDOURO;TERRA ROXA;TODOS;-20.787015;-48.331442;-20.944913;-48.4867109;32.4;32.7;355440;TERRA ROXA;1251.4;1510.25;5882.0;1317.8;8451.2;3530;RRAS13;3505;DRS-05 Barretos;35052;Sul – Barretos;8;3;3;5;0;6;2;1;1;2;1;2;5;0;0;0;5;31–60 min;0.15;0.16;9.042063722102814;0.25;18.93;47.95;0.0;0.375;0.0;4.73;0.0;0.0;0.0;0.0;0.0;0.0;1
74;74;0;0;BARRETOS;BEBEDOURO;VIRADOURO;TODOS;-20.8726051;-48.2968122;-20.944913;-48.4867109;24.2;25.4;355680;VIRADOURO;2693.6;3206.75;12486.8;2646.0;17826.4;3530;RRAS13;3505;DRS-05 Barretos;35052;Sul – Barretos;158;21;27;106;30;145;13;9;13;8;18;9;103;3;28;2;20;≤30 min;0.15;0.15;9.788435783572758;0.08;177.27;155.93;226.76;0.1329;0.1899;14.59;0.0;0.0;0.0;0.0;0.0;0.0;0
75;75;0;0;BARRETOS;BEBEDOURO;VISTA ALEGRE DO ALTO;TODOS;-21.171293;-48.6299172;-20.944913;-48.4867109;42.2;37.7;355690;VISTA ALEGRE DO ALTO;1207.4;1407.25;5503.4;936.8;7647.6;3530;RRAS13;3505;DRS-05 Barretos;35052;Sul – Barretos;117;5;5;91;19;115;2;2;4;1;4;1;90;1;19;0;0;31–60 min;0.16;0.12;8.942147152108248;0.02;305.98;82.82;405.64;0.0427;0.1624;5.23;0.0;0.0;0.0;0.0;0.0;0.0;0
76;76;0;0;BAURU;PIRAJUI;BALBINOS;TODOS;-21.9006253;-49.3583966;-21.9993871;-49.4574733;19.9;18.4;350470;BALBINOS;203.2;241.75;3488.2;294.0;3985.4;3518;RRAS09;3506;DRS-06 Bauru;35062;Bauru;8;2;2;5;1;7;1;0;2;0;2;0;4;1;1;0;0;≤30 min;0.05;0.07;8.290392962598483;0.12;40.15;196.85;68.03;0.25;0.125;5.02;0.0;0.0;0.0;0.0;0.0;0.0;1
77;77;0;0;BAURU;JAU;BARIRI;TODOS;-22.0746355;-48.7394852;-22.293224;-48.5608001;34.7;33.6;350520;BARIRI;4680.0;5585.0;22423.4;5619.4;32722.8;3518;RRAS09;3506;DRS-06 Bauru;35064;Jau;156;14;17;101;38;140;16;13;3;11;5;12;96;5;38;0;44;31–60 min;0.14;0.17;10.395827361627516;0.1;95.35;59.83;135.25;0.0897;0.2436;9.78;2.0;1.0;0.0;0.0128;0.0064;0.0;0
78;78;0;0;BAURU;JAU;BARRA BONITA;TODOS;-22.490859;-48.558349;-22.293224;-48.5608001;25.3;23.3;350530;BARRA BONITA;4314.8;5204.5;25602.4;6226.4;36143.6;3518;RRAS09;3506;DRS-06 Bauru;35064;Jau;335;19;22;229;82;290;45;21;5;14;7;15;204;25;76;6;55;≤30 min;0.12;0.17;10.49525517180281;0.13;185.37;88.07;263.39;0.0567;0.2448;24.9;1.0;3.0;0.0;0.003;0.009;0.0;0
79;79;0;0;BAURU;JAU;BOCAINA;TODOS;-22.1421831;-48.522276;-22.293224;-48.5608001;20.4;19.6;350680;BOCAINA;1688.6;2016.25;8016.6;1690.4;11395.6;3518;RRAS09;3506;DRS-06 Bauru;35064;Jau;14;6;6;5;3;8;6;6;0;6;0;6;5;0;3;0;14;≤30 min;0.15;0.15;9.340982594966679;0.43;24.57;71.06;35.49;0.4286;0.2143;10.53;0.0;0.0;0.0;0.0;0.0;0.0;0
80;80;0;0;BAURU;JAU;BORACEIA;TODOS;-22.195355;-48.7801925;-22.293224;-48.5608001;43.3;38.9;350730;BORACEIA;770.6;905.75;3182.4;659.6;4612.6;3518;RRAS09;3506;DRS-06 Bauru;35064;Jau;6;0;0;5;1;5;1;1;0;0;0;0;4;1;1;0;2;31–60 min;0.17;0.14;8.436546968330573;0.17;26.02;0.0;30.32;0.0;0.1667;4.34;0.0;0.0;0.0;0.0;0.0;0.0;1
81;81;0;0;BAURU;LENCOIS PAULISTA;BOREBI;TODOS;-22.5700178;-48.9714871;-22.6003054;-48.7952479;25.2;23.5;350745;BOREBI;464.2;548.5;1784.6;320.8;2569.6;3518;RRAS09;3506;DRS-06 Bauru;35062;Bauru;17;3;4;14;0;16;1;1;3;0;4;0;13;1;0;0;0;≤30 min;0.18;0.12;7.851505523752443;0.06;132.32;129.25;0.0;0.1765;0.0;7.78;1.0;2.0;3.0;0.0588;0.1176;0.1765;0
82;82;0;0;BAURU;JAU;BROTAS;TODOS;-22.2840884;-48.1267265;-22.293224;-48.5608001;53.3;41.4;350790;BROTAS;3505.4;4186.75;16354.0;3593.8;23453.2;3518;RRAS09;3506;DRS-06 Bauru;35064;Jau;294;24;31;218;50;276;18;14;17;7;23;8;210;8;47;3;20;31–60 min;0.15;0.15;10.062762225118902;0.06;250.71;136.93;278.26;0.0816;0.1701;15.35;45.0;49.0;38.0;0.1531;0.1667;0.1293;0
83;83;0;0;BAURU;DUARTINA;CABRALIA PAULISTA;TODOS;-22.4562909;-49.3385645;-22.4188119;-49.4158972;11.6;13.0;350830;CABRALIA PAULISTA;686.2;828.0;3113.2;639.2;4438.6;3518;RRAS09;3506;DRS-06 Bauru;35062;Bauru;92;8;9;73;10;88;4;3;6;2;7;2;71;2;10;0;8;≤30 min;0.15;0.14;8.398094290388629;0.04;414.55;233.17;312.89;0.087;0.1087;18.02;0.0;1.0;0.0;0.0;0.0109;0.0;0
84;84;0;0;BAURU;LINS;CAFELANDIA;TODOS;-21.8054355;-49.6030627;-21.6721141;-49.7555107;25.0;20.1;350880;CAFELANDIA;2487.8;2958.75;11630.6;2914.4;17032.8;3518;RRAS09;3506;DRS-06 Bauru;35065;Lins;136;18;22;92;26;121;15;10;10;8;14;8;90;2;21;5;29;≤30 min;0.15;0.17;9.742896175878883;0.11;159.69;144.71;178.42;0.1324;0.1912;17.61;3.0;3.0;4.0;0.0221;0.0221;0.0294;0
85;85;0;0;BAURU;JAU;DOIS CORREGOS;TODOS;-22.3697554;-48.3845315;-22.293224;-48.5608001;30.1;28.0;351410;DOIS CORREGOS;4120.0;4896.25;17382.8;3924.0;25426.8;3518;RRAS09;3506;DRS-06 Bauru;35064;Jau;184;22;26;116;45;171;13;8;13;9;17;9;113;3;44;1;35;≤30 min;0.16;0.15;10.143559014870986;0.07;144.73;106.8;229.36;0.1196;0.2446;10.23;2.0;9.0;8.0;0.0109;0.0489;0.0435;0
86;86;0;0;BAURU;LINS;GETULINA;TODOS;-21.7988557;-49.9288096;-21.6721141;-49.7555107;23.7;21.6;351700;GETULINA;1350.0;1640.25;7782.2;1700.8;10833.0;3518;RRAS09;3506;DRS-06 Bauru;35065;Lins;170;8;11;117;44;160;10;10;6;2;9;2;112;5;41;3;8;≤30 min;0.12;0.16;9.290352309945568;0.06;313.86;118.52;517.4;0.0471;0.2588;18.46;6.0;12.0;4.0;0.0353;0.0706;0.0235;0
87;87;0;0;BAURU;LINS;GUAICARA;TODOS;-21.6213012;-49.7962941;-21.6721141;-49.7555107;10.9;9.8;351720;GUAICARA;1840.8;2177.0;7899.2;1525.8;11265.8;3518;RRAS09;3506;DRS-06 Bauru;35065;Lins;56;10;13;36;10;46;10;5;2;8;5;8;35;1;9;1;24;≤30 min;0.16;0.14;9.329526866767345;0.18;99.42;108.65;131.08;0.1786;0.1786;17.75;5.0;7.0;6.0;0.0893;0.125;0.1071;0
88;88;0;0;BAURU;JAU;IGARACU DO TIETE;TODOS;-22.5118084;-48.5578207;-22.293224;-48.5608001;28.2;25.8;352000;IGARACU DO TIETE;3525.6;4236.25;17331.2;3034.0;23890.8;3518;RRAS09;3506;DRS-06 Bauru;35064;Jau;186;21;21;124;35;165;21;14;11;10;11;10;119;5;29;6;36;≤30 min;0.15;0.13;10.081248726573751;0.11;155.71;119.13;230.72;0.1129;0.1882;17.58;6.0;2.0;1.0;0.0323;0.0108;0.0054;0
89;89;0;0;BAURU;JAU;ITAJU;TODOS;-21.9816841;-48.8046536;-22.293224;-48.5608001;47.0;43.4;352200;ITAJU;558.4;660.75;2372.4;592.2;3523.0;3518;RRAS09;3506;DRS-06 Bauru;35064;Jau;40;3;4;22;14;35;5;4;1;2;2;2;20;2;13;1;3;31–60 min;0.16;0.17;8.167068178341237;0.12;227.08;107.45;472.81;0.075;0.35;28.38;0.0;0.0;0.0;0.0;0.0;0.0;0
90;90;0;0;BAURU;JAU;ITAPUI;TODOS;-22.2346755;-48.7189744;-22.293224;-48.5608001;23.6;23.8;352290;ITAPUI;2213.8;2603.0;9197.2;1812.0;13223.0;3518;RRAS09;3506;DRS-06 Bauru;35064;Jau;51;2;3;36;12;49;2;2;0;2;1;2;36;0;12;0;7;≤30 min;0.17;0.14;9.489713016556824;0.04;77.14;18.07;132.45;0.0392;0.2353;3.03;3.0;2.0;0.0;0.0588;0.0392;0.0;0
91;91;0;0;BAURU;DUARTINA;LUCIANOPOLIS;TODOS;-22.4310459;-49.5219241;-22.4188119;-49.4158972;12.1;13.7;352750;LUCIANOPOLIS;346.6;418.0;1584.2;458.2;2389.0;3518;RRAS09;3506;DRS-06 Bauru;35062;Bauru;32;1;3;25;6;32;0;0;1;0;3;0;25;0;6;0;0;≤30 min;0.15;0.19;7.77863014732581;0.0;267.89;57.7;261.89;0.0312;0.1875;0.0;1.0;0.0;0.0;0.0312;0.0;0.0;0
92;92;0;0;BAURU;LENCOIS PAULISTA;MACATUBA;TODOS;-22.50022;-48.710229;-22.6003054;-48.7952479;16.6;19.3;352800;MACATUBA;2649.4;3165.0;12055.6;2304.0;17009.0;3518;RRAS09;3506;DRS-06 Bauru;35062;Bauru;6;1;1;4;1;6;0;0;1;0;1;0;4;0;1;0;0;≤30 min;0.16;0.14;9.741497894714092;0.0;7.06;7.55;8.68;0.1667;0.1667;0.0;0.0;0.0;0.0;0.0;0.0;0.0;1
93;93;0;0;BAURU;JAU;MINEIROS DO TIETE;TODOS;-22.4133188;-48.450554;-22.293224;-48.5608001;22.4;22.0;352980;MINEIROS DO TIETE;1771.4;2137.0;8337.8;1832.2;11941.4;3518;RRAS09;3506;DRS-06 Bauru;35064;Jau;68;5;5;49;13;58;10;6;1;4;1;4;44;5;12;1;25;≤30 min;0.15;0.15;9.387766633004329;0.15;113.89;56.45;141.91;0.0735;0.1912;16.75;4.0;17.0;9.0;0.0588;0.25;0.1324;0
94;94;0;0;BAURU;DUARTINA;PAULISTANIA;TODOS;-22.5730321;-49.3985251;-22.4188119;-49.4158972;32.4;31.7;353657;PAULISTANIA;272.0;326.25;1374.2;308.6;1954.8;3518;RRAS09;3506;DRS-06 Bauru;35062;Bauru;24;3;5;19;2;22;2;2;3;0;5;0;17;2;2;0;0;31–60 min;0.14;0.16;7.578043165396;0.08;245.55;220.59;129.62;0.125;0.0833;20.46;2.0;3.0;5.0;0.0833;0.125;0.2083;0
95;95;0;0;BAURU;LINS;PONGAI;TODOS;-21.7379814;-49.3584449;-21.6721141;-49.7555107;60.5;45.0;354010;PONGAI;408.4;492.0;2373.8;734.2;3516.4;3518;RRAS09;3506;DRS-06 Bauru;35065;Lins;29;5;5;20;4;24;5;4;1;4;1;4;19;1;4;0;9;31–60 min;0.12;0.21;8.165193017977023;0.17;164.94;244.86;108.96;0.1724;0.1379;28.44;0.0;2.0;1.0;0.0;0.069;0.0345;0
96;96;0;0;BAURU;PIRAJUI;PRESIDENTE ALVES;TODOS;-22.09991;-49.438133;-21.9993871;-49.4574733;19.0;17.6;354110;PRESIDENTE ALVES;578.8;686.75;2736.0;735.6;4050.4;3518;RRAS09;3506;DRS-06 Bauru;35062;Bauru;35;7;8;21;6;32;3;3;5;2;6;2;20;1;6;0;2;≤30 min;0.14;0.18;8.3065709206557;0.09;172.82;241.88;163.13;0.2;0.1714;14.81;2.0;4.0;5.0;0.0571;0.1143;0.1429;0
97;97;0;0;BAURU;LINS;PROMISSAO;TODOS;-21.5404913;-49.8574709;-21.6721141;-49.7555107;25.3;22.1;354160;PROMISSAO;5551.2;6674.5;25663.6;5639.0;36853.8;3518;RRAS09;3506;DRS-06 Bauru;35065;Lins;420;33;40;295;88;399;21;18;25;8;32;8;286;9;84;4;46;≤30 min;0.15;0.15;10.51471401306074;0.05;227.93;118.89;312.11;0.0786;0.2095;11.4;8.0;8.0;20.0;0.019;0.019;0.0476;0
98;98;0;0;BAURU;PIRAJUI;REGINOPOLIS;TODOS;-21.8884118;-49.22273;-21.9993871;-49.4574733;29.2;24.6;354250;REGINOPOLIS;865.0;1015.75;5846.8;1035.0;7746.8;3518;RRAS09;3506;DRS-06 Bauru;35062;Bauru;75;6;6;48;19;71;4;3;5;1;5;1;46;2;18;1;5;≤30 min;0.11;0.13;8.955035133853578;0.05;193.63;138.73;367.15;0.08;0.2533;10.33;2.0;3.0;4.0;0.0267;0.04;0.0533;0
99;99;0;0;BAURU;LINS;SABINO;TODOS;-21.4598472;-49.5776811;-21.6721141;-49.7555107;32.9;36.2;354460;SABINO;740.2;892.75;3499.0;1092.8;5332.0;3518;RRAS09;3506;DRS-06 Bauru;35065;Lins;16;1;1;9;6;13;3;2;0;1;0;1;8;1;5;1;5;31–60 min;0.14;0.2;8.5814816812986;0.19;60.02;27.02;109.81;0.0625;0.375;11.25;0.0;1.0;2.0;0.0;0.0625;0.125;0
100;100;0;0;BAURU;JAU;TORRINHA;TODOS;-22.4302536;-48.1690653;-22.293224;-48.5608001;53.8;49.6;355470;TORRINHA;1291.8;1524.0;6499.8;1770.6;9562.2;3518;RRAS09;3506;DRS-06 Bauru;35064;Jau;140;6;6;117;16;137;3;1;4;2;4;2;116;1;16;0;2;31–60 min;0.14;0.19;9.165573105093642;0.02;292.82;92.89;180.73;0.0429;0.1143;6.27;2.0;5.0;4.0;0.0143;0.0357;0.0286;0
101;101;0;0;BAURU;LINS;URU;TODOS;-21.7846064;-49.2819702;-21.6721141;-49.7555107;70.5;56.3;355590;URU;180.2;209.25;887.8;273.0;1341.0;3518;RRAS09;3506;DRS-06 Bauru;35065;Lins;5;0;0;2;3;4;1;1;0;0;0;0;1;1;3;0;0;31–60 min;0.13;0.2;7.201170883281678;0.2;74.57;0.0;219.78;0.0;0.6;14.91;1.0;0.0;0.0;0.2;0.0;0.0;1
102;102;0;0;BOTUCATU;AVARE;AGUAS DE SANTA BARBARA;TODOS;-22.8821912;-49.2383956;-23.1036883;-48.9287403;48.3;50.0;350055;AGUAS DE SANTA BARBARA;1009.8;1201.25;4386.2;1186.8;6582.8;3518;RRAS09;3506;DRS-06 Bauru;35061;Vale do Jurumirim;59;4;4;44;8;58;1;1;3;1;3;1;44;0;8;0;4;31–60 min;0.15;0.18;8.792215465721227;0.02;179.26;79.22;134.82;0.0678;0.1356;3.04;0.0;0.0;0.0;0.0;0.0;0.0;0
103;103;0;0;BOTUCATU;BOTUCATU;ANHEMBI;TODOS;-22.7891096;-48.1316776;-22.8913439388248;-48.4962954591084;57.1;54.9;350230;ANHEMBI;999.4;1208.5;3997.4;841.4;5838.2;3518;RRAS09;3506;DRS-06 Bauru;35063;Polo Cuesta;155;13;17;115;22;148;7;5;10;3;14;3;111;4;22;0;16;31–60 min;0.17;0.14;8.672177809134897;0.05;530.99;260.16;522.94;0.0839;0.1419;23.98;0.0;0.0;1.0;0.0;0.0;0.0065;0
104;104;0;0;BOTUCATU;AVARE;ARANDU;TODOS;-23.1345103;-49.0545651;-23.1036883;-48.9287403;15.2;18.5;350310;ARANDU;1044.0;1227.25;4607.6;987.6;6639.2;3518;RRAS09;3506;DRS-06 Bauru;35061;Vale do Jurumirim;40;5;7;27;8;37;3;1;4;1;6;1;25;2;8;0;3;≤30 min;0.16;0.15;8.800746753284239;0.08;120.5;95.79;162.01;0.125;0.2;9.04;0.0;0.0;0.0;0.0;0.0;0.0;0
105;105;0;0;BOTUCATU;BOTUCATU;AREIOPOLIS;TODOS;-22.6758064;-48.6673653;-22.8913439388248;-48.4962954591084;34.4;28.8;350360;AREIOPOLIS;1776.8;2136.5;7736.0;1139.4;10652.2;3518;RRAS09;3506;DRS-06 Bauru;35063;Polo Cuesta;27;0;0;22;5;27;0;0;0;0;0;0;22;0;5;0;0;≤30 min;0.17;0.11;9.273521722574307;0.0;50.69;0.0;87.77;0.0;0.1852;0.0;0.0;0.0;0.0;0.0;0.0;0.0;0
106;106;0;0;BOTUCATU;TAQUARITUBA;BARAO DE ANTONINA;TODOS;-23.6295651;-49.5632104;-23.5330527;-49.2450779;51.8;44.4;350500;BARAO DE ANTONINA;574.4;682.0;2242.8;592.4;3409.6;3518;RRAS09;3506;DRS-06 Bauru;35061;Vale do Jurumirim;0;0;0;0;0;0;0;0;0;0;0;0;0;0;0;0;0;31–60 min;0.17;0.17;8.134350261344352;0.0;0.0;0.0;0.0;0.0;0.0;0.0;0.0;0.0;0.0;0.0;0.0;0.0;1
107;107;0;0;BOTUCATU;BOTUCATU;BOFETE;TODOS;-23.1019554;-48.2610535;-22.8913439388248;-48.4962954591084;51.0;49.6;350690;BOFETE;1615.8;1941.5;6930.0;1869.0;10414.8;3518;RRAS09;3506;DRS-06 Bauru;35063;Polo Cuesta;116;6;13;82;28;116;0;0;6;0;13;0;82;0;28;0;0;31–60 min;0.16;0.18;9.250983150438199;0.0;222.76;74.27;299.63;0.0517;0.2414;0.0;0.0;0.0;0.0;0.0;0.0;0.0;0
108;108;0;0;BOTUCATU;AVARE;CERQUEIRA CESAR;TODOS;-23.0353135;-49.1650519;-23.1036883;-48.9287403;28.0;32.0;351140;CERQUEIRA CESAR;3161.2;3746.5;13906.4;2890.2;19957.8;3518;RRAS09;3506;DRS-06 Bauru;35061;Vale do Jurumirim;12;1;1;9;2;11;1;1;1;0;1;0;8;1;2;0;0;31–60 min;0.16;0.14;9.901375323349853;0.08;12.03;6.33;13.84;0.0833;0.1667;1.0;1.0;1.0;2.0;0.0833;0.0833;0.1667;0
109;109;0;0;BOTUCATU;TAQUARITUBA;CORONEL MACEDO;TODOS;-23.6304001;-49.313234;-23.5330527;-49.2450779;17.9;18.1;351260;CORONEL MACEDO;705.4;862.5;3242.6;809.8;4757.8;3518;RRAS09;3506;DRS-06 Bauru;35061;Vale do Jurumirim;0;0;0;0;0;0;0;0;0;0;0;0;0;0;0;0;0;≤30 min;0.15;0.17;8.467540655511167;0.0;0.0;0.0;0.0;0.0;0.0;0.0;0.0;0.0;0.0;0.0;0.0;0.0;1
110;110;0;0;BOTUCATU;AVARE;IARAS;TODOS;-22.8742567;-49.1593923;-23.1036883;-48.9287403;60.9;44.1;351925;IARAS;1011.4;1206.0;5528.8;864.6;7404.8;3518;RRAS09;3506;DRS-06 Bauru;35061;Vale do Jurumirim;21;1;2;16;4;19;2;0;1;0;1;1;15;1;3;1;5;31–60 min;0.14;0.12;8.909883717559303;0.1;56.72;19.77;92.53;0.0476;0.1905;5.4;0.0;1.0;1.0;0.0;0.0476;0.0476;0
111;111;0;0;BOTUCATU;TAQUARITUBA;ITAI;TODOS;-23.4172598;-49.0935788;-23.5330527;-49.2450779;22.4;21.0;352180;ITAI;4183.2;4958.5;17989.8;3277.6;25450.6;3518;RRAS09;3506;DRS-06 Bauru;35061;Vale do Jurumirim;13;2;2;10;1;10;3;2;1;1;1;1;9;1;0;1;5;≤30 min;0.16;0.13;10.144494597339275;0.23;10.22;9.56;6.1;0.1538;0.0769;2.36;0.0;0.0;0.0;0.0;0.0;0.0;0
112;112;0;0;BOTUCATU;TAQUARITUBA;ITAPORANGA;TODOS;-23.7066252;-49.4895934;-23.5330527;-49.2450779;38.3;32.7;352280;ITAPORANGA;2395.4;2891.5;9947.4;2485.0;14827.8;3518;RRAS09;3506;DRS-06 Bauru;35061;Vale do Jurumirim;5;0;0;4;1;2;3;3;0;0;0;0;2;2;0;1;5;31–60 min;0.16;0.17;9.604259076183975;0.6;6.74;0.0;8.05;0.0;0.2;4.05;0.0;0.0;0.0;0.0;0.0;0.0;1
113;113;0;0;BOTUCATU;BOTUCATU;ITATINGA;TODOS;-23.1042417;-48.6134874;-22.8913439388248;-48.4962954591084;42.6;37.2;352350;ITATINGA;3312.2;3962.25;13764.0;2139.2;19215.4;3518;RRAS09;3506;DRS-06 Bauru;35063;Polo Cuesta;114;12;15;94;7;113;1;0;11;1;14;1;94;0;7;0;0;31–60 min;0.17;0.11;9.863467319852269;0.01;118.65;72.46;65.45;0.1053;0.0614;1.04;0.0;0.0;0.0;0.0;0.0;0.0;0
114;114;0;0;BOTUCATU;AVARE;MANDURI;TODOS;-23.0059018;-49.317191;-23.1036883;-48.9287403;44.3;49.3;352860;MANDURI;1459.8;1733.75;6653.6;1610.6;9724.0;3518;RRAS09;3506;DRS-06 Bauru;35061;Vale do Jurumirim;28;1;3;23;4;27;1;1;1;0;3;0;22;1;4;0;0;31–60 min;0.15;0.17;9.182352335436015;0.04;57.59;13.7;49.67;0.0357;0.1429;2.06;0.0;0.0;1.0;0.0;0.0;0.0357;0
115;115;0;0;BOTUCATU;BOTUCATU;PARDINHO;TODOS;-23.0810065;-48.3781499;-22.8913439388248;-48.4962954591084;34.4;33.4;353610;PARDINHO;1120.4;1327.25;4539.4;911.0;6570.8;3518;RRAS09;3506;DRS-06 Bauru;35063;Polo Cuesta;34;2;2;27;5;32;2;0;1;1;1;1;26;1;5;0;0;31–60 min;0.17;0.14;8.790390869667045;0.06;103.49;35.7;109.77;0.0588;0.1471;6.09;1.0;0.0;0.0;0.0294;0.0;0.0;0
116;116;0;0;BOTUCATU;CONCHAS;PEREIRAS;TODOS;-23.0743096;-47.9746014;-23.0176986;-48.01138;11.6;13.2;353750;PEREIRAS;1356.0;1593.5;5654.6;1319.2;8329.8;3518;RRAS09;3506;DRS-06 Bauru;35063;Polo Cuesta;26;2;4;21;2;25;1;0;2;0;4;0;20;1;2;0;0;≤30 min;0.16;0.16;9.027594725268811;0.04;62.43;29.5;30.32;0.0769;0.0769;2.4;0.0;0.0;2.0;0.0;0.0;0.0769;0
117;117;0;0;BOTUCATU;BOTUCATU;PORANGABA;TODOS;-23.17615;-48.119464;-22.8913439388248;-48.4962954591084;84.4;63.5;354050;PORANGABA;1336.2;1591.25;6305.0;1982.2;9623.4;3518;RRAS09;3506;DRS-06 Bauru;35063;Polo Cuesta;25;1;2;19;5;23;2;0;1;0;2;0;17;2;5;0;0;>60 min;0.14;0.21;9.171952911571386;0.08;51.96;14.97;50.45;0.04;0.2;4.16;1.0;1.0;0.0;0.04;0.04;0.0;0
118;118;0;0;BOTUCATU;BOTUCATU;PRATANIA;TODOS;-22.809027;-48.6656779;-22.8913439388248;-48.4962954591084;34.1;28.4;354105;PRATANIA;851.0;1011.5;3590.8;544.2;4986.0;3518;RRAS09;3506;DRS-06 Bauru;35063;Polo Cuesta;49;2;2;38;7;47;2;1;2;0;2;0;37;1;6;1;0;≤30 min;0.17;0.11;8.514389264083503;0.04;196.55;47.0;257.26;0.0408;0.1429;8.02;0.0;0.0;0.0;0.0;0.0;0.0;0
119;119;0;0;BOTUCATU;BOTUCATU;SAO MANUEL;TODOS;-22.732081;-48.572316;-22.8913439388248;-48.4962954591084;23.6;21.1;355010;SAO MANUEL;5721.4;6853.75;27719.0;5848.0;39288.4;3518;RRAS09;3506;DRS-06 Bauru;35063;Polo Cuesta;74;14;15;52;7;69;5;2;13;1;14;1;49;3;6;1;0;≤30 min;0.15;0.15;10.578684588893072;0.07;37.67;48.94;23.94;0.1892;0.0946;2.55;1.0;1.0;1.0;0.0135;0.0135;0.0135;0
120;120;0;0;BOTUCATU;PIRAJU;SARUTAIA;TODOS;-23.2747217;-49.477186;-23.1967235;-49.3815505;17.8;18.7;355120;SARUTAIA;575.0;700.0;2553.4;632.8;3761.2;3518;RRAS09;3506;DRS-06 Bauru;35061;Vale do Jurumirim;3;0;0;3;0;3;0;0;0;0;0;0;3;0;0;0;0;≤30 min;0.15;0.17;8.232493334402921;0.0;15.95;0.0;0.0;0.0;0.0;0.0;0.0;0.0;0.0;0.0;0.0;0.0;1
121;121;0;0;BOTUCATU;TAQUARITUBA;TAGUAI;TODOS;-23.4534312;-49.4054454;-23.5330527;-49.2450779;20.3;21.1;355300;TAGUAI;2079.4;2432.5;8538.8;1467.8;12086.0;3518;RRAS09;3506;DRS-06 Bauru;35061;Vale do Jurumirim;9;0;0;8;1;4;5;5;0;0;0;0;4;4;0;1;8;≤30 min;0.17;0.12;9.399803036921504;0.56;14.89;0.0;13.63;0.0;0.1111;8.27;0.0;0.0;0.0;0.0;0.0;0.0;1
122;122;0;0;BOTUCATU;PIRAJU;TEJUPA;TODOS;-23.3437238;-49.3772468;-23.1967235;-49.3815505;21.4;25.5;355420;TEJUPA;759.8;931.75;3132.4;677.8;4570.0;3518;RRAS09;3506;DRS-06 Bauru;35061;Vale do Jurumirim;11;1;1;9;1;10;1;1;1;0;1;0;8;1;1;0;3;≤30 min;0.17;0.15;8.42726848388825;0.09;48.14;26.32;29.51;0.0909;0.0909;4.38;0.0;0.0;1.0;0.0;0.0;0.0909;0
123;123;0;0;BOTUCATU;BOTUCATU;TORRE DE PEDRA;TODOS;-23.2478026;-48.1941034;-22.8913439388248;-48.4962954591084;76.0;58.2;355465;TORRE DE PEDRA;289.6;356.25;1463.0;433.4;2186.0;3518;RRAS09;3506;DRS-06 Bauru;35063;Polo Cuesta;5;0;0;4;1;5;0;0;0;0;0;0;4;0;1;0;0;31–60 min;0.13;0.2;7.689828668736484;0.0;45.75;0.0;46.15;0.0;0.2;0.0;0.0;0.0;0.0;0.0;0.0;0.0;1
124;124;0;1;CAMPINAS;CAMPINAS;ARTUR NOGUEIRA;TODOS;-22.572737;-47.172679;-22.8267804850019;-47.0640301726016;42.4;38.0;350380;ARTUR NOGUEIRA;7898.4;9353.5;35736.6;5994.2;49629.2;3528;RRAS15;3507;DRS-07 Campinas;35072;Regiao Metropolitana de Campinas;62;2;2;45;13;50;12;10;1;1;1;1;37;8;11;2;0;31–60 min;0.16;0.12;10.812334649168877;0.19;24.99;5.06;43.38;0.0323;0.2097;4.84;1.0;7.0;3.0;0.0161;0.1129;0.0484;0
125;125;0;0;CAMPINAS;ATIBAIA;BOM JESUS DOS PERDOES;TODOS;-23.1353864;-46.4648052;-23.1148518;-46.5506405;11.5;12.3;350710;BOM JESUS DOS PERDOES;3476.6;4136.5;15353.6;2637.0;21467.2;3527;RRAS16;3507;DRS-07 Campinas;35071;Braganca;8;0;0;7;1;8;0;0;0;0;0;0;7;0;1;0;0;≤30 min;0.16;0.12;9.974281467836207;0.0;7.45;0.0;7.58;0.0;0.125;0.0;3.0;5.0;2.0;0.375;0.625;0.25;1
126;126;0;0;CAMPINAS;AMERICANA;COSMOPOLIS;TODOS;-22.6437398;-47.1972086;-22.7419147;-47.3088468;25.0;31.5;351280;COSMOPOLIS;9868.0;11773.0;44517.2;7447.4;61832.6;3528;RRAS15;3507;DRS-07 Campinas;35072;Regiao Metropolitana de Campinas;100;10;12;77;13;89;11;11;8;2;10;2;68;9;13;0;1;31–60 min;0.16;0.12;11.032186012452915;0.11;32.35;20.27;34.91;0.1;0.13;3.56;5.0;18.0;4.0;0.05;0.18;0.04;0
127;127;0;1;CAMPINAS;CAMPINAS;HOLAMBRA;TODOS;-22.6332028;-47.0545305;-22.8267804850019;-47.0640301726016;35.4;33.2;351905;HOLAMBRA;2070.4;2446.5;9749.6;1639.2;13459.2;3528;RRAS15;3507;DRS-07 Campinas;35072;Regiao Metropolitana de Campinas;75;7;7;61;6;73;2;0;5;2;5;2;61;0;6;0;0;31–60 min;0.15;0.12;9.507418166068327;0.03;111.45;67.62;73.21;0.0933;0.08;2.97;6.0;40.0;20.0;0.08;0.5333;0.2667;0
128;128;0;0;CAMPINAS;SUMARE;HORTOLANDIA;TODOS;-22.8620175;-47.2164219;-22.8166025;-47.2415473;11.7;13.2;351907;HORTOLANDIA;36556.0;42955.0;165450.2;22064.0;224070.2;3528;RRAS15;3507;DRS-07 Campinas;35072;Regiao Metropolitana de Campinas;494;66;74;354;70;441;53;44;56;10;63;11;320;34;61;9;29;≤30 min;0.16;0.1;12.319714674597035;0.11;44.09;36.11;63.45;0.1336;0.1417;4.73;55.0;205.0;33.0;0.1113;0.415;0.0668;0
129;129;0;1;CAMPINAS;CAMPINAS;JAGUARIUNA;TODOS;-22.70374;-46.985062;-22.8267804850019;-47.0640301726016;25.3;24.1;352470;JAGUARIUNA;8151.4;9510.75;38515.0;6644.0;53310.4;3528;RRAS15;3507;DRS-07 Campinas;35072;Regiao Metropolitana de Campinas;116;13;16;89;11;108;8;6;12;1;14;2;83;6;11;0;0;≤30 min;0.15;0.12;10.883886713071343;0.07;43.52;31.9;33.11;0.1121;0.0948;3.0;10.0;14.0;13.0;0.0862;0.1207;0.1121;0
130;130;0;0;CAMPINAS;BRAGANCA PAULISTA;JOANOPOLIS;TODOS;-22.930004;-46.275208;-22.9452851;-46.5497959;42.2;46.6;352550;JOANOPOLIS;1836.8;2186.0;8666.8;2134.0;12637.6;3527;RRAS16;3507;DRS-07 Campinas;35071;Braganca;12;0;0;12;0;12;0;0;0;0;0;0;12;0;0;0;0;31–60 min;0.15;0.17;9.444431776254888;0.0;18.99;0.0;0.0;0.0;0.0;0.0;3.0;7.0;3.0;0.25;0.5833;0.25;0
131;131;0;0;CAMPINAS;AGUAS DE LINDOIA;LINDOIA;TODOS;-22.5229637;-46.6502119;-22.4740674;-46.6339524;7.3;11.3;352700;LINDOIA;1046.0;1236.0;4868.8;1153.2;7068.0;3528;RRAS15;3507;DRS-07 Campinas;35074;Circuito das Aguas;78;5;7;60;12;75;3;3;5;0;7;0;58;2;11;1;9;≤30 min;0.15;0.16;8.863332833439587;0.04;220.71;95.6;208.12;0.0641;0.1538;8.49;2.0;4.0;5.0;0.0256;0.0513;0.0641;0
132;132;0;0;CAMPINAS;AMPARO;MONTE ALEGRE DO SUL;TODOS;-22.681861;-46.6798783;-22.6977574;-46.7686754;13.5;15.6;353120;MONTE ALEGRE DO SUL;1067.4;1256.0;5545.2;1507.2;8119.8;3528;RRAS15;3507;DRS-07 Campinas;35074;Circuito das Aguas;77;5;7;48;20;75;2;1;5;0;6;1;46;2;20;0;0;≤30 min;0.13;0.19;9.002060802310515;0.03;189.66;93.69;265.39;0.0649;0.2597;4.93;4.0;21.0;6.0;0.0519;0.2727;0.0779;0
133;133;0;0;CAMPINAS;INDAIATUBA;MONTE MOR;TODOS;-22.945043;-47.312182;-23.0930125;-47.2127211;25.0;26.1;353180;MONTE MOR;10092.8;11769.75;42011.6;6337.2;58441.6;3528;RRAS15;3507;DRS-07 Campinas;35072;Regiao Metropolitana de Campinas;71;13;14;52;6;62;9;6;9;4;10;4;47;5;6;0;0;≤30 min;0.17;0.11;10.975783243997723;0.13;24.3;25.76;18.94;0.1831;0.0845;3.08;6.0;15.0;1.0;0.0845;0.2113;0.0141;0
134;134;0;0;CAMPINAS;ITATIBA;MORUNGABA;TODOS;-22.88;-46.79167;-23.0070339;-46.8327166;20.6;25.4;353200;MORUNGABA;2013.4;2377.75;9271.0;1789.2;13073.6;3528;RRAS15;3507;DRS-07 Campinas;35072;Regiao Metropolitana de Campinas;35;4;4;24;6;35;0;0;4;0;4;0;24;0;6;0;0;≤30 min;0.15;0.14;9.478350208630443;0.0;53.54;39.73;67.07;0.1143;0.1714;0.0;4.0;6.0;7.0;0.1143;0.1714;0.2;0
135;135;0;0;CAMPINAS;ATIBAIA;NAZARE PAULISTA;TODOS;-23.1819309;-46.3992986;-23.1148518;-46.5506405;22.2;20.8;353240;NAZARE PAULISTA;2561.8;3054.75;12340.0;2813.6;17715.4;3527;RRAS16;3507;DRS-07 Campinas;35071;Braganca;17;1;1;15;1;16;1;1;1;0;1;0;15;0;0;1;0;≤30 min;0.14;0.16;9.782189596779343;0.06;19.19;7.81;7.11;0.0588;0.0588;1.13;0.0;0.0;2.0;0.0;0.0;0.1176;0
136;136;0;0;CAMPINAS;AMERICANA;NOVA ODESSA;TODOS;-22.7805746;-47.2993805;-22.7419147;-47.3088468;7.9;8.7;353340;NOVA ODESSA;8470.0;9966.0;42168.6;7846.8;58485.4;3528;RRAS15;3507;DRS-07 Campinas;35072;Regiao Metropolitana de Campinas;222;22;26;156;41;207;15;10;16;6;19;7;149;7;39;2;10;≤30 min;0.14;0.13;10.976532429421939;0.07;75.92;51.95;104.5;0.0991;0.1847;5.13;5.0;11.0;8.0;0.0225;0.0495;0.036;0
137;137;0;1;CAMPINAS;CAMPINAS;PAULINIA;TODOS;-22.7630391;-47.1532213;-22.8267804850019;-47.0640301726016;15.6;18.5;353650;PAULINIA;16198.4;19027.25;72420.6;11019.2;99638.2;3528;RRAS15;3507;DRS-07 Campinas;35072;Regiao Metropolitana de Campinas;141;7;9;119;14;134;7;4;6;1;8;1;113;6;14;0;0;≤30 min;0.16;0.11;11.509300904178819;0.05;28.3;8.64;25.41;0.0496;0.0993;1.41;6.0;19.0;18.0;0.0426;0.1348;0.1277;0
138;138;0;0;CAMPINAS;SOCORRO;PEDRA BELA;TODOS;-22.7950193;-46.4431811;-22.59852;-46.5296166;40.6;42.0;353680;PEDRA BELA;863.8;1030.75;4342.2;1139.8;6345.8;3527;RRAS16;3507;DRS-07 Campinas;35071;Braganca;25;1;2;21;2;25;0;0;1;0;2;0;21;0;2;0;0;31–60 min;0.14;0.18;8.755548455730967;0.0;78.79;23.15;35.09;0.04;0.08;0.0;0.0;0.0;0.0;0.0;0.0;0.0;0
139;139;0;1;CAMPINAS;CAMPINAS;PEDREIRA;TODOS;-22.741347;-46.894846;-22.8267804850019;-47.0640301726016;38.9;40.1;353710;PEDREIRA;5924.8;7076.75;31826.6;6335.8;44087.2;3528;RRAS15;3507;DRS-07 Campinas;35072;Regiao Metropolitana de Campinas;83;9;11;66;8;81;2;1;8;1;10;1;66;0;7;1;1;31–60 min;0.13;0.14;10.69392476987131;0.02;37.65;30.38;25.25;0.1084;0.0964;0.91;5.0;4.0;3.0;0.0602;0.0482;0.0361;0
140;140;0;0;CAMPINAS;SOCORRO;PINHALZINHO;TODOS;-22.7824349;-46.5901718;-22.59852;-46.5296166;27.1;28.1;353820;PINHALZINHO;2040.6;2430.5;9821.8;2730.2;14592.6;3527;RRAS16;3507;DRS-07 Campinas;35071;Braganca;106;7;8;79;19;95;11;11;7;0;8;0;70;9;17;2;0;≤30 min;0.14;0.19;9.588269829889827;0.1;145.28;68.61;139.18;0.066;0.1792;15.08;0.0;1.0;1.0;0.0;0.0094;0.0094;0
141;141;0;0;CAMPINAS;SOCORRO;PIRACAIA;TODOS;-23.052545;-46.359374;-22.59852;-46.5296166;71.0;70.8;353860;PIRACAIA;3632.2;4338.5;18578.8;4396.8;26607.8;3527;RRAS16;3507;DRS-07 Campinas;35071;Braganca;39;3;5;35;1;37;2;1;3;0;5;0;33;2;1;0;0;>60 min;0.14;0.17;10.18895968486808;0.05;29.31;16.52;4.55;0.0769;0.0256;1.5;6.0;12.0;7.0;0.1538;0.3077;0.1795;0
142;142;0;1;CAMPINAS;CAMPINAS;SANTO ANTONIO DE POSSE;TODOS;-22.6053304;-46.9197291;-22.8267804850019;-47.0640301726016;40.7;36.8;354800;SANTO ANTONIO DE POSSE;3580.8;4231.5;16110.8;2885.4;22577.0;3528;RRAS15;3507;DRS-07 Campinas;35072;Regiao Metropolitana de Campinas;97;11;13;74;11;83;14;14;8;3;10;3;63;11;11;0;0;31–60 min;0.16;0.13;10.024686967937972;0.14;85.93;61.44;76.25;0.1134;0.1134;12.4;6.0;8.0;6.0;0.0619;0.0825;0.0619;0
143;143;0;0;CAMPINAS;AMPARO;SERRA NEGRA;TODOS;-22.6126459;-46.699986;-22.6977574;-46.7686754;17.8;18.1;355160;SERRA NEGRA;3710.4;4423.75;19734.0;5713.0;29157.4;3528;RRAS15;3507;DRS-07 Campinas;35074;Circuito das Aguas;109;11;13;80;17;103;6;5;8;3;10;3;79;1;15;2;11;≤30 min;0.13;0.2;10.280464018910004;0.06;74.77;59.29;59.51;0.1009;0.156;4.12;12.0;13.0;16.0;0.1101;0.1193;0.1468;0
144;144;0;0;CAMPINAS;BRAGANCA PAULISTA;TUIUTI;TODOS;-22.8129652;-46.6935374;-22.9452851;-46.5497959;23.6;24.4;355495;TUIUTI;860.8;1023.75;4349.6;1336.0;6546.4;3527;RRAS16;3507;DRS-07 Campinas;35071;Braganca;32;3;4;26;2;31;1;0;3;0;4;0;25;1;2;0;0;≤30 min;0.13;0.2;8.786670559213173;0.03;97.76;69.7;29.94;0.0938;0.0625;3.06;0.0;0.0;1.0;0.0;0.0;0.0312;0
145;145;0;1;CAMPINAS;CAMPINAS;VALINHOS;TODOS;-22.97056;-46.99583;-22.8267804850019;-47.0640301726016;22.1;21.7;355620;VALINHOS;16150.6;19097.5;87076.6;17937.8;121165.0;3528;RRAS15;3507;DRS-07 Campinas;35072;Regiao Metropolitana de Campinas;96;11;13;76;9;85;11;8;8;3;10;3;69;7;8;1;0;≤30 min;0.13;0.15;11.704908532034814;0.11;15.85;13.62;10.03;0.1146;0.0938;1.82;9.0;22.0;11.0;0.0938;0.2292;0.1146;0
146;146;0;0;CAMPINAS;BRAGANCA PAULISTA;VARGEM;TODOS;-22.8902379;-46.4145366;-22.9452851;-46.5497959;19.6;20.5;355635;VARGEM;1520.8;1768.75;6748.0;1567.6;9836.4;3527;RRAS16;3507;DRS-07 Campinas;35071;Braganca;32;1;2;26;5;32;0;0;1;0;2;0;26;0;5;0;0;≤30 min;0.15;0.16;9.193845069446985;0.0;65.06;13.15;63.79;0.0312;0.1562;0.0;0.0;2.0;0.0;0.0;0.0625;0.0;0
147;147;0;0;CAMPINAS;ITATIBA;VINHEDO;TODOS;-23.0298535;-46.9749847;-23.0070339;-46.8327166;17.8;21.7;355670;VINHEDO;10448.0;12276.0;51726.2;10377.6;72551.8;3528;RRAS15;3507;DRS-07 Campinas;35072;Regiao Metropolitana de Campinas;63;7;9;52;4;58;5;2;5;2;7;2;49;3;4;0;6;≤30 min;0.14;0.14;11.192056068480094;0.08;17.37;13.4;7.71;0.1111;0.0635;1.38;6.0;11.0;3.0;0.0952;0.1746;0.0476;0
148;148;0;0;FRANCA;IGARAPAVA;ARAMINA;TODOS;-20.0876144;-47.789201;-20.0415441;-47.7480894;11.5;10.6;350300;ARAMINA;763.0;906.25;3750.2;927.4;5440.6;3530;RRAS13;3508;DRS-08 Franca;35083;Alta Mogiana;27;2;3;20;4;23;4;3;0;2;1;2;19;1;3;1;17;≤30 min;0.14;0.17;8.601644627885687;0.15;99.25;52.42;86.26;0.0741;0.1481;14.7;2.0;1.0;3.0;0.0741;0.037;0.1111;0
149;149;0;0;FRANCA;ITUVERAVA;BURITIZAL;TODOS;-20.1933264;-47.7097165;-20.3365676196353;-47.7881778744425;28.9;24.3;350820;BURITIZAL;627.2;745.5;2948.2;763.0;4338.4;3530;RRAS13;3508;DRS-08 Franca;35083;Alta Mogiana;14;4;5;9;1;12;2;0;3;1;4;1;8;1;1;0;4;≤30 min;0.14;0.18;8.37526089552685;0.14;64.54;127.55;26.21;0.2857;0.0714;9.22;2.0;2.0;2.0;0.1429;0.1429;0.1429;0
150;150;0;0;FRANCA;FRANCA;CRISTAIS PAULISTA;TODOS;-20.403569;-47.420915;-20.5377516772009;-47.3988262744382;17.9;18.6;351320;CRISTAIS PAULISTA;1372.6;1612.25;6070.6;1210.8;8654.0;3530;RRAS13;3508;DRS-08 Franca;35081;Tres Colinas;38;3;3;30;4;36;2;2;3;0;3;0;28;2;4;0;0;≤30 min;0.16;0.14;9.06577692078483;0.05;87.82;43.71;66.07;0.0789;0.1053;4.62;1.0;3.0;0.0;0.0263;0.0789;0.0;0
151;151;0;0;FRANCA;ITUVERAVA;GUARA;TODOS;-20.4290496;-47.8250067;-20.3365676196353;-47.7881778744425;13.9;13.1;351770;GUARA;3277.2;3967.25;13874.8;2753.0;19905.0;3530;RRAS13;3508;DRS-08 Franca;35083;Alta Mogiana;87;2;2;63;20;73;14;11;2;0;2;0;51;12;19;1;3;≤30 min;0.16;0.14;9.898726235434417;0.16;87.42;12.21;145.3;0.023;0.2299;14.07;3.0;5.0;30.0;0.0345;0.0575;0.3448;0
152;152;0;0;FRANCA;PATROCINIO PAULISTA;ITIRAPUA;TODOS;-20.6406814;-47.2193817;-20.6412577;-47.2817419;9.3;11.2;352370;ITIRAPUA;1001.6;1201.25;4070.2;935.6;6007.4;3530;RRAS13;3508;DRS-08 Franca;35081;Tres Colinas;0;0;0;0;0;0;0;0;0;0;0;0;0;0;0;0;0;≤30 min;0.17;0.16;8.700747321612738;0.0;0.0;0.0;0.0;0.0;0.0;0.0;0.0;0.0;0.0;0.0;0.0;0.0;1
153;153;0;0;FRANCA;PEDREGULHO;JERIQUARA;TODOS;-20.3104773;-47.5915669;-20.2580497;-47.4768148;15.0;17.1;352540;JERIQUARA;657.6;769.25;2525.4;422.4;3605.4;3530;RRAS13;3508;DRS-08 Franca;35081;Tres Colinas;3;0;0;2;1;2;1;1;0;0;0;0;1;1;1;0;0;≤30 min;0.18;0.12;8.190188000567938;0.33;16.64;0.0;47.35;0.0;0.3333;5.55;0.0;0.0;0.0;0.0;0.0;0.0;1
154;154;0;0;FRANCA;ITUVERAVA;MIGUELOPOLIS;TODOS;-20.179612;-48.030997;-20.3365676196353;-47.7881778744425;34.1;34.3;352970;MIGUELOPOLIS;3223.6;3878.75;14469.0;2802.4;20495.0;3530;RRAS13;3508;DRS-08 Franca;35083;Alta Mogiana;76;18;19;51;6;72;4;3;14;4;15;4;51;0;6;0;12;31–60 min;0.16;0.14;9.927936232938437;0.05;74.16;111.68;42.82;0.2368;0.0789;3.9;5.0;23.0;15.0;0.0658;0.3026;0.1974;0
155;155;0;0;FRANCA;ORLANDIA;NUPORANGA;TODOS;-20.730877;-47.7522561;-20.7217006;-47.8709385;18.8;17.9;353360;NUPORANGA;1075.8;1268.0;5076.4;1122.8;7275.0;3530;RRAS13;3508;DRS-08 Franca;35082;Alta Anhanguera;47;3;4;35;9;45;2;2;3;0;4;0;34;1;8;1;0;≤30 min;0.15;0.15;8.892199092039693;0.04;129.21;55.77;160.31;0.0638;0.1915;5.5;1.0;0.0;5.0;0.0213;0.0;0.1064;0
156;156;0;0;FRANCA;FRANCA;RESTINGA;TODOS;-20.6032343;-47.4830912;-20.5377516772009;-47.3988262744382;13.7;16.1;354270;RESTINGA;1208.8;1451.25;4738.4;786.4;6733.6;3530;RRAS13;3508;DRS-08 Franca;35081;Tres Colinas;24;2;4;20;1;24;0;0;2;0;4;0;20;0;1;0;0;≤30 min;0.18;0.12;8.814865197897367;0.0;71.28;33.09;25.43;0.0833;0.0417;0.0;0.0;1.0;1.0;0.0;0.0417;0.0417;0
157;157;0;0;FRANCA;FRANCA;RIBEIRAO CORRENTE;TODOS;-20.457872;-47.590394;-20.5377516772009;-47.3988262744382;27.7;29.8;354310;RIBEIRAO CORRENTE;814.8;958.25;3174.4;592.8;4582.0;3530;RRAS13;3508;DRS-08 Franca;35081;Tres Colinas;14;5;5;8;1;10;4;4;3;2;3;2;6;2;1;0;6;≤30 min;0.18;0.13;8.42989086301344;0.29;61.11;122.73;33.74;0.3571;0.0714;17.46;0.0;1.0;4.0;0.0;0.0714;0.2857;0
158;158;0;0;FRANCA;PEDREGULHO;RIFAINA;TODOS;-20.0811589;-47.4210736;-20.2580497;-47.4768148;28.4;24.2;354360;RIFAINA;546.8;651.5;2647.2;647.6;3841.6;3530;RRAS13;3508;DRS-08 Franca;35081;Tres Colinas;6;1;1;4;1;6;0;0;1;0;1;0;4;0;1;0;0;≤30 min;0.14;0.17;8.253644225466989;0.0;31.24;36.58;30.88;0.1667;0.1667;0.0;0.0;0.0;0.0;0.0;0.0;0.0;1
159;159;0;0;FRANCA;ORLANDIA;SALES OLIVEIRA;TODOS;-20.769612;-47.836873;-20.7217006;-47.8709385;9.4;10.4;354490;SALES OLIVEIRA;1604.4;1904.25;7908.4;1808.4;11321.2;3530;RRAS13;3508;DRS-08 Franca;35082;Alta Anhanguera;8;1;1;7;0;6;2;2;0;1;0;1;6;1;0;0;2;≤30 min;0.14;0.16;9.33443235320596;0.25;14.13;12.47;0.0;0.125;0.0;3.53;2.0;1.0;2.0;0.25;0.125;0.25;1
160;160;0;0;FRANCA;FRANCA;SAO JOSE DA BELA VISTA;TODOS;-20.5934194;-47.6416942;-20.5377516772009;-47.3988262744382;32.2;27.5;354950;SAO JOSE DA BELA VISTA;1465.8;1774.75;5720.4;1082.2;8268.4;3530;RRAS13;3508;DRS-08 Franca;35081;Tres Colinas;5;2;3;3;0;3;2;2;1;1;1;2;2;1;0;0;7;≤30 min;0.18;0.13;9.02019629892508;0.4;12.09;27.29;0.0;0.4;0.0;4.84;0.0;0.0;1.0;0.0;0.0;0.2;1
161;161;0;0;ITAPEVA;APIAI;BARRA DO CHAPEU;TODOS;-24.472203;-49.023784;-24.5108462;-48.8449052;25.2;28.3;350535;BARRA DO CHAPEU;930.8;1127.5;3718.8;696.0;5345.6;3519;RRAS08;3516;DRS-16 Sorocaba;35162;Itapeva;1;0;0;1;0;1;0;0;0;0;0;0;1;0;0;0;0;≤30 min;0.17;0.13;8.584029071602492;0.0;3.74;0.0;0.0;0.0;0.0;0.0;0.0;0.0;0.0;0.0;0.0;0.0;1
162;162;0;0;ITAPEVA;ITAPEVA;BOM SUCESSO DE ITARARE;TODOS;-24.3190016;-49.1446207;-23.9886708;-48.8771605;62.2;60.2;350715;BOM SUCESSO DE ITARARE;714.2;859.75;2591.6;351.4;3657.2;3519;RRAS08;3516;DRS-16 Sorocaba;35162;Itapeva;2;0;0;2;0;1;1;1;0;0;0;0;1;1;0;0;0;>60 min;0.2;0.1;8.204453106290272;0.5;10.94;0.0;0.0;0.0;0.0;5.47;0.0;0.0;0.0;0.0;0.0;0.0;1
163;163;0;0;ITAPEVA;APIAI;ITAOCA;TODOS;-24.6409691;-48.8410159;-24.5108462;-48.8449052;23.8;26.7;352215;ITAOCA;534.6;642.25;2276.6;571.2;3382.4;3519;RRAS08;3516;DRS-16 Sorocaba;35162;Itapeva;2;1;1;1;0;2;0;0;1;0;1;0;1;0;0;0;1;≤30 min;0.16;0.17;8.126340795675919;0.0;11.83;37.41;0.0;0.5;0.0;0.0;0.0;0.0;0.0;0.0;0.0;0.0;1
164;164;0;0;ITAPEVA;ITAPEVA;NOVA CAMPINA;TODOS;-24.1225305;-48.9054041;-23.9886708;-48.8771605;21.1;25.5;353282;NOVA CAMPINA;1630.6;1955.5;6279.2;851.2;8761.0;3519;RRAS08;3516;DRS-16 Sorocaba;35162;Itapeva;1;1;1;0;0;0;1;1;0;1;0;1;0;0;0;0;2;≤30 min;0.19;0.1;9.078065332666364;1.0;2.28;12.27;0.0;1.0;0.0;2.28;0.0;0.0;0.0;0.0;0.0;0.0;1
165;165;0;0;ITAPEVA;APIAI;RIBEIRA;TODOS;-24.6577435;-49.0086372;-24.5108462;-48.8449052;32.8;59.1;354280;RIBEIRA;545.4;668.0;2184.4;591.2;3321.0;3519;RRAS08;3516;DRS-16 Sorocaba;35162;Itapeva;1;0;0;1;0;0;1;1;0;0;0;0;0;1;0;0;0;31–60 min;0.16;0.18;8.108021221376747;1.0;6.02;0.0;0.0;0.0;0.0;6.02;0.0;0.0;0.0;0.0;0.0;0.0;1
166;166;0;0;ITAPEVA;ITARARE;RIVERSUL;TODOS;-23.8303603;-49.4340558;-24.1160533846079;-49.3456693612955;46.5;54.0;354350;RIVERSUL;960.6;1156.75;3999.2;1041.8;6001.6;3519;RRAS08;3516;DRS-16 Sorocaba;35162;Itapeva;0;0;0;0;0;0;0;0;0;0;0;0;0;0;0;0;0;31–60 min;0.16;0.17;8.699781379327623;0.0;0.0;0.0;0.0;0.0;0.0;0.0;0.0;0.0;0.0;0.0;0.0;0.0;1
167;167;0;0;ITAPEVA;ITAPEVA;TAQUARIVAI;TODOS;-23.9257829;-48.7005328;-23.9886708;-48.8771605;23.6;21.8;355385;TAQUARIVAI;1127.6;1335.75;4368.4;622.8;6118.8;3519;RRAS08;3516;DRS-16 Sorocaba;35162;Itapeva;1;1;1;0;0;1;0;0;1;0;1;0;0;0;0;0;1;≤30 min;0.18;0.1;8.71912127784911;0.0;3.27;17.74;0.0;1.0;0.0;0.0;0.0;0.0;0.0;0.0;0.0;0.0;1
168;168;0;0;JALES;JALES;APARECIDA D'OESTE;TODOS;-20.4498109;-50.8808706;-20.2667765;-50.5425068;44.8;44.7;350260;APARECIDA D'OESTE;494.2;599.75;2889.4;977.8;4361.4;3531;RRAS12;3515;DRS-15 Sao Jose do Rio Preto;35153;Jales;90;9;10;55;24;84;6;6;5;4;6;4;54;1;23;1;12;31–60 min;0.11;0.22;8.380548385718644;0.07;412.71;364.23;490.9;0.1;0.2667;27.51;0.0;4.0;2.0;0.0;0.0444;0.0222;0
169;169;0;0;JALES;JALES;ASPASIA;TODOS;-20.1596604;-50.7279226;-20.2667765;-50.5425068;24.8;21.6;350395;ASPASIA;231.0;274.25;1243.4;375.8;1850.2;3531;RRAS12;3515;DRS-15 Sao Jose do Rio Preto;35153;Jales;27;1;1;24;2;26;1;0;1;0;1;0;23;1;2;0;0;≤30 min;0.12;0.2;7.5230490203372185;0.04;291.86;86.58;106.44;0.037;0.0741;10.81;0.0;1.0;13.0;0.0;0.037;0.4815;0
170;170;0;0;JALES;JALES;DIRCE REIS;TODOS;-20.4664067;-50.606276;-20.2667765;-50.5425068;25.1;36.8;351385;DIRCE REIS;214.8;258.5;1126.8;357.4;1699.0;3531;RRAS12;3515;DRS-15 Sao Jose do Rio Preto;35153;Jales;22;1;1;17;3;22;0;0;1;0;1;0;17;0;3;0;0;31–60 min;0.13;0.21;7.4377951216719325;0.0;258.98;93.11;167.88;0.0455;0.1364;0.0;1.0;1.0;7.0;0.0455;0.0455;0.3182;0
171;171;0;0;JALES;JALES;DOLCINOPOLIS;TODOS;-20.1230736;-50.513261;-20.2667765;-50.5425068;25.8;22.6;351420;DOLCINOPOLIS;264.6;325.0;1496.6;442.6;2203.8;3531;RRAS12;3515;DRS-15 Sao Jose do Rio Preto;35153;Jales;8;0;0;7;1;8;0;0;0;0;0;0;7;0;1;0;0;≤30 min;0.12;0.2;7.697938422053677;0.0;72.6;0.0;45.19;0.0;0.125;0.0;0.0;0.0;4.0;0.0;0.0;0.5;1
172;172;0;0;JALES;FERNANDOPOLIS;ESTRELA D'OESTE;TODOS;-20.2860692;-50.3986216;-20.2956731;-50.2471189;20.2;18.6;351520;ESTRELA D'OESTE;1169.4;1389.5;6295.6;1581.0;9046.0;3531;RRAS12;3515;DRS-15 Sao Jose do Rio Preto;35154;Fernandopolis;47;3;3;35;9;45;2;2;2;1;2;1;34;1;9;0;2;≤30 min;0.13;0.17;9.11007795003779;0.04;103.91;51.31;113.85;0.0638;0.1915;4.42;2.0;1.0;3.0;0.0426;0.0213;0.0638;0
173;173;0;0;JALES;FERNANDOPOLIS;GUARANI D'OESTE;TODOS;-20.0749605;-50.3398517;-20.2956731;-50.2471189;29.9;31.0;351800;GUARANI D'OESTE;276.2;334.0;1350.2;393.0;2019.4;3531;RRAS12;3515;DRS-15 Sao Jose do Rio Preto;35154;Fernandopolis;65;2;3;42;21;63;2;2;1;1;2;1;42;0;20;1;5;31–60 min;0.14;0.19;7.610555716570221;0.03;643.76;144.82;1068.7;0.0308;0.3231;19.81;0.0;1.0;3.0;0.0;0.0154;0.0462;0
174;174;0;0;JALES;OUROESTE;INDIAPORA;TODOS;-19.9802644;-50.2906035;-20.0046951;-50.3707862;9.5;11.2;352070;INDIAPORA;497.2;595.25;2670.0;907.4;4074.6;3531;RRAS12;3515;DRS-15 Sao Jose do Rio Preto;35154;Fernandopolis;221;21;25;142;52;214;7;5;17;4;21;4;140;2;51;1;4;≤30 min;0.12;0.22;8.312527861347801;0.03;1084.77;844.73;1146.13;0.095;0.2353;34.36;0.0;5.0;0.0;0.0;0.0226;0.0;0
175;175;0;0;JALES;FERNANDOPOLIS;MACEDONIA;TODOS;-20.1454034;-50.193911;-20.2956731;-50.2471189;20.1;22.5;352820;MACEDONIA;469.4;570.75;2643.8;794.0;3907.2;3531;RRAS12;3515;DRS-15 Sao Jose do Rio Preto;35154;Fernandopolis;108;11;12;73;21;101;7;6;10;1;10;2;67;6;21;0;16;≤30 min;0.12;0.2;8.270576283916386;0.06;552.83;468.68;528.97;0.1019;0.1944;35.83;1.0;2.0;3.0;0.0093;0.0185;0.0278;0
176;176;0;0;JALES;JALES;MARINOPOLIS;TODOS;-20.4408333;-50.8227778;-20.2667765;-50.5425068;38.1;38.5;352910;MARINOPOLIS;214.2;268.5;1447.2;354.4;2015.8;3531;RRAS12;3515;DRS-15 Sao Jose do Rio Preto;35153;Jales;18;0;0;13;5;17;1;1;0;0;0;0;12;1;5;0;2;31–60 min;0.11;0.18;7.608771417920778;0.06;178.59;0.0;282.17;0.0;0.2778;9.92;0.0;0.0;3.0;0.0;0.0;0.1667;0
177;177;0;0;JALES;FERNANDOPOLIS;MERIDIANO;TODOS;-20.3547223;-50.172574;-20.2956731;-50.2471189;17.3;17.5;352960;MERIDIANO;578.4;686.75;2992.4;754.8;4325.6;3531;RRAS12;3515;DRS-15 Sao Jose do Rio Preto;35154;Fernandopolis;117;6;9;78;32;109;8;4;6;0;6;3;73;5;29;3;4;≤30 min;0.13;0.17;8.372306138067795;0.07;540.97;207.47;847.91;0.0513;0.2735;36.99;2.0;6.0;6.0;0.0171;0.0513;0.0513;0
178;178;0;0;JALES;JALES;MESOPOLIS;TODOS;-19.9662274;-50.6190438;-20.2667765;-50.5425068;41.1;41.8;352965;MESOPOLIS;290.0;342.75;1338.2;341.2;1969.4;3531;RRAS12;3515;DRS-15 Sao Jose do Rio Preto;35153;Jales;13;2;3;9;2;13;0;0;2;0;3;0;9;0;2;0;0;31–60 min;0.15;0.17;7.585484206813701;0.0;132.02;137.93;117.23;0.1538;0.1538;0.0;0.0;1.0;2.0;0.0;0.0769;0.1538;0
179;179;0;0;JALES;OUROESTE;MIRA ESTRELA;TODOS;-19.9806298;-50.136873;-20.0046951;-50.3707862;26.1;27.5;353000;MIRA ESTRELA;378.8;450.75;2007.2;644.2;3030.2;3531;RRAS12;3515;DRS-15 Sao Jose do Rio Preto;35154;Fernandopolis;129;12;12;88;25;128;1;0;12;0;12;0;88;0;24;1;0;≤30 min;0.13;0.21;8.016383902925735;0.01;851.43;633.58;776.16;0.093;0.1938;6.6;5.0;1.0;14.0;0.0388;0.0078;0.1085;0
180;180;0;0;JALES;SANTA FE DO SUL;NOVA CANAA PAULISTA;TODOS;-20.3872473;-50.9481571;-20.2143637079368;-50.9283364543431;24.6;26.2;353284;NOVA CANAA PAULISTA;217.0;268.75;1360.8;553.2;2131.0;3531;RRAS12;3515;DRS-15 Sao Jose do Rio Preto;35152;Santa Fé do Sul;22;3;4;14;5;21;1;1;3;0;4;0;13;1;5;0;3;≤30 min;0.1;0.26;7.664346632098617;0.05;206.48;276.5;180.77;0.1364;0.2273;9.39;0.0;0.0;1.0;0.0;0.0;0.0455;0
181;181;0;0;JALES;JALES;PALMEIRA D'OESTE;TODOS;-20.4168187;-50.762159;-20.2667765;-50.5425068;30.6;32.7;353520;PALMEIRA D'OESTE;1063.6;1309.25;6351.4;2082.4;9497.4;3531;RRAS12;3515;DRS-15 Sao Jose do Rio Preto;35153;Jales;94;9;11;67;17;84;10;8;4;5;5;6;62;5;17;0;18;31–60 min;0.11;0.22;9.158773355919747;0.11;197.95;169.24;163.27;0.0957;0.1809;21.06;1.0;1.0;2.0;0.0106;0.0106;0.0213;0
182;182;0;0;JALES;JALES;PARANAPUA;TODOS;-20.1033995;-50.5858761;-20.2667765;-50.5425068;23.4;24.7;353590;PARANAPUA;528.8;637.75;2755.8;713.2;3997.8;3531;RRAS12;3515;DRS-15 Sao Jose do Rio Preto;35153;Jales;128;7;8;84;33;121;7;6;3;4;4;4;82;2;33;0;24;≤30 min;0.13;0.18;8.293499488796547;0.05;640.35;264.75;925.41;0.0547;0.2578;35.02;4.0;4.0;26.0;0.0312;0.0312;0.2031;0
183;183;0;0;JALES;FERNANDOPOLIS;PEDRANOPOLIS;TODOS;-20.249177;-50.1102463;-20.2956731;-50.2471189;17.9;20.3;353690;PEDRANOPOLIS;336.0;409.5;1818.6;604.0;2758.6;3531;RRAS12;3515;DRS-15 Sao Jose do Rio Preto;35154;Fernandopolis;107;23;25;62;22;101;6;3;21;2;23;2;60;2;20;2;9;≤30 min;0.12;0.22;7.9224785836414195;0.06;775.76;1369.05;728.48;0.215;0.2056;43.5;2.0;0.0;2.0;0.0187;0.0;0.0187;0
184;184;0;0;JALES;JALES;PONTALINDA;TODOS;-20.44071;-50.5235329;-20.2667765;-50.5425068;25.5;24.5;354025;PONTALINDA;676.2;799.0;2926.8;619.2;4222.2;3531;RRAS12;3515;DRS-15 Sao Jose do Rio Preto;35153;Jales;116;8;10;77;28;111;5;5;5;3;6;4;76;1;27;1;13;≤30 min;0.16;0.15;8.348111598200559;0.04;549.48;236.62;904.39;0.069;0.2414;23.68;3.0;25.0;31.0;0.0259;0.2155;0.2672;0
185;185;0;0;JALES;OUROESTE;POPULINA;TODOS;-19.9427771;-50.5372875;-20.0046951;-50.3707862;22.0;22.1;354040;POPULINA;573.2;688.5;2857.2;873.6;4304.0;3531;RRAS12;3515;DRS-15 Sao Jose do Rio Preto;35154;Fernandopolis;25;6;7;15;4;23;2;2;4;2;5;2;15;0;4;0;4;≤30 min;0.13;0.2;8.36730010184162;0.08;116.17;209.35;91.58;0.24;0.16;9.29;2.0;0.0;1.0;0.08;0.0;0.04;0
186;186;0;0;JALES;SANTA FE DO SUL;RUBINEIA;TODOS;-20.1718325;-50.9995571;-20.2143637079368;-50.9283364543431;11.1;15.2;354450;RUBINEIA;409.8;484.25;2190.8;810.6;3411.2;3531;RRAS12;3515;DRS-15 Sao Jose do Rio Preto;35152;Santa Fé do Sul;99;10;10;60;29;93;6;5;5;5;5;5;60;0;28;1;14;≤30 min;0.12;0.24;8.13481941453147;0.06;580.44;488.04;715.52;0.101;0.2929;35.18;1.0;3.0;1.0;0.0101;0.0303;0.0101;0
187;187;0;0;JALES;JALES;SANTA ALBERTINA;TODOS;-20.0323485;-50.7278392;-20.2667765;-50.5425068;32.6;32.3;354570;SANTA ALBERTINA;805.2;941.25;4072.2;1284.0;6161.4;3531;RRAS12;3515;DRS-15 Sao Jose do Rio Preto;35153;Jales;33;4;4;18;9;30;3;3;1;3;1;3;18;0;9;0;9;31–60 min;0.13;0.21;8.726059303432304;0.09;107.12;99.35;140.19;0.1212;0.2727;9.74;0.0;0.0;4.0;0.0;0.0;0.1212;0
188;188;0;0;JALES;SANTA FE DO SUL;SANTA CLARA D'OESTE;TODOS;-20.0938889;-50.9263889;-20.2143637079368;-50.9283364543431;17.5;20.7;354610;SANTA CLARA D'OESTE;322.4;374.25;1577.2;448.2;2347.8;3531;RRAS12;3515;DRS-15 Sao Jose do Rio Preto;35152;Santa Fé do Sul;65;7;7;42;16;63;2;2;5;2;5;2;42;0;16;0;5;≤30 min;0.14;0.19;7.761233998444422;0.03;553.71;434.24;713.97;0.1077;0.2462;17.04;1.0;0.0;0.0;0.0154;0.0;0.0;0
189;189;0;0;JALES;SANTA FE DO SUL;SANTA RITA D'OESTE;TODOS;-20.1448079;-50.8317569;-20.2143637079368;-50.9283364543431;14.5;17.4;354740;SANTA RITA D'OESTE;273.8;327.5;1749.4;662.0;2685.2;3531;RRAS12;3515;DRS-15 Sao Jose do Rio Preto;35152;Santa Fé do Sul;84;7;8;53;23;81;3;2;4;3;5;3;53;0;23;0;6;≤30 min;0.1;0.25;7.895510492064596;0.04;625.65;511.32;694.86;0.0833;0.2738;22.34;1.0;1.0;3.0;0.0119;0.0119;0.0357;0
190;190;0;0;JALES;JALES;SANTA SALETE;TODOS;-20.2451795;-50.6889625;-20.2667765;-50.5425068;18.6;15.3;354765;SANTA SALETE;181.6;216.0;1034.8;352.8;1569.2;3531;RRAS12;3515;DRS-15 Sao Jose do Rio Preto;35153;Jales;40;1;1;24;13;39;1;0;0;1;0;1;24;0;13;0;3;≤30 min;0.12;0.22;7.3583212143353975;0.02;509.81;110.13;736.96;0.025;0.325;12.75;1.0;1.0;11.0;0.025;0.025;0.275;0
191;191;0;0;JALES;JALES;SANTANA DA PONTE PENSA;TODOS;-20.2543758;-50.7975649;-20.2667765;-50.5425068;30.8;26.3;354720;SANTANA DA PONTE PENSA;176.4;213.25;1081.4;445.4;1703.2;3531;RRAS12;3515;DRS-15 Sao Jose do Rio Preto;35153;Jales;23;1;1;15;7;22;1;1;0;1;0;1;15;0;7;0;3;≤30 min;0.1;0.26;7.4402641135792695;0.04;270.08;113.38;314.32;0.0435;0.3043;11.74;0.0;0.0;3.0;0.0;0.0;0.1304;0
192;192;0;0;JALES;JALES;SAO FRANCISCO;TODOS;-20.3604438;-50.696603;-20.2667765;-50.5425068;21.2;22.4;354900;SAO FRANCISCO;335.0;410.5;1807.2;627.4;2769.6;3531;RRAS12;3515;DRS-15 Sao Jose do Rio Preto;35153;Jales;28;0;1;19;9;27;1;1;0;0;1;0;19;0;8;1;1;≤30 min;0.12;0.23;7.926458184421945;0.04;202.2;0.0;286.9;0.0;0.3214;7.22;1.0;1.0;8.0;0.0357;0.0357;0.2857;0
193;193;0;0;JALES;FERNANDOPOLIS;SAO JOAO DAS DUAS PONTES;TODOS;-20.3878223;-50.378858;-20.2956731;-50.2471189;33.2;32.7;354920;SAO JOAO DAS DUAS PONTES;332.0;400.5;1827.0;465.4;2624.4;3531;RRAS12;3515;DRS-15 Sao Jose do Rio Preto;35154;Fernandopolis;87;7;7;56;22;81;6;4;4;3;4;3;55;1;21;1;7;31–60 min;0.13;0.18;7.872607577470722;0.07;663.01;421.69;945.42;0.0805;0.2529;45.72;1.0;1.0;2.0;0.0115;0.0115;0.023;0
194;194;0;0;JALES;FERNANDOPOLIS;SAO JOAO DE IRACEMA;TODOS;-20.5134345;-50.352595;-20.2956731;-50.2471189;50.5;51.7;354925;SAO JOAO DE IRACEMA;264.6;311.5;1248.8;339.8;1853.2;3531;RRAS12;3515;DRS-15 Sao Jose do Rio Preto;35154;Fernandopolis;25;3;3;15;6;25;0;0;3;0;3;0;15;0;6;0;0;31–60 min;0.14;0.18;7.524669153542494;0.0;269.8;226.76;353.15;0.12;0.24;0.0;0.0;0.0;1.0;0.0;0.0;0.04;0
195;195;0;0;JALES;SANTA FE DO SUL;TRES FRONTEIRAS;TODOS;-20.234355;-50.890528;-20.2143637079368;-50.9283364543431;5.7;8.7;355490;TRES FRONTEIRAS;840.0;975.5;4171.0;1213.6;6224.6;3531;RRAS12;3515;DRS-15 Sao Jose do Rio Preto;35152;Santa Fé do Sul;94;12;14;65;17;86;8;6;8;4;10;4;62;3;16;1;18;≤30 min;0.13;0.19;8.736264462240225;0.09;302.03;285.71;280.16;0.1277;0.1809;25.7;1.0;2.0;0.0;0.0106;0.0213;0.0;0
196;196;0;0;JALES;OUROESTE;TURMALINA;TODOS;-20.0530658;-50.4763212;-20.0046951;-50.3707862;20.8;21.1;355530;TURMALINA;149.8;188.5;1207.0;481.2;1838.0;3531;RRAS12;3515;DRS-15 Sao Jose do Rio Preto;35154;Fernandopolis;34;1;2;21;12;32;2;2;1;0;2;0;19;2;12;0;0;≤30 min;0.08;0.26;7.516433302915632;0.06;369.97;133.51;498.75;0.0294;0.3529;21.76;3.0;1.0;7.0;0.0882;0.0294;0.2059;0
197;197;0;0;JALES;JALES;URANIA;TODOS;-20.244491;-50.6450868;-20.2667765;-50.5425068;11.9;11.2;355580;URANIA;1131.8;1369.5;6118.2;1833.0;9083.0;3531;RRAS12;3515;DRS-15 Sao Jose do Rio Preto;35153;Jales;185;10;11;115;56;178;7;5;7;3;8;3;113;2;55;1;11;≤30 min;0.12;0.2;9.114159813502214;0.04;407.35;176.71;611.02;0.0541;0.3027;15.41;3.0;3.0;11.0;0.0162;0.0162;0.0595;0
198;198;0;0;JALES;JALES;VITORIA BRASIL;TODOS;-20.1978821;-50.4847947;-20.2667765;-50.5425068;14.5;14.1;355695;VITORIA BRASIL;245.4;293.75;1256.2;312.2;1813.8;3531;RRAS12;3515;DRS-15 Sao Jose do Rio Preto;35153;Jales;10;1;1;6;3;10;0;0;1;0;1;0;6;0;3;0;0;≤30 min;0.14;0.17;7.503179371013467;0.0;110.27;81.5;192.18;0.1;0.3;0.0;0.0;0.0;6.0;0.0;0.0;0.6;0
199;199;0;0;MARILIA;TUPA;ARCO-IRIS;TODOS;-21.7690152;-50.4267159;-21.9239111;-50.5180547;23.2;28.4;350335;ARCO-IRIS;290.0;335.25;1359.2;380.4;2029.6;3533;RRAS10;3509;DRS-09 Marilia;35095;Tupa;18;1;1;13;3;18;0;0;1;0;1;0;13;0;3;0;0;≤30 min;0.14;0.19;7.615594008285072;0.0;177.37;68.97;157.73;0.0556;0.1667;0.0;0.0;0.0;0.0;0.0;0.0;0.0;0
200;200;0;0;MARILIA;TUPA;BASTOS;TODOS;-21.9222474;-50.7317727;-21.9239111;-50.5180547;30.0;28.6;350580;BASTOS;3179.8;3807.5;15065.8;3349.6;21595.2;3533;RRAS10;3509;DRS-09 Marilia;35095;Tupa;730;70;84;535;112;710;20;13;66;4;80;4;524;11;107;5;18;≤30 min;0.15;0.16;9.980226346755018;0.03;676.08;440.28;668.74;0.0959;0.1534;18.52;8.0;1.0;0.0;0.011;0.0014;0.0;0
201;201;0;0;MARILIA;ADAMANTINA;FLORIDA PAULISTA;TODOS;-21.614061;-51.1729548;-21.6926132757716;-51.0706469456515;16.6;16.1;351600;FLORIDA PAULISTA;1701.4;2031.25;9518.2;2095.4;13315.0;3533;RRAS10;3509;DRS-09 Marilia;35091;Adamantina;263;22;23;166;70;251;12;9;15;7;16;7;162;4;69;1;36;≤30 min;0.13;0.16;9.496646498248033;0.05;395.04;258.61;668.13;0.0837;0.2662;18.02;0.0;1.0;0.0;0.0;0.0038;0.0;0
202;202;0;0;MARILIA;TUPA;HERCULANDIA;TODOS;-22.004508;-50.3862746;-21.9239111;-50.5180547;18.9;19.6;351900;HERCULANDIA;1369.2;1651.5;6389.6;1375.6;9134.4;3533;RRAS10;3509;DRS-09 Marilia;35095;Tupa;75;6;8;59;9;64;11;10;3;3;5;3;51;8;9;0;6;≤30 min;0.15;0.15;9.119802785209995;0.15;164.21;87.64;130.85;0.08;0.12;24.08;1.0;0.0;0.0;0.0133;0.0;0.0;0
203;203;0;0;MARILIA;ADAMANTINA;INUBIA PAULISTA;TODOS;-21.7701831;-50.9616718;-21.6926132757716;-51.0706469456515;17.6;19.0;352080;INUBIA PAULISTA;493.6;595.0;2581.8;642.4;3717.8;3533;RRAS10;3509;DRS-09 Marilia;35091;Adamantina;21;2;2;12;7;20;1;1;1;1;1;1;12;0;7;0;5;≤30 min;0.13;0.17;8.220887374473044;0.05;112.97;81.04;217.93;0.0952;0.3333;5.38;0.0;1.0;0.0;0.0;0.0476;0.0;0
204;204;0;0;MARILIA;ADAMANTINA;LUCELIA;TODOS;-21.7211293;-51.0188;-21.6926132757716;-51.0706469456515;7.2;8.5;352740;LUCELIA;2512.6;3038.25;14502.2;3472.6;20487.4;3533;RRAS10;3509;DRS-09 Marilia;35091;Adamantina;145;11;15;97;34;138;7;7;7;4;11;4;94;3;34;0;15;≤30 min;0.12;0.17;9.927565342015157;0.05;141.55;87.56;195.82;0.0759;0.2345;6.83;2.0;0.0;0.0;0.0138;0.0;0.0;0
205;205;0;0;MARILIA;ADAMANTINA;MARIAPOLIS;TODOS;-21.7966708;-51.1831475;-21.6926132757716;-51.0706469456515;21.2;22.3;352890;MARIAPOLIS;526.6;629.75;2578.8;687.2;3792.6;3533;RRAS10;3509;DRS-09 Marilia;35091;Adamantina;7;1;1;5;1;6;1;1;1;0;1;0;4;1;1;0;3;≤30 min;0.14;0.18;8.240807078706307;0.14;36.91;37.98;29.1;0.1429;0.1429;5.27;0.0;0.0;1.0;0.0;0.0;0.1429;1
206;206;0;0;MARILIA;ADAMANTINA;OSVALDO CRUZ;TODOS;-21.7962773;-50.879119;-21.6926132757716;-51.0706469456515;28.0;28.0;353460;OSVALDO CRUZ;3827.4;4554.0;22116.0;6350.8;32294.2;3533;RRAS10;3509;DRS-09 Marilia;35091;Adamantina;126;13;15;83;26;114;12;11;8;5;9;6;76;7;26;0;23;≤30 min;0.12;0.2;10.382642926523275;0.1;78.03;67.93;81.88;0.1032;0.2063;7.43;0.0;1.0;1.0;0.0;0.0079;0.0079;0
207;207;0;0;MARILIA;ADAMANTINA;PACAEMBU;TODOS;-21.566243;-51.2633114;-21.6926132757716;-51.0706469456515;27.8;26.6;353490;PACAEMBU;1343.2;1591.0;10831.0;2255.4;14429.6;3533;RRAS10;3509;DRS-09 Marilia;35091;Adamantina;134;7;10;98;27;131;3;3;6;1;9;1;97;1;26;1;3;≤30 min;0.09;0.16;9.57703693135599;0.02;185.73;104.23;239.43;0.0522;0.2015;4.16;4.0;14.0;13.0;0.0299;0.1045;0.097;0
208;208;0;0;MARILIA;TUPA;PARAPUA;TODOS;-21.781309;-50.7922396;-21.9239111;-50.5180547;35.6;33.6;353600;PARAPUA;1395.8;1684.25;7427.6;2187.6;11011.0;3533;RRAS10;3509;DRS-09 Marilia;35095;Tupa;53;7;7;34;11;49;4;2;5;2;5;2;32;2;11;0;3;31–60 min;0.13;0.2;9.306650052113591;0.08;96.27;100.3;100.57;0.1321;0.2075;7.27;0.0;0.0;5.0;0.0;0.0;0.0943;0
209;209;0;0;MARILIA;ADAMANTINA;PRACINHA;TODOS;-21.8537103;-51.0862052;-21.6926132757716;-51.0706469456515;21.2;25.3;354085;PRACINHA;227.6;271.75;2298.0;282.0;2807.6;3533;RRAS10;3509;DRS-09 Marilia;35091;Adamantina;10;0;0;8;2;10;0;0;0;0;0;0;8;0;2;0;0;≤30 min;0.08;0.1;7.940085304856266;0.0;71.24;0.0;141.84;0.0;0.2;0.0;0.0;0.0;0.0;0.0;0.0;0.0;0
210;210;0;0;MARILIA;TUPA;QUEIROZ;TODOS;-21.7991405;-50.2392786;-21.9239111;-50.5180547;35.6;35.8;354180;QUEIROZ;551.8;655.25;2208.8;372.0;3132.6;3533;RRAS10;3509;DRS-09 Marilia;35095;Tupa;79;6;9;59;13;79;0;0;6;0;9;0;59;0;13;0;0;31–60 min;0.18;0.12;8.049618609644561;0.0;504.37;217.47;698.92;0.0759;0.1646;0.0;0.0;0.0;0.0;0.0;0.0;0.0;0
211;211;0;0;MARILIA;TUPA;RINOPOLIS;TODOS;-21.728308;-50.7226134;-21.9239111;-50.5180547;41.0;40.3;354380;RINOPOLIS;1296.2;1561.0;6580.8;1990.8;9867.8;3533;RRAS10;3509;DRS-09 Marilia;35095;Tupa;67;1;2;41;24;66;1;1;1;0;2;0;40;1;24;0;0;31–60 min;0.13;0.2;9.197032209912443;0.01;135.8;15.43;241.11;0.0149;0.3582;2.03;1.0;5.0;0.0;0.0149;0.0746;0.0;0
212;212;0;0;MARILIA;ADAMANTINA;SAGRES;TODOS;-21.8840628;-50.9574608;-21.6926132757716;-51.0706469456515;36.0;37.6;354470;SAGRES;358.0;425.75;1664.8;452.6;2475.4;3533;RRAS10;3509;DRS-09 Marilia;35091;Adamantina;17;2;2;13;2;15;2;2;1;1;1;1;12;1;2;0;5;31–60 min;0.14;0.18;7.814157278105922;0.12;137.35;111.73;88.38;0.1176;0.1176;16.16;0.0;0.0;0.0;0.0;0.0;0.0;0
213;213;0;0;MARILIA;ADAMANTINA;SALMOURAO;TODOS;-21.625096;-50.8605656;-21.6926132757716;-51.0706469456515;39.1;40.9;354510;SALMOURAO;723.2;864.5;3349.6;855.0;4927.8;3533;RRAS10;3509;DRS-09 Marilia;35091;Adamantina;58;1;2;43;14;57;1;0;1;0;2;0;42;1;14;0;0;31–60 min;0.15;0.17;8.502647919974201;0.02;235.4;27.65;327.49;0.0172;0.2414;4.06;6.0;7.0;7.0;0.1034;0.1207;0.1207;0
214;214;1;0;MARILIA;IACRI;IACRI;TODOS;0.0;0.0;0.0;0.0;0.0;0.0;351920;IACRI;896.8;1074.25;4376.0;1174.6;6447.4;3533;RRAS10;3509;DRS-09 Marilia;35095;Tupa;146;7;9;107;30;145;1;1;7;0;9;0;107;0;29;1;0;Local;0.14;0.18;8.771432227747667;0.01;452.9;156.11;510.81;0.0479;0.2055;3.1;14.0;2.0;4.0;0.0959;0.0137;0.0274;0
215;215;0;1;MOGI DAS CRUZES;GUARULHOS;ARUJA;TODOS;-23.396266;-46.3175449;-23.4527908;-46.5162863;25.8;24.2;350390;ARUJA;13858.8;16503.25;60759.6;9453.8;84072.2;3525;RRAS02;3501;DRS-01 Grande Sao Paulo;35011;Alto do Tiete;2;0;0;2;0;2;0;0;0;0;0;0;2;0;0;0;0;≤30 min;0.16;0.11;11.339431232455915;0.0;0.48;0.0;0.0;0.0;0.0;0.0;0.0;0.0;0.0;0.0;0.0;0.0;1
216;216;0;0;MOGI DAS CRUZES;MOGI DAS CRUZES;BIRITIBA MIRIM;TODOS;-23.5697765;-46.0407456;-23.5094521;-46.1937851;22.0;23.7;350660;BIRITIBA MIRIM;5018.8;6030.0;21203.2;4197.4;30419.4;3525;RRAS02;3501;DRS-01 Grande Sao Paulo;35011;Alto do Tiete;1;0;0;1;0;1;0;0;0;0;0;0;1;0;0;0;0;≤30 min;0.16;0.14;10.322835841752887;0.0;0.66;0.0;0.0;0.0;0.0;0.0;0.0;0.0;0.0;0.0;0.0;0.0;1
217;217;0;0;MOGI DAS CRUZES;MOGI DAS CRUZES;GUARAREMA;TODOS;-23.4136776;-46.0383744;-23.5094521;-46.1937851;25.1;27.2;351830;GUARAREMA;4569.0;5431.5;20753.8;4253.0;29575.8;3525;RRAS02;3501;DRS-01 Grande Sao Paulo;35011;Alto do Tiete;7;0;0;7;0;7;0;0;0;0;0;0;7;0;0;0;0;≤30 min;0.15;0.14;10.29471173835395;0.0;4.73;0.0;0.0;0.0;0.0;0.0;0.0;1.0;0.0;0.0;0.1429;0.0;1
218;218;0;0;MOGI DAS CRUZES;FERRAZ DE VASCONCELOS ;FERRAZ DE VASCONCELOS;TODOS;0.0;0.0;0.0;0.0;0.0;0.0;351570;FERRAZ DE VASCONCELOS;31644.6;37619.5;133111.2;17605.2;182361.0;3525;RRAS02;3501;DRS-01 Grande Sao Paulo;35011;Alto do Tiete;52;4;5;43;5;44;8;6;3;1;4;1;36;7;5;0;12;≤30 min;0.17;0.1;12.11374351797104;0.15;5.7;2.53;5.68;0.0769;0.0962;0.88;14.0;16.0;26.0;0.2692;0.3077;0.5;0
219;219;0;0;MOGI DAS CRUZES;FERRAZ DE VASCONCELOS ;ITAQUAQUECETUBA;TODOS;-23.4754492;-46.3514033;-23.5380075282902;-46.3584959166986;9.6;15.6;352310;ITAQUAQUECETUBA;67342.0;79713.0;262158.0;31016.4;360516.4;3525;RRAS02;3501;DRS-01 Grande Sao Paulo;35011;Alto do Tiete;21;2;3;18;1;15;6;6;0;2;1;2;15;3;0;1;12;≤30 min;0.19;0.09;12.7952927270441;0.29;1.16;0.59;0.64;0.0952;0.0476;0.33;2.0;2.0;1.0;0.0952;0.0952;0.0476;0
220;220;0;0;MOGI DAS CRUZES;FERRAZ DE VASCONCELOS ;POA;TODOS;-23.5249082;-46.3445663;-23.5380075282902;-46.3584959166986;4.3;7.4;353980;POA;17472.6;20971.25;79300.2;13095.6;109868.4;3525;RRAS02;3501;DRS-01 Grande Sao Paulo;35011;Alto do Tiete;5;0;0;5;0;3;2;1;0;0;0;0;3;2;0;0;1;≤30 min;0.16;0.12;11.607038564923922;0.4;0.91;0.0;0.0;0.0;0.0;0.36;3.0;2.0;3.0;0.6;0.4;0.6;1
221;221;0;0;MOGI DAS CRUZES;FERRAZ DE VASCONCELOS ;SUZANO;TODOS;-23.5427842;-46.3108391;-23.5380075282902;-46.3584959166986;7.7;11.6;355250;SUZANO;49773.2;59009.75;214544.8;32539.8;296857.8;3525;RRAS02;3501;DRS-01 Grande Sao Paulo;35011;Alto do Tiete;35;1;1;30;3;26;9;7;0;1;0;1;23;7;3;0;15;≤30 min;0.17;0.11;12.601008515250534;0.26;2.36;0.4;1.84;0.0286;0.0857;0.61;3.0;4.0;12.0;0.0857;0.1143;0.3429;0
222;222;0;1;OSASCO;SAO PAULO;BARUERI;TODOS;-23.5112184;-46.8764612;-23.5706964;-46.7104754;20.5;19.1;350570;BARUERI;50252.4;58845.25;212623.2;27200.2;290075.8;3522;RRAS05;3501;DRS-01 Grande Sao Paulo;35014;Rota dos Bandeirantes;76;12;16;59;3;75;1;0;12;0;16;0;58;1;3;0;0;≤30 min;0.17;0.09;12.577897547119381;0.01;5.24;4.78;2.21;0.1579;0.0395;0.07;0.0;1.0;1.0;0.0;0.0132;0.0132;0
223;223;0;1;OSASCO;SAO PAULO;CARAPICUIBA;TODOS;-23.5234673;-46.8406808;-23.5706964;-46.7104754;17.8;19.3;351060;CARAPICUIBA;66671.6;79200.25;287236.8;42530.8;396439.2;3522;RRAS05;3501;DRS-01 Grande Sao Paulo;35014;Rota dos Bandeirantes;110;15;22;90;5;102;8;5;13;2;19;3;84;6;5;0;9;≤30 min;0.17;0.11;12.890277966558767;0.07;5.55;4.5;2.35;0.1364;0.0455;0.4;2.0;4.0;10.0;0.0182;0.0364;0.0909;0
224;224;0;1;OSASCO;SAO PAULO;JANDIRA;TODOS;-23.5282246;-46.902003;-23.5706964;-46.7104754;24.7;23.9;352500;JANDIRA;20213.4;23896.0;87472.0;10904.8;118590.2;3522;RRAS05;3501;DRS-01 Grande Sao Paulo;35014;Rota dos Bandeirantes;33;3;4;27;3;29;4;2;3;0;4;0;23;4;3;0;1;≤30 min;0.17;0.09;11.683429131440258;0.12;5.57;2.97;5.5;0.0909;0.0909;0.67;11.0;12.0;9.0;0.3333;0.3636;0.2727;0
225;225;0;1;OSASCO;SAO PAULO;OSASCO;TODOS;-23.5324859;-46.7916801;-23.5706964;-46.7104754;12.3;14.5;353440;OSASCO;113760.6;134732.5;530151.2;89154.4;733066.2;3522;RRAS05;3501;DRS-01 Grande Sao Paulo;35014;Rota dos Bandeirantes;132;15;19;102;14;119;13;10;13;2;16;3;91;11;14;0;8;≤30 min;0.16;0.12;13.504991290569736;0.1;3.6;2.64;3.14;0.1136;0.1061;0.35;3.0;4.0;9.0;0.0227;0.0303;0.0682;0
226;226;0;0;OSASCO;ITAPEVI;PIRAPORA DO BOM JESUS;TODOS;-23.3972146;-47.0025661;-23.5375412468293;-46.9426954608781;33.3;32.8;353910;PIRAPORA DO BOM JESUS;3356.4;3971.25;12602.6;1586.0;17545.0;3522;RRAS05;3501;DRS-01 Grande Sao Paulo;35014;Rota dos Bandeirantes;48;15;19;32;1;43;5;2;14;1;18;1;28;4;1;0;0;31–60 min;0.19;0.09;9.772524288017316;0.1;54.72;89.38;12.61;0.3125;0.0208;5.7;10.0;19.0;22.0;0.2083;0.3958;0.4583;0
227;227;0;1;OSASCO;SAO PAULO;SANTANA DE PARNAIBA;TODOS;-23.4446715;-46.9167722;-23.5706964;-46.7104754;30.9;32.9;354730;SANTANA DE PARNAIBA;23578.0;27627.0;97520.2;14390.2;135488.4;3522;RRAS05;3501;DRS-01 Grande Sao Paulo;35014;Rota dos Bandeirantes;87;23;25;58;6;82;5;4;22;1;23;2;54;4;6;0;0;31–60 min;0.17;0.11;11.816641306781158;0.06;12.84;19.51;8.34;0.2644;0.069;0.74;2.0;15.0;8.0;0.023;0.1724;0.092;0
228;228;0;0;OSASCO;JUQUITIBA;SAO LOURENCO DA SERRA;TODOS;-23.8535923;-46.9440587;-23.9340646;-47.0681478;19.1;15.4;354995;SAO LOURENCO DA SERRA;2454.2;2910.0;10950.6;2064.6;15469.4;3523;RRAS04;3501;DRS-01 Grande Sao Paulo;35013;Mananciais;4;0;0;3;1;4;0;0;0;0;0;0;3;0;1;0;0;≤30 min;0.16;0.13;9.646619158070298;0.0;5.17;0.0;9.69;0.0;0.25;0.0;2.0;2.0;2.0;0.5;0.5;0.5;1
229;229;0;0;OSASCO;EMBU DAS ARTES;TABOAO DA SERRA;TODOS;-23.6121912;-46.7790539;-23.6483663835611;-46.8472272235919;8.6;8.6;355280;TABOAO DA SERRA;44681.0;53038.75;199659.2;28464.8;272805.0;3523;RRAS04;3501;DRS-01 Grande Sao Paulo;35013;Mananciais;45;5;5;39;1;39;6;4;5;0;5;0;33;6;1;0;20;≤30 min;0.16;0.1;12.516512533229228;0.13;3.3;2.24;0.7;0.1111;0.0222;0.44;1.0;2.0;6.0;0.0222;0.0444;0.1333;0
230;230;0;0;OSASCO;COTIA;VARGEM GRANDE PAULISTA;TODOS;-23.599338;-47.022038;-23.6086712;-46.9202236;15.3;18.7;355645;VARGEM GRANDE PAULISTA;8226.4;9720.5;34711.6;5692.8;48630.8;3523;RRAS04;3501;DRS-01 Grande Sao Paulo;35013;Mananciais;2;0;0;2;0;2;0;0;0;0;0;0;2;0;0;0;0;≤30 min;0.17;0.12;10.792012354013085;0.0;0.82;0.0;0.0;0.0;0.0;0.0;0.0;0.0;0.0;0.0;0.0;0.0;1
231;231;0;0;PIRACICABA;SAO PEDRO;AGUAS DE SAO PEDRO;TODOS;-22.6000681;-47.8750887;-22.5480833;-47.914176;8.5;7.4;350060;AGUAS DE SAO PEDRO;291.2;351.25;1746.4;794.6;2832.2;3529;RRAS14;3510;DRS-10 Piracicaba;35103;Piracicaba;85;3;4;59;21;84;1;1;3;0;4;0;58;1;21;0;0;≤30 min;0.1;0.28;7.948809073788959;0.01;600.24;206.04;528.57;0.0353;0.2471;7.06;1.0;0.0;0.0;0.0118;0.0;0.0;0
232;232;0;0;PIRACICABA;PIRASSUNUNGA;ANALANDIA;TODOS;-22.128917;-47.661939;-22.006323;-47.4215713;33.7;32.9;350200;ANALANDIA;736.8;868.25;3110.8;719.8;4567.4;3529;RRAS14;3510;DRS-10 Piracicaba;35104;Rio Claro;8;2;2;6;0;7;1;1;2;0;2;0;5;1;0;0;2;31–60 min;0.16;0.16;8.426699394197492;0.12;35.03;54.29;0.0;0.25;0.0;4.38;1.0;2.0;2.0;0.125;0.25;0.25;1
233;233;0;0;PIRACICABA;SAO PEDRO;CHARQUEADA;TODOS;-22.50958;-47.775468;-22.5480833;-47.914176;21.7;19.2;351170;CHARQUEADA;2470.4;2923.25;11108.0;2165.4;15743.8;3529;RRAS14;3510;DRS-10 Piracicaba;35103;Piracicaba;182;27;30;126;27;173;9;7;21;6;24;6;123;3;27;0;13;≤30 min;0.16;0.14;9.664201915959316;0.05;231.2;218.59;249.38;0.1484;0.1484;11.43;7.0;22.0;19.0;0.0385;0.1209;0.1044;0
234;234;0;0;PIRACICABA;ARARAS;CONCHAL;TODOS;-22.337512;-47.172927;-22.3576016921778;-47.3798927916678;26.8;24.4;351220;CONCHAL;4540.6;5364.25;19752.6;3344.4;27637.6;3529;RRAS14;3510;DRS-10 Piracicaba;35101;Araras;20;0;0;18;2;17;3;2;0;0;0;0;15;3;2;0;2;≤30 min;0.16;0.12;10.22693244343143;0.15;14.47;0.0;11.96;0.0;0.1;2.17;1.0;1.0;4.0;0.05;0.05;0.2;0
235;235;0;0;PIRACICABA;LIMEIRA;CORDEIROPOLIS;TODOS;-22.4768324;-47.4550551;-22.579273;-47.4005557;15.4;19.9;351240;CORDEIROPOLIS;3675.8;4319.25;16702.8;3008.8;23387.4;3529;RRAS14;3510;DRS-10 Piracicaba;35102;Limeira;15;1;2;11;3;15;0;0;1;0;2;0;11;0;3;0;0;≤30 min;0.16;0.13;10.059952694784856;0.0;12.83;5.44;19.94;0.0667;0.2;0.0;1.0;1.0;1.0;0.0667;0.0667;0.0667;0
236;236;0;0;PIRACICABA;RIO CLARO;CORUMBATAI;TODOS;-22.2210521;-47.6249638;-22.4187754;-47.5667708;30.0;28.3;351270;CORUMBATAI;621.2;739.75;2904.8;597.0;4123.0;3529;RRAS14;3510;DRS-10 Piracicaba;35104;Rio Claro;7;1;1;5;1;6;1;0;0;1;0;1;5;0;1;0;0;≤30 min;0.15;0.14;8.3243363327069;0.14;33.96;32.2;33.5;0.1429;0.1429;4.85;0.0;1.0;1.0;0.0;0.1429;0.1429;1
237;237;0;0;PIRACICABA;CAPIVARI;ELIAS FAUSTO;TODOS;-23.0416538;-47.3718002;-22.9985529583081;-47.4929512050703;19.5;18.7;351490;ELIAS FAUSTO;2757.0;3266.0;12292.6;2129.8;17179.4;3529;RRAS14;3510;DRS-10 Piracicaba;35103;Piracicaba;21;1;1;17;3;21;0;0;1;0;1;0;17;0;3;0;0;≤30 min;0.16;0.12;9.75146627059776;0.0;24.45;7.25;28.17;0.0476;0.1429;0.0;0.0;0.0;1.0;0.0;0.0;0.0476;0
238;238;0;0;PIRACICABA;LIMEIRA;ENGENHEIRO COELHO;TODOS;-22.4896659;-47.2119005;-22.579273;-47.4005557;27.6;25.2;351515;ENGENHEIRO COELHO;3274.6;3829.5;13201.4;1671.6;18147.6;3529;RRAS14;3510;DRS-10 Piracicaba;35102;Limeira;44;5;5;38;1;42;2;0;3;2;3;2;38;0;1;0;2;≤30 min;0.18;0.09;9.806293599544695;0.05;48.49;30.54;11.96;0.1136;0.0227;2.2;2.0;3.0;1.0;0.0455;0.0682;0.0227;0
239;239;0;0;PIRACICABA;RIO CLARO;IPEUNA;TODOS;-22.4356582;-47.7146714;-22.4187754;-47.5667708;20.7;22.5;352110;IPEUNA;1116.6;1320.0;4652.6;871.8;6641.0;3529;RRAS14;3510;DRS-10 Piracicaba;35104;Rio Claro;32;5;6;22;4;30;2;1;5;0;6;0;20;2;4;0;0;≤30 min;0.17;0.13;8.801017833540714;0.06;96.37;89.56;91.76;0.1562;0.125;6.02;11.0;12.0;7.0;0.3438;0.375;0.2188;0
240;240;0;0;PIRACICABA;LIMEIRA;IRACEMAPOLIS;TODOS;-22.5869091;-47.5160966;-22.579273;-47.4005557;15.1;17.7;352140;IRACEMAPOLIS;3203.6;3796.25;15661.0;2730.2;21594.8;3529;RRAS14;3510;DRS-10 Piracicaba;35102;Limeira;34;7;7;27;0;29;5;3;4;3;4;3;25;2;0;0;7;≤30 min;0.15;0.13;9.980207823948811;0.15;31.49;43.7;0.0;0.2059;0.0;4.63;0.0;1.0;1.0;0.0;0.0294;0.0294;0
241;241;0;0;PIRACICABA;CAPIVARI;MOMBUCA;TODOS;-22.9293093;-47.5650724;-22.9985529583081;-47.4929512050703;12.7;14.1;353090;MOMBUCA;621.2;722.5;2485.8;443.6;3550.6;3529;RRAS14;3510;DRS-10 Piracicaba;35103;Piracicaba;16;4;6;10;2;16;0;0;4;0;6;0;10;0;2;0;0;≤30 min;0.17;0.12;8.174871882272697;0.0;90.13;128.78;90.17;0.25;0.125;0.0;2.0;1.0;1.0;0.125;0.0625;0.0625;0
242;242;0;0;PIRACICABA;CAPIVARI;RAFARD;TODOS;-23.0143559;-47.5306721;-22.9985529583081;-47.4929512050703;5.7;6.8;354210;RAFARD;1355.4;1615.0;6351.4;1292.0;8998.8;3529;RRAS14;3510;DRS-10 Piracicaba;35103;Piracicaba;13;1;1;10;2;13;0;0;1;0;1;0;10;0;2;0;0;≤30 min;0.15;0.14;9.104846514095344;0.0;28.89;14.76;30.96;0.0769;0.1538;0.0;1.0;0.0;0.0;0.0769;0.0;0.0;0
243;243;0;1;PIRACICABA;PIRACICABA;SALTINHO;TODOS;-22.8446614;-47.675489;-22.7346887;-47.6391905;14.2;13.6;354515;SALTINHO;1000.4;1190.75;5459.6;1349.4;7809.4;3529;RRAS14;3510;DRS-10 Piracicaba;35103;Piracicaba;119;5;7;84;25;111;8;7;2;3;4;3;80;4;24;1;8;≤30 min;0.13;0.17;8.963083415298705;0.07;304.76;99.96;370.54;0.042;0.2101;20.49;0.0;0.0;4.0;0.0;0.0;0.0336;0
244;244;0;0;PIRACICABA;LEME;SANTA CRUZ DA CONCEICAO;TODOS;-22.1378975;-47.4555647;-22.1900842;-47.3920103;11.5;13.4;354620;SANTA CRUZ DA CONCEICAO;568.4;682.5;2875.8;858.6;4302.8;3529;RRAS14;3510;DRS-10 Piracicaba;35101;Araras;11;0;0;10;1;9;2;2;0;0;0;0;8;2;1;0;0;≤30 min;0.13;0.2;8.36702125255785;0.18;51.13;0.0;23.29;0.0;0.0909;9.3;0.0;0.0;0.0;0.0;0.0;0.0;0
245;245;0;0;PIRACICABA;RIO CLARO;SANTA GERTRUDES;TODOS;-22.4590897;-47.532034;-22.4187754;-47.5667708;7.4;7.9;354670;SANTA GERTRUDES;3939.0;4640.0;17075.4;2327.0;23341.4;3529;RRAS14;3510;DRS-10 Piracicaba;35104;Rio Claro;60;4;4;46;9;54;6;4;4;0;4;0;40;6;9;0;0;≤30 min;0.17;0.1;10.057983886903687;0.1;51.41;20.31;77.35;0.0667;0.15;5.14;10.0;7.0;8.0;0.1667;0.1167;0.1333;0
246;246;0;0;PIRACICABA;SAO PEDRO;SANTA MARIA DA SERRA;TODOS;-22.5691072;-48.157095;-22.5480833;-47.914176;27.7;24.0;354700;SANTA MARIA DA SERRA;933.2;1116.75;3825.4;725.0;5483.6;3529;RRAS14;3510;DRS-10 Piracicaba;35103;Piracicaba;250;21;27;199;28;234;16;12;15;6;21;6;190;9;27;1;15;≤30 min;0.17;0.13;8.609517098561746;0.06;911.81;450.06;772.41;0.084;0.112;58.36;9.0;9.0;80.0;0.036;0.036;0.32;0
247;247;0;1;PRESIDENTE PRUDENTE;PRESIDENTE PRUDENTE;ALFREDO MARCONDES;TODOS;-21.9527;-51.413956;-21.8815311;-50.9535192;30.0;30.0;350080;ALFREDO MARCONDES;530.0;626.0;2813.2;901.0;4244.2;3532;RRAS11;3511;DRS-11 Presidente Prudente;35112;Alta Sorocabana;14;0;1;8;5;13;1;1;0;0;1;0;7;1;5;0;4;≤30 min;0.12;0.21;8.353308623976949;0.07;65.97;0.0;110.99;0.0;0.3571;4.71;0.0;0.0;0.0;0.0;0.0;0.0;0
248;248;0;1;PRESIDENTE PRUDENTE;PRESIDENTE PRUDENTE;ALVARES MACHADO;TODOS;-22.0766673887943;-51.4714050591318;-22.1321613052015;-51.4073413591303;13.4;13.6;350130;ALVARES MACHADO;3910.8;4611.5;18176.6;3975.4;26062.8;3532;RRAS11;3511;DRS-11 Presidente Prudente;35112;Alta Sorocabana;57;7;9;41;8;52;5;3;6;1;8;1;37;4;8;0;4;≤30 min;0.15;0.15;10.168264289266276;0.09;43.74;35.8;40.25;0.1228;0.1404;3.84;4.0;1.0;1.0;0.0702;0.0175;0.0175;0
249;249;0;1;PRESIDENTE PRUDENTE;PRESIDENTE PRUDENTE;ANHUMAS;TODOS;-22.2956478;-51.3873401;-22.1321613052015;-51.4073413591303;24.7;23.6;350240;ANHUMAS;583.6;697.5;2747.8;645.2;3976.6;3532;RRAS11;3511;DRS-11 Presidente Prudente;35112;Alta Sorocabana;11;1;2;9;1;11;0;0;1;0;2;0;9;0;1;0;0;≤30 min;0.15;0.16;8.28818246182398;0.0;55.32;34.27;31.0;0.0909;0.0909;0.0;0.0;0.0;0.0;0.0;0.0;0.0;0
250;250;0;0;PRESIDENTE PRUDENTE;MARTINOPOLIS;CAIABU;TODOS;-22.0143038;-51.2356597;-22.1431815;-51.1715728;18.9;19.4;350890;CAIABU;529.8;636.25;2715.6;727.4;3972.8;3532;RRAS11;3511;DRS-11 Presidente Prudente;35112;Alta Sorocabana;6;1;1;2;3;6;0;0;1;0;1;0;2;0;3;0;0;≤30 min;0.13;0.18;8.287226414753903;0.0;30.21;37.75;82.49;0.1667;0.5;0.0;0.0;1.0;1.0;0.0;0.1667;0.1667;1
251;251;0;1;PRESIDENTE PRUDENTE;PRESIDENTE PRUDENTE;EMILIANOPOLIS;TODOS;-21.831436;-51.483168;-22.1321613052015;-51.4073413591303;48.5;48.5;351512;EMILIANOPOLIS;388.0;467.25;2096.4;609.8;3094.2;3532;RRAS11;3511;DRS-11 Presidente Prudente;35112;Alta Sorocabana;34;1;1;24;9;34;0;0;1;0;1;0;24;0;9;0;0;31–60 min;0.13;0.2;8.037284670284969;0.0;219.77;51.55;295.18;0.0294;0.2647;0.0;0.0;0.0;0.0;0.0;0.0;0.0;0
252;252;0;0;PRESIDENTE PRUDENTE;PIRAPOZINHO;ESTRELA DO NORTE;TODOS;-22.4886301;-51.6606857;-22.2758152;-51.4940169;31.7;29.6;351530;ESTRELA DO NORTE;434.0;519.0;1917.6;402.0;2753.6;3532;RRAS11;3511;DRS-11 Presidente Prudente;35112;Alta Sorocabana;33;6;7;18;9;30;3;3;6;0;6;1;16;2;8;1;10;≤30 min;0.16;0.15;7.920664425457275;0.09;239.69;276.5;447.76;0.1818;0.2727;21.79;0.0;0.0;0.0;0.0;0.0;0.0;0
253;253;0;0;PRESIDENTE PRUDENTE;MARTINOPOLIS;INDIANA;TODOS;-22.1748508;-51.2534615;-22.1431815;-51.1715728;12.7;13.0;352060;INDIANA;682.2;804.25;3524.6;861.0;5067.8;3532;RRAS11;3511;DRS-11 Presidente Prudente;35112;Alta Sorocabana;31;0;0;25;6;30;1;1;0;0;0;0;24;1;6;0;6;≤30 min;0.13;0.17;8.530662077363202;0.03;122.34;0.0;139.37;0.0;0.1935;3.95;0.0;0.0;1.0;0.0;0.0;0.0323;0
254;254;0;0;PRESIDENTE PRUDENTE;RANCHARIA;JOAO RAMALHO;TODOS;-22.2486157;-50.7677114;-22.2335045;-50.8967191;15.0;16.0;352560;JOAO RAMALHO;746.2;881.0;3076.6;566.0;4388.8;3532;RRAS11;3511;DRS-11 Presidente Prudente;35113;Alto Capivari;25;1;1;20;4;22;3;3;1;0;1;0;18;2;3;1;0;≤30 min;0.17;0.13;8.386811120183339;0.12;113.93;26.8;141.34;0.04;0.16;13.67;1.0;1.0;1.0;0.04;0.04;0.04;0
255;255;0;0;PRESIDENTE PRUDENTE;IEPE;NANTES;TODOS;-22.6191472;-51.2382255;-22.6601033;-51.0790603;21.2;20.2;353215;NANTES;463.6;554.5;1952.8;333.6;2750.0;3532;RRAS11;3511;DRS-11 Presidente Prudente;35113;Alto Capivari;8;1;1;5;2;7;1;0;1;0;1;0;4;1;2;0;2;≤30 min;0.17;0.12;7.919356190660617;0.12;58.18;43.14;119.9;0.125;0.25;7.27;0.0;0.0;1.0;0.0;0.0;0.125;1
256;256;0;0;PRESIDENTE PRUDENTE;PIRAPOZINHO;NARANDIBA;TODOS;-22.4080573;-51.5251755;-22.2758152;-51.4940169;16.6;19.0;353220;NARANDIBA;919.2;1059.25;3565.2;602.6;5087.0;3532;RRAS11;3511;DRS-11 Presidente Prudente;35112;Alta Sorocabana;33;4;4;27;2;31;2;2;2;2;2;2;27;0;2;0;8;≤30 min;0.18;0.12;8.534443544822764;0.06;129.74;87.03;66.38;0.1212;0.0606;7.86;2.0;1.0;1.0;0.0606;0.0303;0.0303;0
257;257;0;1;PRESIDENTE PRUDENTE;PRESIDENTE PRUDENTE;PRESIDENTE BERNARDES;TODOS;-22.0064609;-51.5542973;-22.1321613052015;-51.4073413591303;25.0;22.9;354120;PRESIDENTE BERNARDES;1504.8;1820.5;10085.4;2737.8;14328.0;3532;RRAS11;3511;DRS-11 Presidente Prudente;35112;Alta Sorocabana;83;5;5;59;18;80;3;1;4;1;4;1;58;1;17;1;8;≤30 min;0.11;0.19;9.569970943740548;0.04;115.86;66.45;131.49;0.0602;0.2169;4.19;0.0;0.0;0.0;0.0;0.0;0.0;0
258;258;0;0;PRESIDENTE PRUDENTE;RANCHARIA;QUATA;TODOS;-22.2470977;-50.7003624;-22.2335045;-50.8967191;22.4;23.0;354170;QUATA;2141.0;2535.0;9366.8;1881.2;13389.0;3532;RRAS11;3511;DRS-11 Presidente Prudente;35113;Alto Capivari;70;2;3;51;14;64;6;3;2;0;3;0;46;5;13;1;3;≤30 min;0.16;0.14;9.50218875329738;0.09;104.56;18.68;148.84;0.0286;0.2;8.96;5.0;5.0;3.0;0.0714;0.0714;0.0429;0
259;259;0;1;PRESIDENTE PRUDENTE;PRESIDENTE PRUDENTE;REGENTE FEIJO;TODOS;-22.2191056;-51.3034558;-22.1321613052015;-51.4073413591303;20.4;19.4;354240;REGENTE FEIJO;2850.6;3378.5;13852.2;3187.4;19890.2;3532;RRAS11;3511;DRS-11 Presidente Prudente;35112;Alta Sorocabana;26;0;1;20;5;22;4;3;0;0;1;0;17;3;4;1;10;≤30 min;0.14;0.16;9.897982427101637;0.15;26.14;0.0;31.37;0.0;0.1923;4.02;0.0;0.0;0.0;0.0;0.0;0.0;0
260;260;0;0;PRESIDENTE PRUDENTE;SANTO ANASTACIO;RIBEIRAO DOS INDIOS;TODOS;-21.8378246;-51.602158;-21.9758927;-51.6517237;17.0;19.9;354323;RIBEIRAO DOS INDIOS;250.6;307.25;1440.8;462.0;2153.4;3532;RRAS11;3511;DRS-11 Presidente Prudente;35112;Alta Sorocabana;1;0;0;0;1;1;0;0;0;0;0;0;0;0;1;0;0;≤30 min;0.12;0.21;7.674803267381616;0.0;9.29;0.0;43.29;0.0;1.0;0.0;0.0;0.0;0.0;0.0;0.0;0.0;1
261;261;1;0;PRESIDENTE PRUDENTE;SANTO ANASTACIO;SANTO ANASTACIO;TODOS;0.0;0.0;0.0;0.0;0.0;0.0;354770;SANTO ANASTACIO;2496.6;3037.0;13441.2;3712.8;19650.6;3532;RRAS11;3511;DRS-11 Presidente Prudente;35112;Alta Sorocabana;82;17;18;56;8;60;22;20;9;8;10;8;45;11;5;3;64;Local;0.13;0.19;9.885863151182388;0.27;83.46;136.19;43.09;0.2073;0.0976;22.39;0.0;1.0;5.0;0.0;0.0122;0.061;0
262;262;0;0;PRESIDENTE PRUDENTE;PIRAPOZINHO;SANDOVALINA;TODOS;-22.4560782;-51.7634004;-22.2758152;-51.4940169;40.0;37.5;354550;SANDOVALINA;660.2;781.5;2623.4;490.0;3773.6;3532;RRAS11;3511;DRS-11 Presidente Prudente;35112;Alta Sorocabana;8;1;1;4;2;7;1;1;0;1;0;1;4;0;2;0;3;31–60 min;0.17;0.13;8.235784731970051;0.12;42.4;30.29;81.63;0.125;0.25;5.3;0.0;0.0;0.0;0.0;0.0;0.0;1
263;263;0;1;PRESIDENTE PRUDENTE;PRESIDENTE PRUDENTE;SANTO EXPEDITO;TODOS;-21.8508736;-51.3925315;-22.1321613052015;-51.4073413591303;42.6;44.4;354830;SANTO EXPEDITO;389.8;470.75;1992.8;591.4;2974.0;3532;RRAS11;3511;DRS-11 Presidente Prudente;35112;Alta Sorocabana;7;1;1;6;0;7;0;0;1;0;1;0;6;0;0;0;0;31–60 min;0.13;0.2;7.9976631270201;0.0;47.07;51.31;0.0;0.1429;0.0;0.0;0.0;0.0;0.0;0.0;0.0;0.0;1
264;264;0;1;PRESIDENTE PRUDENTE;PRESIDENTE PRUDENTE;TACIBA;TODOS;-22.3893943;-51.2888486;-22.1321613052015;-51.4073413591303;37.4;29.6;355290;TACIBA;967.0;1138.75;4266.4;881.6;6115.0;3532;RRAS11;3511;DRS-11 Presidente Prudente;35112;Alta Sorocabana;18;0;0;16;2;18;0;0;0;0;0;0;16;0;2;0;0;≤30 min;0.16;0.14;8.718500048121273;0.0;58.87;0.0;45.37;0.0;0.1111;0.0;2.0;0.0;2.0;0.1111;0.0;0.1111;0
265;265;0;0;PRESIDENTE PRUDENTE;PIRAPOZINHO;TARABAI;TODOS;-22.3038726;-51.5628675;-22.2758152;-51.4940169;9.4;10.4;355390;TARABAI;1067.0;1280.5;4783.2;899.2;6749.4;3532;RRAS11;3511;DRS-11 Presidente Prudente;35112;Alta Sorocabana;29;2;2;25;2;26;3;1;0;2;0;2;24;1;2;0;3;≤30 min;0.16;0.13;8.817208891026835;0.1;85.93;37.49;44.48;0.069;0.069;8.89;0.0;0.0;2.0;0.0;0.0;0.069;0
266;266;0;0;PRESIDENTE VENCESLAU;PRESIDENTE VENCESLAU;CAIUA;TODOS;-21.8319357;-51.9887179;-21.8714290876156;-51.841602703319;21.7;19.8;350910;CAIUA;603.2;743.75;3913.4;830.4;5347.0;3532;RRAS11;3511;DRS-11 Presidente Prudente;35114;Extremo Oeste Paulista;127;13;14;89;22;120;7;6;11;2;12;2;85;4;21;1;10;≤30 min;0.11;0.16;8.584290934948731;0.06;475.03;431.03;529.87;0.1024;0.1732;26.18;1.0;5.0;0.0;0.0079;0.0394;0.0;0
267;267;0;0;PRESIDENTE VENCESLAU;JUNQUEIROPOLIS;FLORA RICA;TODOS;-21.6760063;-51.3804532;-21.5153166;-51.4390375;29.9;29.7;351580;FLORA RICA;184.0;226.25;1070.6;380.2;1634.8;3532;RRAS11;3511;DRS-11 Presidente Prudente;35111;Alta Paulista;17;3;3;11;3;12;5;4;0;3;0;3;9;2;3;0;19;≤30 min;0.11;0.23;7.399275751690122;0.29;207.98;326.09;157.81;0.1765;0.1765;61.17;0.0;0.0;1.0;0.0;0.0;0.0588;0
268;268;0;0;PRESIDENTE VENCESLAU;JUNQUEIROPOLIS;IRAPURU;TODOS;-21.5691828;-51.3494606;-21.5153166;-51.4390375;16.6;17.2;352160;IRAPURU;758.4;919.25;5436.4;1433.0;7627.8;3532;RRAS11;3511;DRS-11 Presidente Prudente;35111;Alta Paulista;35;2;3;22;11;32;3;2;1;1;2;1;22;0;9;2;9;≤30 min;0.1;0.19;8.939554747184133;0.09;91.77;52.74;153.52;0.0571;0.3143;7.87;0.0;0.0;0.0;0.0;0.0;0.0;0
269;269;0;0;PRESIDENTE VENCESLAU;PRESIDENTE VENCESLAU;MARABA PAULISTA;TODOS;-22.1069936;-51.9629504;-21.8714290876156;-51.841602703319;34.2;30.3;352870;MARABA PAULISTA;523.8;617.75;3662.4;602.6;4788.8;3532;RRAS11;3511;DRS-11 Presidente Prudente;35114;Extremo Oeste Paulista;63;8;8;43;11;54;9;5;3;5;3;5;39;4;11;0;35;31–60 min;0.11;0.13;8.474035137098435;0.14;263.11;305.46;365.08;0.127;0.1746;37.59;3.0;2.0;3.0;0.0476;0.0317;0.0476;0
270;270;0;0;PRESIDENTE VENCESLAU;TUPI PAULISTA;MONTE CASTELO;TODOS;-21.3006353;-51.5686963;-21.3888918;-51.5690936;11.4;13.3;353160;MONTE CASTELO;521.2;621.75;2837.0;839.0;4197.2;3532;RRAS11;3511;DRS-11 Presidente Prudente;35111;Alta Paulista;188;7;9;126;51;177;11;10;3;4;5;4;120;6;50;1;38;≤30 min;0.12;0.2;8.342172915283756;0.06;895.84;268.61;1215.73;0.0372;0.2713;52.42;1.0;1.0;3.0;0.0053;0.0053;0.016;0
271;271;0;0;PRESIDENTE VENCESLAU;TUPI PAULISTA;NOVA GUATAPORANGA;TODOS;-21.3330061;-51.6465874;-21.3888918;-51.5690936;12.1;13.9;353310;NOVA GUATAPORANGA;290.8;345.5;1449.8;462.6;2203.2;3532;RRAS11;3511;DRS-11 Presidente Prudente;35111;Alta Paulista;83;5;6;60;17;80;3;3;3;2;4;2;59;1;17;0;11;≤30 min;0.13;0.21;7.69766612797439;0.04;753.45;343.88;734.98;0.0602;0.2048;27.23;0.0;0.0;1.0;0.0;0.0;0.012;0
272;272;0;0;PRESIDENTE VENCESLAU;DRACENA;OURO VERDE;TODOS;-21.4892638;-51.7025981;-21.4781604;-51.5371868;20.3;24.6;353480;OURO VERDE;1253.0;1497.75;5476.6;1223.0;7952.6;3532;RRAS11;3511;DRS-11 Presidente Prudente;35111;Alta Paulista;67;7;10;46;13;56;11;11;2;5;5;5;41;5;12;1;24;≤30 min;0.16;0.15;8.981254198206294;0.16;168.5;111.73;212.59;0.1045;0.194;27.66;1.0;3.0;4.0;0.0149;0.0448;0.0597;0
273;273;0;0;PRESIDENTE VENCESLAU;PANORAMA;PAULICEIA;TODOS;-21.3143975;-51.8316259;-21.3635248;-51.8592678;7.9;11.5;353640;PAULICEIA;1247.2;1464.0;5111.0;992.2;7350.4;3532;RRAS11;3511;DRS-11 Presidente Prudente;35111;Alta Paulista;286;17;22;211;53;272;14;10;13;4;17;5;204;7;51;2;10;≤30 min;0.17;0.13;8.90251001249478;0.05;778.19;272.61;1068.33;0.0594;0.1853;38.09;2.0;22.0;9.0;0.007;0.0769;0.0315;0
274;274;0;0;PRESIDENTE VENCESLAU;PRESIDENTE VENCESLAU;PIQUEROBI;TODOS;-21.8856652;-51.7296404;-21.8714290876156;-51.841602703319;20.4;19.8;353830;PIQUEROBI;456.0;555.75;2409.8;618.4;3484.2;3532;RRAS11;3511;DRS-11 Presidente Prudente;35114;Extremo Oeste Paulista;8;1;1;5;1;8;0;0;1;0;1;0;5;0;1;0;0;≤30 min;0.13;0.18;8.155993741606059;0.0;45.92;43.86;32.34;0.125;0.125;0.0;0.0;0.0;2.0;0.0;0.0;0.25;1
275;275;0;0;PRESIDENTE VENCESLAU;TUPI PAULISTA;SANTA MERCEDES;TODOS;-21.3513258;-51.7534;-21.3888918;-51.5690936;25.6;24.1;354710;SANTA MERCEDES;454.2;545.75;2012.8;491.8;2958.8;3532;RRAS11;3511;DRS-11 Presidente Prudente;35111;Alta Paulista;76;4;4;58;13;73;3;1;1;3;1;3;58;0;13;0;15;≤30 min;0.15;0.17;7.992539059713713;0.04;513.72;176.13;528.67;0.0526;0.1711;20.28;0.0;0.0;1.0;0.0;0.0;0.0132;0
276;276;0;0;PRESIDENTE VENCESLAU;TUPI PAULISTA;SAO JOAO DO PAU D'ALHO;TODOS;-21.2701055;-51.6654978;-21.3888918;-51.5690936;19.6;21.4;354930;SAO JOAO DO PAU D'ALHO;251.6;298.5;1426.6;545.2;2223.4;3532;RRAS11;3511;DRS-11 Presidente Prudente;35111;Alta Paulista;46;5;5;29;9;39;7;5;2;3;2;3;25;4;9;0;11;≤30 min;0.11;0.25;7.706792834799515;0.15;413.78;397.46;330.15;0.1087;0.1957;62.97;0.0;1.0;0.0;0.0;0.0217;0.0;0
277;277;0;0;RIBEIRAO PRETO;SERTAOZINHO;BARRINHA;TODOS;-21.1898849;-48.1550642;-21.1197143;-48.0042389;22.0;21.1;350560;BARRINHA;5737.6;6771.25;22950.2;2961.0;31648.8;3530;RRAS13;3513;DRS-13 Ribeirao Preto;35131;Horizonte Verde;67;20;22;41;6;43;24;18;5;15;7;15;32;9;6;0;60;≤30 min;0.18;0.09;10.362455512161599;0.36;42.34;69.72;40.53;0.2985;0.0896;15.17;11.0;22.0;27.0;0.1642;0.3284;0.403;0
278;278;0;0;RIBEIRAO PRETO;BATATAIS;BRODOWSKI;TODOS;-20.9862299;-47.6578768;-20.9042867958423;-47.5881540745098;14.1;14.0;350780;BRODOWSKI;3550.6;4204.0;16825.0;3469.2;23844.8;3530;RRAS13;3513;DRS-13 Ribeirao Preto;35133;Vale das Cachoeiras;107;5;6;81;20;102;5;2;3;2;4;2;78;3;20;0;12;≤30 min;0.15;0.15;10.079321443194528;0.05;89.75;28.16;115.3;0.0467;0.1869;4.19;1.0;0.0;1.0;0.0093;0.0;0.0093;0
279;279;0;0;RIBEIRAO PRETO;CAJURU;CASSIA DOS COQUEIROS;TODOS;-21.280082;-47.164327;-21.2742583216393;-47.3056357573004;17.1;20.0;351090;CASSIA DOS COQUEIROS;370.8;447.5;1902.2;538.4;2811.4;3530;RRAS13;3513;DRS-13 Ribeirao Preto;35133;Vale das Cachoeiras;12;1;2;9;2;12;0;0;1;0;2;0;9;0;2;0;0;≤30 min;0.13;0.19;7.9414378588976655;0.0;85.37;53.94;74.29;0.0833;0.1667;0.0;0.0;1.0;0.0;0.0;0.0833;0.0;0
280;280;0;0;RIBEIRAO PRETO;RIBEIRAO PRETO;DUMONT;TODOS;-21.2391417;-47.9747665;-21.1705705;-47.8495501;18.8;20.4;351460;DUMONT;1364.8;1620.0;6584.0;1106.2;9055.0;3530;RRAS13;3513;DRS-13 Ribeirao Preto;35131;Horizonte Verde;77;6;8;62;9;72;5;2;4;2;5;3;59;3;9;0;10;≤30 min;0.15;0.12;9.111072370317514;0.06;170.07;87.92;162.72;0.0779;0.1169;11.04;5.0;2.0;0.0;0.0649;0.026;0.0;0
281;281;0;0;RIBEIRAO PRETO;MONTE ALTO;GUARIBA;TODOS;-21.35938;-48.23158;-21.2612723;-48.485534;38.3;34.5;351860;GUARIBA;6386.2;7602.75;27511.2;4323.4;38220.8;3530;RRAS13;3513;DRS-13 Ribeirao Preto;35131;Horizonte Verde;18;3;4;13;1;16;2;1;2;1;3;1;12;1;1;0;0;31–60 min;0.17;0.11;10.551135149024708;0.11;9.42;9.4;4.63;0.1667;0.0556;1.05;4.0;0.0;1.0;0.2222;0.0;0.0556;0
282;282;0;0;RIBEIRAO PRETO;CRAVINHOS;GUATAPARA;TODOS;-21.496092;-48.0360685;-21.3428894;-47.728745;56.4;46.4;351885;GUATAPARA;1241.0;1483.0;5059.6;1088.6;7389.2;3530;RRAS13;3513;DRS-13 Ribeirao Preto;35132;Aquifero Guarani;76;12;13;55;9;69;7;3;7;5;8;5;53;2;9;0;6;31–60 min;0.17;0.15;8.907774753684482;0.09;205.71;193.39;165.35;0.1579;0.1184;18.95;13.0;29.0;32.0;0.1711;0.3816;0.4211;0
283;283;0;0;RIBEIRAO PRETO;MONTE ALTO;JABOTICABAL;TODOS;-21.252037;-48.325223;-21.2612723;-48.485534;18.0;20.1;352430;JABOTICABAL;9955.8;11953.5;52272.6;12306.0;74534.4;3530;RRAS13;3513;DRS-13 Ribeirao Preto;35131;Horizonte Verde;723;71;81;526;119;705;18;11;65;6;73;8;516;10;117;2;27;≤30 min;0.13;0.17;11.219016042762691;0.02;194.0;142.63;193.4;0.0982;0.1646;4.83;10.0;21.0;13.0;0.0138;0.029;0.018;0
284;284;0;0;RIBEIRAO PRETO;RIBEIRAO PRETO;JARDINOPOLIS;TODOS;-21.0255126;-47.7706807;-21.1705705;-47.8495501;26.6;25.3;352510;JARDINOPOLIS;7011.6;8272.25;30371.2;5666.0;43048.8;3530;RRAS13;3513;DRS-13 Ribeirao Preto;35132;Aquifero Guarani;731;85;104;535;105;693;38;24;69;16;85;19;516;19;102;3;42;≤30 min;0.16;0.13;10.670089634902913;0.05;339.61;242.46;370.63;0.1163;0.1436;17.65;263.0;463.0;524.0;0.3598;0.6334;0.7168;0
285;285;0;0;RIBEIRAO PRETO;CRAVINHOS;LUIS ANTONIO;TODOS;-21.552463;-47.7033894;-21.3428894;-47.728745;34.0;28.1;352760;LUIS ANTONIO;2099.4;2510.0;8809.0;1263.0;12171.4;3530;RRAS13;3513;DRS-13 Ribeirao Preto;35132;Aquifero Guarani;50;6;6;38;6;44;6;5;4;2;4;2;34;4;6;0;3;≤30 min;0.17;0.1;9.406844216341499;0.12;82.16;57.16;95.01;0.12;0.12;9.86;0.0;2.0;9.0;0.0;0.04;0.18;0
286;286;0;0;RIBEIRAO PRETO;SERTAOZINHO;PITANGUEIRAS;TODOS;-21.013203;-48.220951;-21.1197143;-48.0042389;31.1;26.6;353950;PITANGUEIRAS;5940.2;7131.75;25768.4;4233.8;35942.4;3530;RRAS13;3513;DRS-13 Ribeirao Preto;35131;Horizonte Verde;395;57;66;286;48;366;29;26;40;17;48;18;275;11;47;1;54;≤30 min;0.17;0.12;10.489672936071273;0.07;219.8;191.91;226.75;0.1443;0.1215;16.14;9.0;31.0;6.0;0.0228;0.0785;0.0152;0
287;287;0;0;RIBEIRAO PRETO;SERTAOZINHO;PONTAL;TODOS;-21.0239714;-48.0393457;-21.1197143;-48.0042389;15.8;17.1;354020;PONTAL;7137.6;8499.5;29667.6;3799.8;40605.0;3530;RRAS13;3513;DRS-13 Ribeirao Preto;35131;Horizonte Verde;581;74;93;432;69;486;95;51;39;35;51;42;380;52;62;7;132;≤30 min;0.18;0.09;10.611646490716511;0.16;286.17;207.35;363.18;0.1274;0.1188;46.79;78.0;96.0;76.0;0.1343;0.1652;0.1308;0
288;288;0;0;RIBEIRAO PRETO;RIBEIRAO PRETO;PRADOPOLIS;TODOS;-21.3597815;-48.0746603;-21.1705705;-47.8495501;34.3;34.3;354090;PRADOPOLIS;2824.6;3379.75;12768.8;2240.4;17833.8;3530;RRAS13;3513;DRS-13 Ribeirao Preto;35131;Horizonte Verde;231;37;41;159;33;216;15;15;32;5;36;5;152;7;30;3;9;31–60 min;0.16;0.13;9.788850812097905;0.06;259.06;261.98;294.59;0.1602;0.1429;16.82;0.0;2.0;2.0;0.0;0.0087;0.0087;0
289;289;0;0;RIBEIRAO PRETO;CAJURU;SANTA CRUZ DA ESPERANCA;TODOS;-21.2918648;-47.4309885;-21.2742583216393;-47.3056357573004;15.4;14.1;354625;SANTA CRUZ DA ESPERANCA;343.4;406.75;1391.4;382.0;2116.8;3530;RRAS13;3513;DRS-13 Ribeirao Preto;35133;Vale das Cachoeiras;6;0;0;5;1;6;0;0;0;0;0;0;5;0;1;0;0;≤30 min;0.16;0.18;7.657660793360692;0.0;56.69;0.0;52.36;0.0;0.1667;0.0;0.0;1.0;1.0;0.0;0.1667;0.1667;1
290;290;0;0;RIBEIRAO PRETO;CAJURU;SANTA ROSA DE VITERBO;TODOS;-21.4890379;-47.3651151;-21.2742583216393;-47.3056357573004;29.1;33.0;354760;SANTA ROSA DE VITERBO;3477.8;4147.25;16818.0;4094.0;24389.8;3530;RRAS13;3513;DRS-13 Ribeirao Preto;35132;Aquifero Guarani;45;8;10;30;6;36;9;8;3;5;5;5;29;1;4;2;33;31–60 min;0.14;0.17;10.101920291094345;0.2;36.9;46.01;29.31;0.1778;0.1333;7.38;2.0;20.0;14.0;0.0444;0.4444;0.3111;0
291;291;0;0;RIBEIRAO PRETO;ALTINOPOLIS;SANTO ANTONIO DA ALEGRIA;TODOS;-21.0893048;-47.1523426;-21.0268912;-47.3759169;30.8;28.3;354790;SANTO ANTONIO DA ALEGRIA;975.0;1146.5;4515.2;1201.6;6691.8;3530;RRAS13;3513;DRS-13 Ribeirao Preto;35133;Vale das Cachoeiras;29;5;5;23;1;26;3;2;5;0;5;0;20;3;1;0;0;≤30 min;0.15;0.18;8.808638175228547;0.1;86.67;102.56;16.64;0.1724;0.0345;8.97;0.0;2.0;0.0;0.0;0.069;0.0;0
292;292;0;0;RIBEIRAO PRETO;CRAVINHOS;SAO SIMAO;TODOS;-21.4800208;-47.5531095;-21.3428894;-47.728745;29.7;26.3;355090;SAO SIMAO;2010.6;2463.75;9870.2;2491.8;14372.6;3530;RRAS13;3513;DRS-13 Ribeirao Preto;35132;Aquifero Guarani;8;2;2;6;0;4;4;3;1;1;1;1;3;3;0;0;3;≤30 min;0.14;0.17;9.57307889520502;0.5;11.13;19.89;0.0;0.25;0.0;5.57;1.0;1.0;1.0;0.125;0.125;0.125;1
293;293;0;0;RIBEIRAO PRETO;RIBEIRAO PRETO;SERRA AZUL;TODOS;-21.3132591;-47.5635821;-21.1705705;-47.8495501;50.2;46.3;355140;SERRA AZUL;1598.0;1916.0;9500.8;1338.4;12437.2;3530;RRAS13;3513;DRS-13 Ribeirao Preto;35132;Aquifero Guarani;66;5;6;48;12;62;4;3;3;2;4;2;46;2;12;0;15;31–60 min;0.13;0.11;9.428447260572927;0.06;106.13;62.58;179.32;0.0758;0.1818;6.43;1.0;0.0;1.0;0.0152;0.0;0.0152;0
294;294;0;0;RIBEIRAO PRETO;RIBEIRAO PRETO;SERRANA;TODOS;-21.2066883;-47.6053774;-21.1705705;-47.8495501;29.3;29.2;355150;SERRANA;7551.0;8920.0;31415.0;4354.6;43320.6;3530;RRAS13;3513;DRS-13 Ribeirao Preto;35132;Aquifero Guarani;22;17;17;5;0;8;14;11;3;14;3;14;5;0;0;0;57;≤30 min;0.17;0.1;10.676383551434522;0.64;10.16;45.03;0.0;0.7727;0.0;6.46;0.0;1.0;0.0;0.0;0.0455;0.0;0
295;295;1;0;SANTO ANDRE;SAO BERNARDO DO CAMPO;SAO BERNARDO DO CAMPO;TODOS;0.0;0.0;0.0;0.0;0.0;0.0;354870;SAO BERNARDO DO CAMPO;119666.0;142309.75;598605.2;111285.0;829556.2;3534;RRAS01;3501;DRS-01 Grande Sao Paulo;35015;Grande ABC;36;1;1;31;4;30;6;3;0;1;0;1;26;5;4;0;6;Local;0.14;0.13;13.628646137975222;0.17;0.87;0.17;0.72;0.0278;0.1111;0.14;1.0;3.0;2.0;0.0278;0.0833;0.0556;0
296;296;0;0;SANTO ANDRE;SAO BERNARDO DO CAMPO;DIADEMA;TODOS;-23.6866428;-46.6246935;-23.7130909;-46.5577531;13.4;16.2;351380;DIADEMA;64571.6;77217.75;301394.4;43131.2;409097.2;3534;RRAS01;3501;DRS-01 Grande Sao Paulo;35015;Grande ABC;27;3;3;21;3;25;2;2;2;1;2;1;20;1;3;0;0;≤30 min;0.16;0.11;12.921708059601718;0.07;1.32;0.93;1.39;0.1111;0.1111;0.1;3.0;3.0;6.0;0.1111;0.1111;0.2222;0
297;297;0;0;SANTO ANDRE;SAO BERNARDO DO CAMPO;MAUA;TODOS;-23.6669527;-46.4616922;-23.7130909;-46.5577531;16.6;24.8;352940;MAUA;67748.0;80741.25;320350.6;48323.4;436422.0;3534;RRAS01;3501;DRS-01 Grande Sao Paulo;35015;Grande ABC;23;1;1;13;8;19;4;2;0;1;0;1;12;1;6;2;2;≤30 min;0.16;0.11;12.986364944136016;0.17;1.05;0.3;3.31;0.0435;0.3478;0.18;0.0;2.0;5.0;0.0;0.087;0.2174;0
298;298;0;0;SANTO ANDRE;SAO BERNARDO DO CAMPO;RIBEIRAO PIRES;TODOS;-23.4472879;-46.5319474;-23.7130909;-46.5577531;38.3;45.9;354330;RIBEIRAO PIRES;16636.6;19899.75;85606.4;17305.4;119548.4;3534;RRAS01;3501;DRS-01 Grande Sao Paulo;35015;Grande ABC;3;0;0;3;0;2;1;0;0;0;0;0;2;1;0;0;0;31–60 min;0.14;0.14;11.691476589275371;0.33;0.5;0.0;0.0;0.0;0.0;0.17;1.0;1.0;1.0;0.3333;0.3333;0.3333;1
299;299;0;0;SANTO ANDRE;SAO BERNARDO DO CAMPO;RIO GRANDE DA SERRA;TODOS;-23.7441905;-46.3924746;-23.7130909;-46.5577531;27.3;31.9;354410;RIO GRANDE DA SERRA;7710.8;9250.25;33530.2;4875.2;46116.2;3534;RRAS01;3501;DRS-01 Grande Sao Paulo;35015;Grande ABC;2;0;1;2;0;1;1;0;0;0;0;1;1;1;0;0;0;31–60 min;0.17;0.11;10.738919577233023;0.5;0.87;0.0;0.0;0.0;0.0;0.43;0.0;0.0;0.0;0.0;0.0;0.0;1
300;300;0;0;SANTO ANDRE;SAO BERNARDO DO CAMPO;SANTO ANDRE;TODOS;-23.6533509;-46.5279039;-23.7130909;-46.5577531;8.9;14.2;354780;SANTO ANDRE;100250.6;118944.75;527171.8;119632.0;747054.4;3534;RRAS01;3501;DRS-01 Grande Sao Paulo;35015;Grande ABC;72;4;7;54;14;65;7;5;2;2;5;2;50;4;13;1;6;≤30 min;0.13;0.16;13.52389328609523;0.1;1.93;0.8;2.34;0.0556;0.1944;0.19;5.0;3.0;10.0;0.0694;0.0417;0.1389;0
301;301;0;0;SANTO ANDRE;SAO BERNARDO DO CAMPO;SAO CAETANO DO SUL;TODOS;-23.6195923;-46.5688323;-23.7130909;-46.5577531;17.1;21.0;354880;SAO CAETANO DO SUL;18902.4;22358.5;109770.8;34836.2;163509.4;3534;RRAS01;3501;DRS-01 Grande Sao Paulo;35015;Grande ABC;29;0;0;21;6;28;1;0;0;0;0;0;21;0;5;1;0;≤30 min;0.12;0.21;12.004625760021563;0.03;3.55;0.0;3.44;0.0;0.2069;0.12;4.0;6.0;2.0;0.1379;0.2069;0.069;0
302;302;0;0;SANTOS;SANTOS;SAO VICENTE;TODOS;-23.9664177;-46.3861401;-23.9627618;-46.3205396;8.2;12.1;355100;SAO VICENTE;53168.8;63535.25;245572.8;47689.2;346430.8;3520;RRAS07;3504;DRS-04 Baixada Santista;35041;Baixada Santista;4;0;0;4;0;4;0;0;0;0;0;0;4;0;0;0;0;≤30 min;0.15;0.14;12.755438366267406;0.0;0.23;0.0;0.0;0.0;0.0;0.0;0.0;0.0;1.0;0.0;0.0;0.25;1
303;303;0;0;SAO JOAO DA BOA VISTA;SAO JOAO DA BOA VISTA;AGUAI;TODOS;-22.0592036;-46.979384;-21.9821955;-46.7951574;24.4;19.9;350030;AGUAI;5319.2;6321.75;23397.0;4711.6;33427.8;3528;RRAS15;3514;DRS-14 Sao Joao da Boa Vista;35142;Mantiqueira;88;7;11;67;14;76;12;10;5;2;8;3;57;10;14;0;5;≤30 min;0.16;0.14;10.417143168095173;0.14;52.65;26.32;59.43;0.0795;0.1591;7.18;6.0;0.0;2.0;0.0682;0.0;0.0227;0
304;304;0;0;SAO JOAO DA BOA VISTA;SAO JOAO DA BOA VISTA;AGUAS DA PRATA;TODOS;-21.9464285;-46.7192121;-21.9821955;-46.7951574;9.9;10.3;350040;AGUAS DA PRATA;968.4;1152.25;4995.8;1731.8;7696.0;3528;RRAS15;3514;DRS-14 Sao Joao da Boa Vista;35142;Mantiqueira;19;3;3;14;2;17;2;2;3;0;3;0;12;2;2;0;0;≤30 min;0.13;0.23;8.948455992345542;0.11;49.38;61.96;23.1;0.1579;0.1053;5.2;0.0;0.0;0.0;0.0;0.0;0.0;0
305;305;0;0;SAO JOAO DA BOA VISTA;SAO JOSE DO RIO PARDO;CASA BRANCA;TODOS;-21.7743137;-47.0852175;-21.6037017;-46.8940207;33.0;35.2;351080;CASA BRANCA;3981.6;4770.75;20513.0;4729.8;29224.4;3528;RRAS15;3514;DRS-14 Sao Joao da Boa Vista;35143;Rio Pardo;389;47;54;276;61;375;14;11;44;3;49;5;265;11;61;0;15;31–60 min;0.14;0.16;10.282759255761682;0.04;266.22;236.09;257.94;0.1208;0.1568;9.58;2.0;8.0;3.0;0.0051;0.0206;0.0077;0
306;306;0;0;SAO JOAO DA BOA VISTA;CACONDE;DIVINOLANDIA;TODOS;-21.6604584;-46.7371151;-21.5331168;-46.6452392;23.7;24.4;351390;DIVINOLANDIA;1365.8;1634.0;7995.4;2190.2;11551.4;3528;RRAS15;3514;DRS-14 Sao Joao da Boa Vista;35143;Rio Pardo;2;0;0;2;0;1;1;1;0;0;0;0;1;1;0;0;2;≤30 min;0.12;0.19;9.354561920725557;0.5;3.46;0.0;0.0;0.0;0.0;1.73;0.0;0.0;1.0;0.0;0.0;0.5;1
307;307;0;0;SAO JOAO DA BOA VISTA;MOGI GUACU;ESTIVA GERBI;TODOS;-22.2742719;-46.9523302;-22.3646902;-46.9430329;14.7;14.7;355730;ESTIVA GERBI;1662.8;1962.75;7863.2;1409.0;10935.0;3528;RRAS15;3514;DRS-14 Sao Joao da Boa Vista;35141;Baixa Mogiana;52;6;6;36;9;48;4;3;6;0;6;0;32;4;9;0;0;≤30 min;0.15;0.13;9.299723933110869;0.08;95.11;72.17;127.75;0.1154;0.1731;7.32;11.0;20.0;4.0;0.2115;0.3846;0.0769;0
308;308;0;0;SAO JOAO DA BOA VISTA;SAO JOSE DO RIO PARDO;ITOBI;TODOS;-21.730853;-46.9743;-21.6037017;-46.8940207;18.0;20.7;352380;ITOBI;1175.0;1395.5;5609.4;1226.4;8010.8;3528;RRAS15;3514;DRS-14 Sao Joao da Boa Vista;35143;Rio Pardo;120;12;13;87;20;86;34;33;8;4;9;4;65;22;13;7;4;≤30 min;0.15;0.15;8.988545910231268;0.28;299.6;204.26;326.16;0.1;0.1667;84.89;0.0;0.0;0.0;0.0;0.0;0.0;0
309;309;0;0;SAO JOAO DA BOA VISTA;ESPIRITO SANTO DO PINHAL;SANTO ANTONIO DO JARDIM;TODOS;-22.1158536;-46.6839541;-22.1951301;-46.741965;13.1;14.8;354810;SANTO ANTONIO DO JARDIM;834.8;1013.75;4265.2;1104.8;6204.8;3528;RRAS15;3514;DRS-14 Sao Joao da Boa Vista;35142;Mantiqueira;24;0;0;20;4;22;2;2;0;0;0;0;19;1;3;1;0;≤30 min;0.13;0.18;8.733078465048333;0.08;77.36;0.0;72.41;0.0;0.1667;6.45;0.0;0.0;0.0;0.0;0.0;0.0;0
310;310;0;0;SAO JOAO DA BOA VISTA;SAO JOSE DO RIO PARDO;SAO SEBASTIAO DA GRAMA;TODOS;-21.7118854;-46.8284162;-21.6037017;-46.8940207;18.2;21.1;355080;SAO SEBASTIAO DA GRAMA;1590.0;1934.5;8039.4;1924.4;11553.8;3528;RRAS15;3514;DRS-14 Sao Joao da Boa Vista;35143;Rio Pardo;24;1;2;20;3;19;5;3;0;1;1;1;16;4;3;0;0;≤30 min;0.14;0.17;9.354769666168888;0.21;41.54;12.58;31.18;0.0417;0.125;8.66;2.0;5.0;1.0;0.0833;0.2083;0.0417;0
311;311;0;0;SAO JOAO DA BOA VISTA;SANTA CRUZ DAS PALMEIRAS;TAMBAU;TODOS;-21.70292;-47.270344;-21.8210642193172;-47.2592380977589;17.2;17.7;355330;TAMBAU;3361.6;4011.0;15501.0;3683.8;22546.4;3528;RRAS15;3514;DRS-14 Sao Joao da Boa Vista;35142;Mantiqueira;308;21;26;232;53;294;14;13;19;2;24;2;221;11;52;1;204;≤30 min;0.15;0.16;10.023330686953352;0.05;273.21;124.94;287.75;0.0682;0.1721;12.42;8.0;7.0;4.0;0.026;0.0227;0.013;0
312;312;0;0;SAO JOAO DA BOA VISTA;CACONDE;TAPIRATIBA;TODOS;-21.46824;-46.7493221;-21.5331168;-46.6452392;14.8;15.7;355360;TAPIRATIBA;1638.0;1986.25;8882.8;2074.4;12595.2;3528;RRAS15;3514;DRS-14 Sao Joao da Boa Vista;35143;Rio Pardo;125;8;9;91;23;79;46;33;7;1;7;2;56;35;13;10;105;≤30 min;0.13;0.16;9.441071067977825;0.37;198.49;97.68;221.75;0.064;0.184;73.04;6.0;22.0;2.0;0.048;0.176;0.016;0
313;313;0;0;SAO JOAO DA BOA VISTA;SAO JOAO DA BOA VISTA;VARGEM GRANDE DO SUL;TODOS;-21.8310636;-46.893303;-21.9821955;-46.7951574;23.3;23.4;355640;VARGEM GRANDE DO SUL;6172.2;7377.0;28823.2;6326.2;41321.6;3528;RRAS15;3514;DRS-14 Sao Joao da Boa Vista;35142;Mantiqueira;79;5;6;61;12;73;6;6;3;2;4;2;60;1;9;3;10;≤30 min;0.15;0.15;10.629140644652333;0.08;38.24;16.2;37.94;0.0633;0.1519;2.9;2.0;2.0;5.0;0.0253;0.0253;0.0633;0
314;314;0;0;SAO JOSE DO RIO PRETO;JOSE BONIFACIO;ADOLFO;TODOS;-21.2356597;-49.6441918;-21.0529053;-49.6891417;30.1;30.4;350020;ADOLFO;547.8;646.75;2744.4;745.0;4037.2;3531;RRAS12;3515;DRS-15 Sao Jose do Rio Preto;35156;Jose Bonifacio;38;4;5;24;9;35;3;2;3;1;4;1;22;2;9;0;12;31–60 min;0.14;0.18;8.303306661364704;0.08;188.25;146.04;241.61;0.1053;0.2368;14.86;3.0;3.0;3.0;0.0789;0.0789;0.0789;0
315;315;0;0;SAO JOSE DO RIO PRETO;VOTUPORANGA;ALVARES FLORENCE;TODOS;-20.2936023;-49.9330156;-20.4262217;-49.9787386;19.0;24.1;350120;ALVARES FLORENCE;422.4;511.75;2596.6;978.2;3997.2;3531;RRAS12;3515;DRS-15 Sao Jose do Rio Preto;35157;Votuporanga;171;11;11;97;61;160;11;11;6;5;6;5;94;3;58;3;16;≤30 min;0.11;0.24;8.293349394987635;0.06;855.6;520.83;1247.19;0.0643;0.3567;55.04;2.0;1.0;4.0;0.0117;0.0058;0.0234;0
316;316;0;0;SAO JOSE DO RIO PRETO;VOTUPORANGA;AMERICO DE CAMPOS;TODOS;-20.298476;-49.735904;-20.4262217;-49.9787386;37.1;34.3;350180;AMERICO DE CAMPOS;740.4;890.25;4011.4;1205.0;5956.8;3531;RRAS12;3515;DRS-15 Sao Jose do Rio Preto;35157;Votuporanga;185;12;16;121;48;178;7;6;10;2;14;2;118;3;46;2;7;31–60 min;0.12;0.2;8.692288703118452;0.04;621.14;324.15;796.68;0.0649;0.2595;23.5;16.0;5.0;40.0;0.0865;0.027;0.2162;0
317;317;0;0;SAO JOSE DO RIO PRETO;CATANDUVA;ARIRANHA;TODOS;-21.18716;-48.790418;-21.1407509;-48.9754937;23.3;27.9;350370;ARIRANHA;1156.8;1404.5;5782.2;1376.4;8315.4;3531;RRAS12;3515;DRS-15 Sao Jose do Rio Preto;35151;Catanduva;67;3;4;52;12;66;1;1;3;0;4;0;51;1;12;0;0;≤30 min;0.14;0.17;9.025864496302813;0.01;161.15;51.87;174.37;0.0448;0.1791;2.41;2.0;4.0;1.0;0.0299;0.0597;0.0149;0
318;318;0;0;SAO JOSE DO RIO PRETO;TANABI;BALSAMO;TODOS;-20.7343722;-49.5807484;-20.6278349;-49.6518627;15.1;12.6;350480;BALSAMO;1176.6;1389.75;6292.2;1623.0;9091.8;3531;RRAS12;3515;DRS-15 Sao Jose do Rio Preto;35155;Sao Jose do Rio Preto;249;13;17;171;59;234;15;11;10;3;13;4;161;10;57;2;11;≤30 min;0.13;0.18;9.115128187370171;0.06;547.75;220.98;727.05;0.0522;0.2369;33.0;0.0;0.0;0.0;0.0;0.0;0.0;0
319;319;0;0;SAO JOSE DO RIO PRETO;VOTUPORANGA;CARDOSO;TODOS;-20.080447;-49.9139767;-20.4262217;-49.9787386;41.6;40.0;351070;CARDOSO;1608.6;1944.0;7899.2;2470.0;11977.8;3531;RRAS12;3515;DRS-15 Sao Jose do Rio Preto;35157;Votuporanga;378;27;36;262;82;345;33;31;18;9;27;9;244;18;76;6;20;31–60 min;0.13;0.21;9.390810215406663;0.09;631.17;335.7;663.97;0.0714;0.2169;55.1;10.0;19.0;21.0;0.0265;0.0503;0.0556;0
320;320;0;0;SAO JOSE DO RIO PRETO;CATANDUVA;CATIGUA;TODOS;-21.0491485;-49.0578923;-21.1407509;-48.9754937;15.9;19.3;351120;CATIGUA;1048.0;1262.25;5150.6;1089.2;7287.8;3531;RRAS12;3515;DRS-15 Sao Jose do Rio Preto;35151;Catanduva;46;5;5;32;9;46;0;0;5;0;5;0;32;0;9;0;0;≤30 min;0.14;0.15;8.893956996192225;0.0;126.24;95.42;165.26;0.1087;0.1957;0.0;1.0;0.0;1.0;0.0217;0.0;0.0217;0
321;321;0;0;SAO JOSE DO RIO PRETO;VOTUPORANGA;COSMORAMA;TODOS;-20.4223677;-49.7681942;-20.4262217;-49.9787386;31.1;26.8;351290;COSMORAMA;1043.2;1224.75;5414.2;1616.2;8073.6;3531;RRAS12;3515;DRS-15 Sao Jose do Rio Preto;35157;Votuporanga;42;14;15;22;6;31;11;10;4;10;5;10;21;1;6;0;52;≤30 min;0.13;0.2;8.996354758446738;0.26;104.04;268.4;74.25;0.3333;0.1429;27.25;0.0;3.0;3.0;0.0;0.0714;0.0714;0
322;322;0;0;SAO JOSE DO RIO PRETO;CATANDUVA;ELISIARIO;TODOS;-21.1673392;-49.1111015;-21.1407509;-48.9754937;17.1;19.5;351492;ELISIARIO;466.6;547.75;2230.8;535.2;3232.6;3531;RRAS12;3515;DRS-15 Sao Jose do Rio Preto;35151;Catanduva;45;4;4;31;10;41;4;3;1;3;1;3;31;0;9;1;23;≤30 min;0.14;0.17;8.081042045975709;0.09;278.41;171.45;373.69;0.0889;0.2222;24.75;1.0;0.0;6.0;0.0222;0.0;0.1333;0
323;323;0;0;SAO JOSE DO RIO PRETO;TABAPUA;EMBAUBA;TODOS;-20.9819513;-48.837455;-20.9632775;-49.0312888;22.3;23.3;351495;EMBAUBA;320.2;390.25;1677.6;441.4;2439.2;3531;RRAS12;3515;DRS-15 Sao Jose do Rio Preto;35151;Catanduva;53;3;3;33;16;49;4;3;1;2;1;2;31;2;16;0;14;≤30 min;0.13;0.18;7.799425395674045;0.08;434.57;187.38;724.97;0.0566;0.3019;32.8;1.0;2.0;3.0;0.0189;0.0377;0.0566;0
324;324;0;0;SAO JOSE DO RIO PRETO;CATANDUVA;FERNANDO PRESTES;TODOS;-21.266061;-48.687384;-21.1407509;-48.9754937;43.3;41.9;351560;FERNANDO PRESTES;755.0;900.0;3963.4;1185.8;5904.2;3531;RRAS12;3515;DRS-15 Sao Jose do Rio Preto;35151;Catanduva;95;8;9;67;19;94;1;1;8;0;9;0;66;1;19;0;0;31–60 min;0.13;0.2;8.683419241045305;0.01;321.8;211.92;320.46;0.0842;0.2;3.39;3.0;0.0;1.0;0.0316;0.0;0.0105;0
325;325;0;0;SAO JOSE DO RIO PRETO;VOTUPORANGA;FLOREAL;TODOS;-20.6767063;-50.1455638;-20.4262217;-49.9787386;42.4;38.8;351590;FLOREAL;260.4;324.5;1906.2;748.6;2915.2;3531;RRAS12;3515;DRS-15 Sao Jose do Rio Preto;35157;Votuporanga;36;4;4;27;5;34;2;2;4;0;4;0;25;2;5;0;0;31–60 min;0.09;0.26;7.977693707065639;0.06;246.98;307.22;133.58;0.1111;0.1389;13.72;0.0;1.0;2.0;0.0;0.0278;0.0556;0
326;326;0;0;SAO JOSE DO RIO PRETO;VOTUPORANGA;GASTAO VIDIGAL;TODOS;-20.7956829;-50.1907615;-20.4262217;-49.9787386;57.9;56.5;351680;GASTAO VIDIGAL;567.8;689.75;2524.0;660.4;3752.2;3531;RRAS12;3515;DRS-15 Sao Jose do Rio Preto;35157;Votuporanga;20;6;7;11;3;20;0;0;6;0;7;0;11;0;3;0;0;31–60 min;0.15;0.18;8.23009761360951;0.0;106.6;211.34;90.85;0.3;0.15;0.0;0.0;3.0;5.0;0.0;0.15;0.25;0
327;327;0;0;SAO JOSE DO RIO PRETO;NOVA GRANADA;ICEM;TODOS;-20.3413103;-49.1970982;-20.5380441023481;-49.3244409186177;28.6;28.6;351980;ICEM;1131.6;1345.25;5650.4;1134.2;7916.2;3531;RRAS12;3515;DRS-15 Sao Jose do Rio Preto;35155;Sao Jose do Rio Preto;36;16;16;17;3;24;12;6;10;6;10;6;11;6;3;0;26;≤30 min;0.14;0.14;8.976666571688792;0.33;90.95;282.79;52.9;0.4444;0.0833;30.32;1.0;2.0;2.0;0.0278;0.0556;0.0556;0
328;328;0;0;SAO JOSE DO RIO PRETO;CATANDUVA;IRAPUA;TODOS;-21.2791964;-49.4101967;-21.1407509;-48.9754937;57.5;60.7;352150;IRAPUA;1103.2;1313.5;4985.4;1187.6;7276.2;3531;RRAS12;3515;DRS-15 Sao Jose do Rio Preto;35151;Catanduva;61;4;5;36;20;61;0;0;4;0;5;0;36;0;20;0;0;>60 min;0.15;0.16;8.892364026890801;0.0;167.67;72.52;336.81;0.0656;0.3279;0.0;0.0;0.0;0.0;0.0;0.0;0.0;0
329;329;0;0;SAO JOSE DO RIO PRETO;CATANDUVA;ITAJOBI;TODOS;-21.312294;-49.0596336;-21.1407509;-48.9754937;22.5;24.0;352190;ITAJOBI;2019.4;2384.75;11008.4;2987.4;16015.2;3531;RRAS12;3515;DRS-15 Sao Jose do Rio Preto;35151;Catanduva;236;21;27;151;62;227;9;9;13;8;19;8;150;1;62;0;7;≤30 min;0.13;0.19;9.681293550257507;0.04;294.72;207.98;415.08;0.089;0.2627;11.24;1.0;1.0;0.0;0.0042;0.0042;0.0;0
330;330;0;0;SAO JOSE DO RIO PRETO;VOTUPORANGA;MACAUBAL;TODOS;-20.8071616;-49.9648439;-20.4262217;-49.9787386;56.7;55.0;352810;MACAUBAL;973.4;1161.5;5176.4;1652.4;7802.2;3531;RRAS12;3515;DRS-15 Sao Jose do Rio Preto;35157;Votuporanga;195;25;25;123;45;185;10;9;22;3;22;3;117;6;44;1;10;31–60 min;0.12;0.21;8.962161024190749;0.05;499.86;513.66;544.66;0.1282;0.2308;25.63;4.0;0.0;6.0;0.0205;0.0;0.0308;0
331;331;0;0;SAO JOSE DO RIO PRETO;VOTUPORANGA;MAGDA;TODOS;-20.6444651;-50.2260983;-20.4262217;-49.9787386;50.8;44.8;352830;MAGDA;408.6;481.25;2174.4;709.8;3292.8;3531;RRAS12;3515;DRS-15 Sao Jose do Rio Preto;35157;Votuporanga;45;3;3;32;9;40;5;4;1;2;1;2;29;3;9;0;4;31–60 min;0.12;0.22;8.09949354563973;0.11;273.32;146.84;253.59;0.0667;0.2;30.37;1.0;5.0;5.0;0.0222;0.1111;0.1111;0
332;332;0;0;SAO JOSE DO RIO PRETO;CATANDUVA;MARAPOAMA;TODOS;-21.2574769;-49.1314719;-21.1407509;-48.9754937;28.3;31.6;352885;MARAPOAMA;388.4;458.25;2103.8;497.6;2989.8;3531;RRAS12;3515;DRS-15 Sao Jose do Rio Preto;35151;Catanduva;44;2;3;30;12;42;2;2;1;1;2;1;30;0;11;1;6;31–60 min;0.13;0.17;8.002961774515414;0.05;294.33;102.99;482.32;0.0455;0.2727;13.38;0.0;0.0;0.0;0.0;0.0;0.0;0
333;333;0;0;SAO JOSE DO RIO PRETO;JOSE BONIFACIO;MENDONCA;TODOS;-21.1838813;-49.579059;-21.0529053;-49.6891417;22.7;22.1;352950;MENDONCA;738.4;862.25;3771.2;941.6;5451.2;3531;RRAS12;3515;DRS-15 Sao Jose do Rio Preto;35156;Jose Bonifacio;134;10;14;91;30;124;10;7;7;3;10;4;86;5;28;2;11;≤30 min;0.14;0.17;8.603591046906702;0.07;491.63;270.86;637.21;0.0746;0.2239;36.69;1.0;2.0;0.0;0.0075;0.0149;0.0;0
334;334;0;0;SAO JOSE DO RIO PRETO;VOTUPORANGA;MONCOES;TODOS;-20.850949;-50.097537;-20.4262217;-49.9787386;51.5;48.5;353100;MONCOES;260.0;312.5;1355.6;466.4;2082.0;3531;RRAS12;3515;DRS-15 Sao Jose do Rio Preto;35157;Votuporanga;23;2;2;20;1;22;1;1;2;0;2;0;20;0;0;1;0;31–60 min;0.12;0.22;7.641084249174914;0.04;220.94;153.85;42.88;0.087;0.0435;9.61;0.0;1.0;5.0;0.0;0.0435;0.2174;0
335;335;0;0;SAO JOSE DO RIO PRETO;TANABI;MONTE APRAZIVEL;TODOS;-20.7625702;-49.7088402;-20.6278349;-49.6518627;17.2;19.7;353140;MONTE APRAZIVEL;3046.8;3625.5;15560.0;4064.0;22670.8;3531;RRAS12;3515;DRS-15 Sao Jose do Rio Preto;35156;Jose Bonifacio;86;17;19;54;13;72;14;13;8;9;9;10;51;3;12;1;36;≤30 min;0.13;0.18;10.028833031807034;0.16;75.87;111.59;63.98;0.1977;0.1512;12.35;0.0;0.0;2.0;0.0;0.0;0.0233;0
336;336;0;0;SAO JOSE DO RIO PRETO;VOTUPORANGA;NHANDEARA;TODOS;-20.6943324;-50.0406028;-20.4262217;-49.9787386;34.2;33.5;353260;NHANDEARA;1218.4;1468.0;6999.4;2360.0;10577.8;3531;RRAS12;3515;DRS-15 Sao Jose do Rio Preto;35157;Votuporanga;194;8;12;151;33;186;8;5;6;2;10;2;146;5;32;1;0;31–60 min;0.12;0.22;9.266512744281366;0.04;366.81;131.32;279.66;0.0412;0.1701;15.13;6.0;19.0;9.0;0.0309;0.0979;0.0464;0
337;337;0;0;SAO JOSE DO RIO PRETO;JOSE BONIFACIO;NIPOA;TODOS;-20.9126469;-49.7791476;-21.0529053;-49.6891417;20.1;22.8;353270;NIPOA;758.8;879.25;3260.2;614.2;4633.2;3531;RRAS12;3515;DRS-15 Sao Jose do Rio Preto;35156;Jose Bonifacio;63;9;10;43;10;58;5;1;6;3;7;3;41;2;10;0;0;≤30 min;0.16;0.13;8.441003053058191;0.08;271.95;237.22;325.63;0.1429;0.1587;21.58;0.0;0.0;0.0;0.0;0.0;0.0;0
338;338;0;0;SAO JOSE DO RIO PRETO;TABAPUA;NOVAIS;TODOS;-20.9941576;-48.9188283;-20.9632775;-49.0312888;13.1;13.7;353325;NOVAIS;881.0;1033.5;3255.6;531.6;4668.2;3531;RRAS12;3515;DRS-15 Sao Jose do Rio Preto;35151;Catanduva;77;8;11;59;10;72;5;3;5;3;8;3;57;2;10;0;0;≤30 min;0.19;0.11;8.448528837390088;0.06;329.89;181.61;376.22;0.1039;0.1299;21.42;3.0;5.0;5.0;0.039;0.0649;0.0649;0
339;339;0;0;SAO JOSE DO RIO PRETO;NOVA GRANADA;ORINDIUVA;TODOS;-20.1819444;-49.3508333;-20.5380441023481;-49.3244409186177;52.6;48.7;353420;ORINDIUVA;1003.0;1183.0;4349.2;669.2;6021.4;3531;RRAS12;3515;DRS-15 Sao Jose do Rio Preto;35155;Sao Jose do Rio Preto;113;18;21;69;24;108;5;4;14;4;17;4;69;0;23;1;4;31–60 min;0.17;0.11;8.70307506940495;0.04;375.33;358.92;717.27;0.1593;0.2124;16.61;1.0;0.0;2.0;0.0088;0.0;0.0177;0
340;340;0;0;SAO JOSE DO RIO PRETO;NOVA GRANADA;PALESTINA;TODOS;-20.389344;-49.4320384;-20.5380441023481;-49.3244409186177;24.7;25.4;353500;PALESTINA;1610.0;1894.75;7841.6;2083.6;11535.2;3531;RRAS12;3515;DRS-15 Sao Jose do Rio Preto;35155;Sao Jose do Rio Preto;466;54;62;303;100;447;19;12;49;5;57;5;292;11;97;3;14;≤30 min;0.14;0.18;9.353158508992438;0.04;807.96;670.81;959.88;0.1159;0.2146;32.94;3.0;14.0;1.0;0.0064;0.03;0.0021;0
341;341;0;0;SAO JOSE DO RIO PRETO;CATANDUVA;PALMARES PAULISTA;TODOS;-21.085369;-48.803656;-21.1407509;-48.9754937;24.2;24.2;353510;PALMARES PAULISTA;1775.4;2118.25;7759.6;1052.6;10587.6;3531;RRAS12;3515;DRS-15 Sao Jose do Rio Preto;35151;Catanduva;88;8;8;66;13;86;2;2;7;1;7;1;65;1;13;0;2;≤30 min;0.17;0.1;9.26743878401606;0.02;166.23;90.12;247.01;0.0909;0.1477;3.78;1.0;2.0;1.0;0.0114;0.0227;0.0114;0
342;342;0;0;SAO JOSE DO RIO PRETO;CATANDUVA;PARAISO;TODOS;-21.015911;-48.776105;-21.1407509;-48.9754937;32.2;32.6;353570;PARAISO;868.4;1036.75;4285.8;1039.8;6194.0;3531;RRAS12;3515;DRS-15 Sao Jose do Rio Preto;35151;Catanduva;212;14;19;145;51;207;5;4;12;2;17;2;143;2;50;1;3;31–60 min;0.14;0.17;8.731336360533149;0.02;684.53;322.43;980.96;0.066;0.2406;16.14;2.0;4.0;4.0;0.0094;0.0189;0.0189;0
343;343;0;0;SAO JOSE DO RIO PRETO;VOTUPORANGA;PARISI;TODOS;-20.3039424;-50.0135808;-20.4262217;-49.9787386;15.9;17.3;353625;PARISI;348.8;404.25;1667.4;482.6;2498.8;3531;RRAS12;3515;DRS-15 Sao Jose do Rio Preto;35157;Votuporanga;97;11;13;67;17;87;10;4;8;3;10;3;63;4;15;2;15;≤30 min;0.14;0.19;7.8235658956194145;0.1;776.37;630.73;704.52;0.1134;0.1753;80.04;3.0;0.0;3.0;0.0309;0.0;0.0309;0
344;344;0;0;SAO JOSE DO RIO PRETO;NOVA GRANADA;PAULO DE FARIA;TODOS;-20.029593;-49.3998592;-20.5380441023481;-49.3244409186177;68.1;57.9;353660;PAULO DE FARIA;1108.4;1352.75;5692.4;1387.2;8188.0;3531;RRAS12;3515;DRS-15 Sao Jose do Rio Preto;35155;Sao Jose do Rio Preto;117;16;18;75;25;110;7;5;11;5;13;5;74;1;24;1;9;31–60 min;0.14;0.17;9.01042494678118;0.06;285.78;288.7;360.44;0.1368;0.2137;17.1;4.0;3.0;4.0;0.0342;0.0256;0.0342;0
345;345;0;0;SAO JOSE DO RIO PRETO;CATANDUVA;PINDORAMA;TODOS;-21.1853;-48.90861;-21.1407509;-48.9754937;9.2;11.9;353810;PINDORAMA;2025.6;2427.0;10435.2;2784.4;15245.2;3531;RRAS12;3515;DRS-15 Sao Jose do Rio Preto;35151;Catanduva;64;4;4;40;19;62;2;2;2;2;2;2;40;0;19;0;2;≤30 min;0.13;0.18;9.63201997839173;0.03;83.96;39.49;136.47;0.0625;0.2969;2.62;0.0;0.0;2.0;0.0;0.0;0.0312;0
346;346;0;0;SAO JOSE DO RIO PRETO;CATANDUVA;PIRANGI;TODOS;-21.0969623;-48.6652131;-21.1407509;-48.9754937;41.1;42.6;353900;PIRANGI;1389.2;1659.5;7630.2;2003.4;11022.8;3531;RRAS12;3515;DRS-15 Sao Jose do Rio Preto;35151;Catanduva;78;6;8;55;17;71;7;7;4;2;6;2;50;5;17;0;7;31–60 min;0.13;0.18;9.307721133917736;0.09;141.52;86.38;169.71;0.0769;0.2179;12.7;7.0;7.0;9.0;0.0897;0.0897;0.1154;0
347;347;0;0;SAO JOSE DO RIO PRETO;JOSE BONIFACIO;PLANALTO;TODOS;-21.0336277;-49.9284517;-21.0529053;-49.6891417;32.5;31.3;353960;PLANALTO;733.8;883.0;3203.4;634.8;4572.0;3531;RRAS12;3515;DRS-15 Sao Jose do Rio Preto;35156;Jose Bonifacio;46;10;12;33;3;37;9;9;6;4;7;5;28;5;3;0;12;31–60 min;0.16;0.14;8.427706024914702;0.2;201.22;272.55;94.52;0.2174;0.0652;39.37;0.0;0.0;0.0;0.0;0.0;0.0;0
348;348;0;0;SAO JOSE DO RIO PRETO;TANABI;POLONI;TODOS;-20.7836955;-49.8149752;-20.6278349;-49.6518627;31.2;32.3;353990;POLONI;822.2;962.75;3716.8;1119.0;5658.0;3531;RRAS12;3515;DRS-15 Sao Jose do Rio Preto;35156;Jose Bonifacio;20;2;3;12;5;19;1;0;2;0;3;0;11;1;5;0;0;31–60 min;0.15;0.2;8.640825751861513;0.05;70.7;48.65;89.37;0.1;0.25;3.53;0.0;0.0;0.0;0.0;0.0;0.0;0
349;349;0;0;SAO JOSE DO RIO PRETO;VOTUPORANGA;PONTES GESTAL;TODOS;-20.1833464;-49.7031406;-20.4262217;-49.9787386;52.4;49.3;354030;PONTES GESTAL;352.2;416.5;1666.0;490.4;2508.6;3531;RRAS12;3515;DRS-15 Sao Jose do Rio Preto;35157;Votuporanga;76;8;8;41;25;70;6;5;4;4;4;4;39;2;25;0;17;31–60 min;0.14;0.2;7.827480107590574;0.08;605.92;454.29;1019.58;0.1053;0.3289;47.84;0.0;0.0;0.0;0.0;0.0;0.0;0
350;350;0;0;SAO JOSE DO RIO PRETO;NOVO HORIZONTE;SALES;TODOS;-21.3418263;-49.4999228;-21.4677983;-49.2238747;39.0;39.0;354480;SALES;889.2;1056.0;4104.8;1146.8;6140.8;3531;RRAS12;3515;DRS-15 Sao Jose do Rio Preto;35151;Catanduva;49;3;3;34;10;47;2;2;3;0;3;0;33;1;9;1;0;31–60 min;0.14;0.19;8.722710305813381;0.04;159.59;67.48;174.4;0.0612;0.2041;6.51;0.0;0.0;0.0;0.0;0.0;0.0;0
351;351;0;0;SAO JOSE DO RIO PRETO;CATANDUVA;SANTA ADELIA;TODOS;-21.2432992;-48.8061481;-21.1407509;-48.9754937;28.3;25.9;354560;SANTA ADELIA;2056.4;2468.25;10172.2;2393.6;14622.2;3531;RRAS12;3515;DRS-15 Sao Jose do Rio Preto;35151;Catanduva;93;5;6;64;22;88;5;2;4;1;5;1;60;4;22;0;2;≤30 min;0.14;0.16;9.590296200779141;0.05;127.2;48.63;183.82;0.0538;0.2366;6.84;4.0;7.0;2.0;0.043;0.0753;0.0215;0
352;352;0;0;SAO JOSE DO RIO PRETO;VOTUPORANGA;SEBASTIANOPOLIS DO SUL;TODOS;-20.6581669;-49.9229043;-20.4262217;-49.9787386;32.6;37.4;355130;SEBASTIANOPOLIS DO SUL;429.6;499.75;2126.6;588.4;3144.6;3531;RRAS12;3515;DRS-15 Sao Jose do Rio Preto;35157;Votuporanga;71;8;11;46;17;67;4;1;8;0;11;0;42;4;17;0;0;31–60 min;0.14;0.19;8.053441975036176;0.06;451.57;372.44;577.84;0.1127;0.2394;25.44;2.0;5.0;12.0;0.0282;0.0704;0.169;0
353;353;0;0;SAO JOSE DO RIO PRETO;JOSE BONIFACIO;UBARANA;TODOS;-21.1637674;-49.7167796;-21.0529053;-49.6891417;16.8;14.8;355535;UBARANA;947.6;1138.75;3859.0;688.4;5495.0;3531;RRAS12;3515;DRS-15 Sao Jose do Rio Preto;35156;Jose Bonifacio;85;5;5;58;21;80;5;4;2;3;2;3;56;2;21;0;6;≤30 min;0.17;0.13;8.611593866837723;0.06;309.37;105.53;610.11;0.0588;0.2471;18.2;0.0;1.0;3.0;0.0;0.0118;0.0353;0
354;354;0;0;SAO JOSE DO RIO PRETO;JOSE BONIFACIO;UNIAO PAULISTA;TODOS;-20.8877642;-49.8976558;-21.0529053;-49.6891417;35.4;39.6;355570;UNIAO PAULISTA;266.2;316.0;1111.2;245.4;1622.8;3531;RRAS12;3515;DRS-15 Sao Jose do Rio Preto;35156;Jose Bonifacio;8;0;0;7;1;8;0;0;0;0;0;0;7;0;1;0;0;31–60 min;0.16;0.15;7.391908331332292;0.0;98.6;0.0;81.5;0.0;0.125;0.0;0.0;0.0;0.0;0.0;0.0;0.0;1
355;355;0;0;SAO JOSE DO RIO PRETO;CATANDUVA;URUPES;TODOS;-21.2027026;-49.2921996;-21.1407509;-48.9754937;39.3;43.1;355600;URUPES;1655.6;1976.5;9263.6;2643.8;13563.0;3531;RRAS12;3515;DRS-15 Sao Jose do Rio Preto;35151;Catanduva;173;9;11;106;57;167;6;3;7;2;9;2;103;3;56;1;3;31–60 min;0.12;0.19;9.515100775962715;0.03;255.11;108.72;431.2;0.052;0.3295;8.85;0.0;0.0;3.0;0.0;0.0;0.0173;0
356;356;0;0;SAO JOSE DO RIO PRETO;VOTUPORANGA;VALENTIM GENTIL;TODOS;-20.4226107;-50.0861511;-20.4262217;-49.9787386;18.0;17.4;355610;VALENTIM GENTIL;1896.4;2206.75;9043.8;1843.0;12783.2;3531;RRAS12;3515;DRS-15 Sao Jose do Rio Preto;35157;Votuporanga;247;28;31;164;50;229;18;15;14;14;17;14;161;3;49;1;55;≤30 min;0.15;0.14;9.455887087825179;0.07;386.44;295.3;542.59;0.1134;0.2024;28.16;5.0;6.0;11.0;0.0202;0.0243;0.0445;0
357;357;0;0;SAO JOSE DO RIO PRETO;JOSE BONIFACIO;ZACARIAS;TODOS;-21.0523649;-50.0514502;-21.0529053;-49.6891417;46.3;46.2;355715;ZACARIAS;393.6;459.5;1736.6;463.6;2593.8;3531;RRAS12;3515;DRS-15 Sao Jose do Rio Preto;35156;Jose Bonifacio;23;1;1;15;6;22;1;1;0;1;0;1;15;0;6;0;3;31–60 min;0.15;0.18;7.860879260901641;0.04;177.35;50.81;258.84;0.0435;0.2609;7.71;0.0;0.0;0.0;0.0;0.0;0.0;0
358;358;0;0;SAO JOSE DOS CAMPOS;JACAREI;IGARATA;TODOS;-23.2063475;-46.156934;-23.296135521001;-45.963389543689;31.5;25.6;352020;IGARATA;1564.0;1858.5;6905.4;1508.8;9978.2;3526;RRAS17;3517;DRS-17 Taubate;35171;Alto Vale do Paraíba;8;1;1;6;1;6;2;2;0;1;0;1;5;1;1;0;8;≤30 min;0.16;0.15;9.208157992317116;0.25;16.03;12.79;13.26;0.125;0.125;4.01;1.0;0.0;3.0;0.125;0.0;0.375;1
359;359;0;0;SAO JOSE DOS CAMPOS;CACAPAVA;JAMBEIRO;TODOS;-23.2556416;-45.6919926;-23.1041235129502;-45.7041502768152;24.4;23.2;352490;JAMBEIRO;949.4;1119.25;4169.6;898.6;6017.6;3526;RRAS17;3517;DRS-17 Taubate;35171;Alto Vale do Paraíba;1;1;1;0;0;1;0;0;1;0;1;0;0;0;0;0;0;≤30 min;0.16;0.15;8.702443787716073;0.0;3.32;21.07;0.0;1.0;0.0;0.0;0.0;0.0;0.0;0.0;0.0;0.0;1
360;360;0;0;SAO JOSE DOS CAMPOS;JACAREI;SANTA BRANCA;TODOS;-23.3974353;-45.8842294;-23.296135521001;-45.963389543689;16.9;22.3;354600;SANTA BRANCA;2034.0;2457.75;9914.4;2353.6;14302.0;3526;RRAS17;3517;DRS-17 Taubate;35171;Alto Vale do Paraíba;7;0;0;6;1;5;2;1;0;0;0;0;4;2;1;0;3;≤30 min;0.14;0.16;9.568154666608342;0.29;9.79;0.0;8.5;0.0;0.1429;2.8;1.0;1.0;0.0;0.1429;0.1429;0.0;1
361;361;0;0;SOROCABA;ITAPETININGA;ALAMBARI;TODOS;-23.550338;-47.897971;-23.584442;-48.0453462;21.6;24.3;350075;ALAMBARI;972.8;1146.75;3895.8;814.8;5683.4;3519;RRAS08;3516;DRS-16 Sorocaba;35161;Itapetininga;3;1;1;2;0;3;0;0;1;0;1;0;2;0;0;0;0;≤30 min;0.17;0.14;8.645304924180033;0.0;10.56;20.56;0.0;0.3333;0.0;0.0;1.0;0.0;2.0;0.3333;0.0;0.6667;1
362;362;0;0;SOROCABA;SOROCABA;ALUMINIO;TODOS;-23.5203479;-47.2575256;-23.5178154;-47.4531223;28.7;28.1;350115;ALUMINIO;2935.8;3523.5;12653.2;2047.0;17636.0;3519;RRAS08;3516;DRS-16 Sorocaba;35163;Sorocaba;29;1;2;22;5;22;7;6;1;0;2;0;18;4;2;3;0;≤30 min;0.17;0.12;9.777697546477828;0.24;32.89;6.81;48.85;0.0345;0.1724;7.94;1.0;0.0;0.0;0.0345;0.0;0.0;0
363;363;0;0;SOROCABA;SOROCABA;ARACARIGUAMA;TODOS;-23.4388277;-47.0613084;-23.5178154;-47.4531223;49.0;37.6;350275;ARACARIGUAMA;3831.2;4485.5;14069.0;1972.6;19872.8;3519;RRAS08;3516;DRS-16 Sorocaba;35163;Sorocaba;36;2;2;28;6;33;3;3;2;0;2;0;25;3;6;0;0;31–60 min;0.19;0.1;9.897107241571842;0.08;36.23;10.44;60.83;0.0556;0.1667;3.02;2.0;1.0;6.0;0.0556;0.0278;0.1667;0
364;364;0;0;SOROCABA;SOROCABA;ARACOIABA DA SERRA;TODOS;-23.5045367;-47.6168158;-23.5178154;-47.4531223;23.3;21.6;350290;ARACOIABA DA SERRA;4563.4;5446.25;21395.2;5185.4;31144.0;3519;RRAS08;3516;DRS-16 Sorocaba;35163;Sorocaba;5;2;2;3;0;4;1;1;1;1;1;1;3;0;0;0;0;≤30 min;0.15;0.17;10.346376889290292;0.2;3.21;8.77;0.0;0.4;0.0;0.64;1.0;1.0;0.0;0.2;0.2;0.0;1
365;365;0;0;SOROCABA;TATUI;BOITUVA;TODOS;-23.2838893;-47.6738231;-23.3522859;-47.8445248;27.5;23.7;350700;BOITUVA;9179.8;10756.75;40239.4;7210.6;56629.8;3519;RRAS08;3516;DRS-16 Sorocaba;35163;Sorocaba;66;5;6;45;16;62;4;3;4;1;5;1;43;2;15;1;0;≤30 min;0.16;0.13;10.944290627404634;0.06;23.31;10.89;44.38;0.0758;0.2424;1.41;3.0;3.0;1.0;0.0455;0.0455;0.0152;0
366;366;0;0;SOROCABA;ANGATUBA;CAMPINA DO MONTE ALEGRE;TODOS;-23.5935653;-48.4801876;-23.4923338949423;-48.4149366556336;20.9;20.0;350945;CAMPINA DO MONTE ALEGRE;921.8;1106.75;4083.8;896.0;5901.6;3519;RRAS08;3516;DRS-16 Sorocaba;35161;Itapetininga;3;0;0;3;0;3;0;0;0;0;0;0;3;0;0;0;0;≤30 min;0.16;0.15;8.682978779570092;0.0;10.17;0.0;0.0;0.0;0.0;0.0;0.0;0.0;1.0;0.0;0.0;0.3333;1
367;367;0;0;SOROCABA;TATUI;CAPELA DO ALTO;TODOS;-23.4704798;-47.7352309;-23.3522859;-47.8445248;20.6;22.1;351030;CAPELA DO ALTO;3290.6;3859.0;14830.0;2474.8;20595.4;3519;RRAS08;3516;DRS-16 Sorocaba;35163;Sorocaba;16;2;4;12;0;11;5;4;2;0;4;0;9;3;0;0;6;≤30 min;0.16;0.12;9.932823028871425;0.31;15.54;12.16;0.0;0.125;0.0;4.86;0.0;2.0;0.0;0.0;0.125;0.0;0
368;368;0;0;SOROCABA;TATUI;CERQUILHO;TODOS;-23.1626556;-47.7433878;-23.3522859;-47.8445248;28.6;23.7;351150;CERQUILHO;6377.2;7535.0;31207.4;6310.2;43894.8;3519;RRAS08;3516;DRS-16 Sorocaba;35161;Itapetininga;97;3;4;77;15;94;3;1;2;1;3;1;76;1;14;1;0;≤30 min;0.15;0.14;10.68955114102233;0.03;44.2;9.41;47.54;0.0309;0.1546;1.37;1.0;2.0;4.0;0.0103;0.0206;0.0412;0
369;369;0;0;SOROCABA;TATUI;CESARIO LANGE;TODOS;-23.226035;-47.954453;-23.3522859;-47.8445248;19.5;25.0;351160;CESARIO LANGE;2856.8;3336.25;12548.0;2412.6;17817.4;3519;RRAS08;3516;DRS-16 Sorocaba;35161;Itapetininga;5;0;0;4;0;5;0;0;0;0;0;0;4;0;0;0;0;≤30 min;0.16;0.14;9.787930786900615;0.0;5.61;0.0;0.0;0.0;0.0;0.0;1.0;0.0;0.0;0.2;0.0;0.0;1
370;370;0;0;SOROCABA;ITAPETININGA;GUAREI;TODOS;-23.3718195;-48.184685;-23.584442;-48.0453462;37.8;42.6;351850;GUAREI;1896.6;2253.25;11437.0;1863.2;15196.8;3519;RRAS08;3516;DRS-16 Sorocaba;35161;Itapetininga;12;0;0;9;3;9;3;2;0;0;0;0;6;3;3;0;2;31–60 min;0.12;0.12;9.628840158354803;0.25;15.79;0.0;32.2;0.0;0.25;3.95;0.0;0.0;1.0;0.0;0.0;0.0833;0
371;371;0;0;SOROCABA;PIEDADE;IBIUNA;TODOS;-23.6544825;-47.220856;-23.7131624;-47.4193369;28.0;28.9;351970;IBIUNA;12481.0;14888.5;53155.8;10554.8;76191.6;3519;RRAS08;3516;DRS-16 Sorocaba;35163;Sorocaba;3;1;1;1;1;3;0;0;1;0;1;0;1;0;1;0;0;≤30 min;0.16;0.14;11.241006499377807;0.0;0.79;1.6;1.89;0.3333;0.3333;0.0;0.0;0.0;0.0;0.0;0.0;0.0;1
372;372;0;0;SOROCABA;TATUI;IPERO;TODOS;-23.3508977;-47.687611;-23.3522859;-47.8445248;19.7;24.0;352100;IPERO;5750.4;6711.75;24238.4;3564.0;33552.8;3519;RRAS08;3516;DRS-16 Sorocaba;35163;Sorocaba;84;7;10;67;9;82;2;2;6;1;9;1;66;1;9;0;3;≤30 min;0.17;0.11;10.420875596443523;0.02;50.07;24.35;50.51;0.0833;0.1071;1.19;2.0;2.0;3.0;0.0238;0.0238;0.0357;0
373;373;0;0;SOROCABA;TATUI;JUMIRIM;TODOS;-23.0843839;-47.7882279;-23.3522859;-47.8445248;39.8;36.7;352585;JUMIRIM;455.4;536.75;2108.6;408.0;2972.0;3519;RRAS08;3516;DRS-16 Sorocaba;35163;Sorocaba;52;3;4;37;11;51;1;1;3;0;4;0;36;1;11;0;0;31–60 min;0.15;0.14;7.99699040583765;0.02;349.93;131.75;539.22;0.0577;0.2115;6.73;3.0;3.0;6.0;0.0577;0.0577;0.1154;0
374;374;0;0;SOROCABA;SOROCABA;MAIRINQUE;TODOS;-23.5401247;-47.1846323;-23.5178154;-47.4531223;33.5;32.1;352840;MAIRINQUE;7757.8;9204.0;34507.8;6200.8;48466.4;3519;RRAS08;3516;DRS-16 Sorocaba;35163;Sorocaba;49;6;7;39;4;44;5;5;6;0;7;0;35;4;3;1;0;31–60 min;0.16;0.13;10.788626053335037;0.1;20.22;15.47;12.9;0.1224;0.0816;2.06;10.0;11.0;6.0;0.2041;0.2245;0.1224;0
375;375;0;0;SOROCABA;SAO MIGUEL ARCANJO;PILAR DO SUL;TODOS;-23.8121684;-47.7201865;-23.8733231172657;-47.9994060499722;36.9;37.0;353790;PILAR DO SUL;4447.2;5321.25;19538.0;4083.8;28069.0;3519;RRAS08;3516;DRS-16 Sorocaba;35163;Sorocaba;47;1;1;36;10;46;1;1;1;0;1;0;36;0;9;1;2;31–60 min;0.16;0.15;10.242421043498677;0.02;33.49;4.5;48.97;0.0213;0.2128;0.71;0.0;0.0;0.0;0.0;0.0;0.0;0
376;376;0;0;SOROCABA;SOROCABA;PORTO FELIZ;TODOS;-23.2110713;-47.5247163;-23.5178154;-47.4531223;39.3;42.6;354060;PORTO FELIZ;8101.4;9551.25;38858.4;7621.2;54581.0;3519;RRAS08;3516;DRS-16 Sorocaba;35163;Sorocaba;290;19;26;232;37;279;11;7;13;6;20;6;227;5;37;0;9;31–60 min;0.15;0.14;10.90744111582406;0.04;106.26;46.91;97.1;0.0655;0.1276;4.03;1.0;3.0;1.0;0.0034;0.0103;0.0034;0
377;377;0;0;SOROCABA;TATUI;QUADRA;TODOS;-23.299332;-48.054657;-23.3522859;-47.8445248;24.5;31.1;354165;QUADRA;568.8;675.5;2322.4;558.8;3450.0;3519;RRAS08;3516;DRS-16 Sorocaba;35161;Itapetininga;2;0;0;1;1;2;0;0;0;0;0;0;1;0;1;0;0;31–60 min;0.16;0.16;8.146129510025405;0.0;11.59;0.0;35.79;0.0;0.5;0.0;0.0;0.0;1.0;0.0;0.0;0.5;1
378;378;0;0;SOROCABA;CAPAO BONITO;RIBEIRAO GRANDE;TODOS;-24.10114;-48.367931;-24.0072838655773;-48.3469804185384;12.0;19.0;354325;RIBEIRAO GRANDE;1186.4;1446.0;5350.4;1142.2;7679.0;3519;RRAS08;3516;DRS-16 Sorocaba;35161;Itapetininga;4;0;0;4;0;3;1;1;0;0;0;0;3;1;0;0;0;≤30 min;0.15;0.15;8.946244609330543;0.25;10.42;0.0;0.0;0.0;0.0;2.6;0.0;0.0;0.0;0.0;0.0;0.0;1
379;379;0;0;SOROCABA;ITU;SALTO;TODOS;-23.1989983;-47.2913682;-23.2702842579446;-47.2952816743769;9.2;10.5;354520;SALTO;18876.6;22044.75;89062.2;15732.2;123671.0;3519;RRAS08;3516;DRS-16 Sorocaba;35163;Sorocaba;77;16;18;53;8;68;9;7;12;4;14;4;48;5;8;0;17;≤30 min;0.15;0.13;11.725380092738828;0.12;12.45;16.95;10.17;0.2078;0.1039;1.46;3.0;2.0;3.0;0.039;0.026;0.039;0
380;380;0;0;SOROCABA;SOROCABA;SALTO DE PIRAPORA;TODOS;-23.6492502;-47.5729465;-23.5178154;-47.4531223;23.2;27.0;354530;SALTO DE PIRAPORA;6896.2;8182.75;30846.0;6081.4;43823.6;3519;RRAS08;3516;DRS-16 Sorocaba;35163;Sorocaba;37;4;4;28;4;30;7;2;3;1;3;1;24;4;2;2;3;≤30 min;0.16;0.14;10.687927764042438;0.19;16.89;11.6;13.15;0.1081;0.1081;3.19;0.0;2.0;1.0;0.0;0.0541;0.027;0
381;381;0;0;SOROCABA;SOROCABA;SAO ROQUE;TODOS;-23.5304843;-47.1355473;-23.5178154;-47.4531223;39.2;38.1;355060;SAO ROQUE;11804.4;14117.5;57680.4;12664.8;82149.6;3519;RRAS08;3516;DRS-16 Sorocaba;35163;Sorocaba;17;3;3;12;2;15;2;1;2;1;2;1;11;1;2;0;7;31–60 min;0.14;0.15;11.316297254311745;0.12;4.14;5.08;3.16;0.1765;0.1176;0.49;0.0;0.0;1.0;0.0;0.0;0.0588;0
382;382;0;0;SOROCABA;ITAPETININGA;SARAPUI;TODOS;-23.63974;-47.824863;-23.584442;-48.0453462;33.2;37.8;355110;SARAPUI;1643.4;1964.5;6868.4;1500.2;10012.0;3519;RRAS08;3516;DRS-16 Sorocaba;35161;Itapetininga;8;0;0;6;1;8;0;0;0;0;0;0;6;0;1;0;0;31–60 min;0.16;0.15;9.211539652551664;0.0;15.98;0.0;13.33;0.0;0.125;0.0;0.0;1.0;0.0;0.0;0.125;0.0;1
383;383;0;0;SOROCABA;PIEDADE;TAPIRAI;TODOS;-23.9638345;-47.5067136;-23.7131624;-47.4193369;36.2;36.5;355350;TAPIRAI;1442.2;1749.5;5645.0;1179.4;8266.6;3519;RRAS08;3516;DRS-16 Sorocaba;35163;Sorocaba;3;0;0;3;0;3;0;0;0;0;0;0;3;0;0;0;0;31–60 min;0.17;0.14;9.019978578936316;0.0;7.26;0.0;0.0;0.0;0.0;0.0;0.0;0.0;0.0;0.0;0.0;0.0;1
384;384;0;0;SOROCABA;TATUI;TIETE;TODOS;-23.1030302;-47.7147937;-23.3522859;-47.8445248;35.2;29.9;355450;TIETE;5625.8;6705.0;27285.4;5983.2;38894.4;3519;RRAS08;3516;DRS-16 Sorocaba;35163;Sorocaba;252;21;26;187;43;241;11;9;18;3;23;3;180;7;42;1;7;≤30 min;0.14;0.15;10.56860556037457;0.04;129.58;74.66;143.74;0.0833;0.1706;5.66;5.0;14.0;36.0;0.0198;0.0556;0.1429;0
385;385;0;0;SOROCABA;SOROCABA;VOTORANTIM;TODOS;-23.5380539;-47.4422137;-23.5178154;-47.4531223;6.1;7.7;355700;VOTORANTIM;19731.8;23288.0;88727.0;14694.0;123152.8;3519;RRAS08;3516;DRS-16 Sorocaba;35163;Sorocaba;75;12;12;54;9;65;10;6;9;3;9;3;47;7;9;0;18;≤30 min;0.16;0.12;11.721181139790417;0.13;12.18;12.16;12.25;0.16;0.12;1.62;3.0;5.0;7.0;0.04;0.0667;0.0933;0
386;386;0;0;TAUBATE;GUARATINGUETA;APARECIDA;TODOS;-22.851552;-45.2340924;-22.8217468;-45.1912082;8.0;11.7;350250;APARECIDA;4959.0;5932.25;24714.8;5408.6;35082.4;3526;RRAS17;3517;DRS-17 Taubate;35172;Circuito da Fe e Vale Historico;247;30;36;187;29;223;24;17;21;9;25;11;172;15;29;0;40;≤30 min;0.14;0.15;10.465454859197228;0.1;140.81;120.99;107.24;0.1215;0.1174;13.68;12.0;16.0;34.0;0.0486;0.0648;0.1377;0
387;387;0;0;TAUBATE;SAO JOSE DO BARREIRO;ARAPEI;TODOS;-22.6738889;-44.4477778;-22.6479500153204;-44.5757358432995;19.7;25.9;350315;ARAPEI;356.4;438.25;1696.0;411.4;2463.8;3526;RRAS17;3517;DRS-17 Taubate;35172;Circuito da Fe e Vale Historico;3;2;2;0;1;2;1;1;1;1;1;1;0;0;1;0;2;≤30 min;0.14;0.17;7.8094601525278735;0.33;24.35;112.23;48.61;0.6667;0.3333;8.12;0.0;0.0;0.0;0.0;0.0;0.0;1
388;388;0;0;TAUBATE;CRUZEIRO;AREIAS;TODOS;-22.5800929;-44.6975127;-22.5754109;-44.9635404;38.9;50.2;350350;AREIAS;598.0;724.75;2578.4;547.0;3723.4;3526;RRAS17;3517;DRS-17 Taubate;35172;Circuito da Fe e Vale Historico;3;0;0;2;1;2;1;1;0;0;0;0;1;1;1;0;0;31–60 min;0.16;0.15;8.222392508337796;0.33;16.11;0.0;36.56;0.0;0.3333;5.37;0.0;0.0;0.0;0.0;0.0;0.0;1
389;389;0;0;TAUBATE;LORENA;CACHOEIRA PAULISTA;TODOS;-22.6605578;-45.0081689;-22.7331092;-45.1221271;18.0;17.7;350860;CACHOEIRA PAULISTA;4890.4;5819.5;22211.4;4918.4;32020.2;3526;RRAS17;3517;DRS-17 Taubate;35172;Circuito da Fe e Vale Historico;84;6;9;61;15;73;11;7;3;3;6;3;55;6;13;2;16;≤30 min;0.15;0.15;10.37412223262739;0.13;52.47;24.54;61.0;0.0714;0.1786;6.87;11.0;17.0;17.0;0.131;0.2024;0.2024;0
390;390;0;0;TAUBATE;LORENA;CANAS;TODOS;-22.7029347;-45.0526508;-22.7331092;-45.1221271;9.2;12.0;350995;CANAS;924.4;1087.75;3353.6;527.6;4805.6;3526;RRAS17;3517;DRS-17 Taubate;35172;Circuito da Fe e Vale Historico;46;4;6;34;6;40;6;4;4;0;4;2;29;5;5;1;8;≤30 min;0.19;0.11;8.477537183535953;0.13;191.44;86.54;227.45;0.087;0.1304;24.97;4.0;5.0;4.0;0.087;0.1087;0.087;0
391;391;0;0;TAUBATE;CRUZEIRO;LAVRINHAS;TODOS;-22.5678335;-44.90597;-22.5754109;-44.9635404;7.7;11.1;352660;LAVRINHAS;1288.2;1521.5;5031.6;788.0;7107.8;3526;RRAS17;3517;DRS-17 Taubate;35172;Circuito da Fe e Vale Historico;23;2;2;17;4;18;5;1;0;2;0;2;16;1;2;2;10;≤30 min;0.18;0.11;8.868948051568607;0.22;64.72;31.05;101.52;0.087;0.1739;14.07;1.0;0.0;1.0;0.0435;0.0;0.0435;0
392;392;0;1;TAUBATE;TAUBATE;NATIVIDADE DA SERRA;TODOS;-23.3783786;-45.4438173;-23.0300597;-45.5673225;57.9;63.7;353230;NATIVIDADE DA SERRA;1026.4;1213.75;4578.6;1414.4;7019.4;3526;RRAS17;3517;DRS-17 Taubate;35174;Vale do Paraiba-Regiao Serrana;2;0;0;2;0;2;0;0;0;0;0;0;2;0;0;0;0;>60 min;0.15;0.2;8.85643302328161;0.0;5.7;0.0;0.0;0.0;0.0;0.0;1.0;1.0;1.0;0.5;0.5;0.5;1
393;393;0;0;TAUBATE;LORENA;PIQUETE;TODOS;-22.6138451;-45.1777096;-22.7331092;-45.1221271;16.5;15.1;353850;PIQUETE;1833.8;2237.0;9342.4;2486.0;13662.2;3526;RRAS17;3517;DRS-17 Taubate;35172;Circuito da Fe e Vale Historico;4;0;0;4;0;4;0;0;0;0;0;0;4;0;0;0;0;≤30 min;0.13;0.18;9.522388174329718;0.0;5.86;0.0;0.0;0.0;0.0;0.0;0.0;1.0;2.0;0.0;0.25;0.5;1
394;394;0;0;TAUBATE;GUARATINGUETA;POTIM;TODOS;-22.8377227;-45.2565239;-22.8217468;-45.1912082;9.6;12.6;354075;POTIM;3252.4;3832.5;15432.4;1839.4;20524.2;3526;RRAS17;3517;DRS-17 Taubate;35172;Circuito da Fe e Vale Historico;285;32;37;216;35;267;18;16;27;5;30;7;206;10;32;3;30;≤30 min;0.16;0.09;9.929359956703522;0.06;277.72;196.78;380.56;0.1123;0.1228;17.54;3.0;2.0;18.0;0.0105;0.007;0.0632;0
395;395;0;0;TAUBATE;CRUZEIRO;QUELUZ;TODOS;-22.5371881;-44.7752585;-22.5754109;-44.9635404;24.3;25.7;354190;QUELUZ;1621.4;1964.25;7330.6;1404.2;10356.2;3526;RRAS17;3517;DRS-17 Taubate;35172;Circuito da Fe e Vale Historico;48;2;4;36;8;44;4;2;2;0;3;1;33;3;7;1;9;≤30 min;0.16;0.14;9.245340653160804;0.08;92.7;24.67;113.94;0.0417;0.1667;7.72;2.0;1.0;0.0;0.0417;0.0208;0.0;0
396;396;0;1;TAUBATE;TAUBATE;REDENCAO DA SERRA;TODOS;-23.2803652;-45.5345747;-23.0300597;-45.5673225;38.1;42.0;354230;REDENCAO DA SERRA;650.4;777.25;2852.0;814.4;4316.8;3526;RRAS17;3517;DRS-17 Taubate;35174;Vale do Paraiba-Regiao Serrana;9;0;0;8;1;7;2;0;0;0;0;0;6;2;1;0;3;31–60 min;0.15;0.19;8.370269666013437;0.22;41.7;0.0;24.56;0.0;0.1111;9.27;0.0;0.0;1.0;0.0;0.0;0.1111;1
397;397;0;0;TAUBATE;GUARATINGUETA;ROSEIRA;TODOS;-22.8980898;-45.3093218;-22.8217468;-45.1912082;18.3;18.6;354430;ROSEIRA;1743.0;2051.5;7473.2;1303.6;10519.8;3526;RRAS17;3517;DRS-17 Taubate;35172;Circuito da Fe e Vale Historico;97;12;14;66;18;91;6;6;10;2;11;3;63;3;17;1;6;≤30 min;0.17;0.12;9.261014474704137;0.06;184.41;137.69;276.16;0.1237;0.1856;11.41;38.0;45.0;71.0;0.3918;0.4639;0.732;0
398;398;0;0;TAUBATE;CAMPOS DO JORDAO;SANTO ANTONIO DO PINHAL;TODOS;-22.8250504;-45.6674063;-22.7435729093374;-45.6250628405897;25.7;27.6;354820;SANTO ANTONIO DO PINHAL;1027.8;1233.75;4942.8;1038.6;7009.2;3526;RRAS17;3517;DRS-17 Taubate;35174;Vale do Paraiba-Regiao Serrana;1;0;0;0;1;0;1;0;0;0;0;0;0;0;0;1;0;≤30 min;0.15;0.15;8.854978850834264;1.0;2.85;0.0;19.26;0.0;1.0;2.85;0.0;0.0;0.0;0.0;0.0;0.0;1
399;399;0;0;TAUBATE;CRUZEIRO;SILVEIRAS;TODOS;-22.66384;-44.852157;-22.5754109;-44.9635404;25.7;25.9;355200;SILVEIRAS;960.0;1160.5;4244.4;966.0;6170.4;3526;RRAS17;3517;DRS-17 Taubate;35172;Circuito da Fe e Vale Historico;22;2;4;18;2;22;0;0;2;0;4;0;18;0;2;0;0;≤30 min;0.16;0.16;8.727518944619788;0.0;71.31;41.67;41.41;0.0909;0.0909;0.0;1.0;0.0;1.0;0.0455;0.0;0.0455;0
400;400;0;1;TAUBATE;TAUBATE;TREMEMBE;TODOS;-22.9641763;-45.5489548;-23.0300597;-45.5673225;8.7;11.0;355480;TREMEMBE;6813.0;8027.5;35134.4;5844.0;47791.4;3526;RRAS17;3517;DRS-17 Taubate;35174;Vale do Paraiba-Regiao Serrana;241;20;25;180;35;227;14;11;20;0;24;1;168;12;33;2;7;≤30 min;0.14;0.12;10.774600985974674;0.06;100.85;58.71;119.78;0.083;0.1452;5.86;6.0;10.0;23.0;0.0249;0.0415;0.0954;0
401;401;0;1;BAURU;BAURU;AGUDOS;PONDERADO;-22.4719836;-48.9884476;-22.3305675;-49.0775289;22.2076923076923;19.6153846153846;350070;AGUDOS;5942.8;7005.5;26333.4;5237.2;37513.4;3518;RRAS09;3506;DRS-06 Bauru;35062;Bauru;26;2;4;22;2;23;3;3;2;0;4;0;20;2;1;1;2;≤30 min;0.16;0.14;10.532453481463484;0.12;13.86;6.73;7.64;0.0769;0.0769;1.6;0.0;0.0;2.0;0.0;0.0;0.0769;0
402;402;0;1;BAURU;BAURU;AREALVA;PONDERADO;-22.0301906;-48.9111936;-22.3088056;-49.0897729;43.6050847457627;38.806779661017;350340;AREALVA;1080.8;1293.25;5378.4;1746.2;8205.4;3518;RRAS09;3506;DRS-06 Bauru;35062;Bauru;76;17;19;40;18;70;6;6;14;3;15;4;37;3;18;0;8;31–60 min;0.13;0.21;9.012547753097643;0.08;185.24;314.58;206.16;0.2237;0.2368;14.62;3.0;2.0;3.0;0.0395;0.0263;0.0395;0
403;403;0;1;BAURU;BAURU;AVAI;PONDERADO;-22.1564662;-49.3316395;-22.3088056;-49.0897729;40.6;33.9;350430;AVAI;735.2;880.5;3338.0;726.0;4799.2;3518;RRAS09;3506;DRS-06 Bauru;35062;Bauru;52;15;17;30;7;47;5;4;12;3;14;3;28;2;7;0;13;31–60 min;0.15;0.15;8.476204516338884;0.1;216.7;408.05;192.84;0.2885;0.1346;20.84;1.0;0.0;0.0;0.0192;0.0;0.0;0
404;404;0;1;BAURU;BAURU;IACANGA;PONDERADO;-21.8928341;-49.0226082;-22.3088056;-49.0897729;50.7939393939394;40.7424242424242;351910;IACANGA;1563.0;1851.75;7294.0;1645.0;10502.0;3518;RRAS09;3506;DRS-06 Bauru;35062;Bauru;61;4;5;48;9;49;12;6;4;0;5;0;37;11;8;1;10;31–60 min;0.15;0.16;9.259320994197804;0.2;116.17;51.18;109.42;0.0656;0.1475;22.85;1.0;2.0;5.0;0.0164;0.0328;0.082;0
405;405;0;1;BAURU;BAURU;PEDERNEIRAS;PONDERADO;-23.4346441;-46.5157181;-22.3088056;-49.0897729;34.1609756097561;35.1463414634146;353670;PEDERNEIRAS;7021.0;8362.75;31786.0;6195.2;45002.2;3518;RRAS09;3506;DRS-06 Bauru;35062;Bauru;82;9;10;56;15;76;6;6;7;2;8;2;53;3;15;0;2;31–60 min;0.16;0.14;10.714466656446323;0.07;36.44;25.64;48.42;0.1098;0.1829;2.67;2.0;2.0;1.0;0.0244;0.0244;0.0122;0
406;406;0;1;BAURU;BAURU;PIRATININGA;PONDERADO;-22.4136363;-49.1351479;-22.3305675;-49.0775289;13.1;17.075;353940;PIRATININGA;2043.4;2384.25;9559.0;2276.6;13879.0;3518;RRAS09;3506;DRS-06 Bauru;35062;Bauru;19;4;6;12;3;19;0;0;4;0;6;0;12;0;3;0;0;≤30 min;0.15;0.16;9.53813218535584;0.0;27.38;39.15;26.36;0.2105;0.1579;0.0;2.0;1.0;3.0;0.1053;0.0526;0.1579;0
407;407;0;1;CAMPINAS;JUNDIAI;CABREUVA;PONDERADO;-23.3076663;-47.1324726;-23.1838628;-46.8899187;36.02;33.26;350840;CABREUVA;8188.0;9690.5;33309.2;4672.4;46169.6;3527;RRAS16;3507;DRS-07 Campinas;35073;Jundiai;24;3;3;18;3;20;4;3;2;1;2;1;15;3;3;0;0;31–60 min;0.18;0.1;10.74007685182911;0.17;10.4;7.33;12.84;0.125;0.125;1.73;0.0;2.0;0.0;0.0;0.0833;0.0;0
408;408;0;1;CAMPINAS;JUNDIAI;CAMPO LIMPO PAULISTA;PONDERADO;-23.207791;-46.788919;-23.1838628;-46.8899187;14.1642857142857;18.6928571428571;350960;CAMPO LIMPO PAULISTA;12781.6;15171.75;56487.6;9860.8;79130.0;3527;RRAS16;3507;DRS-07 Campinas;35073;Jundiai;102;7;10;85;9;96;6;2;6;1;9;1;81;4;8;1;2;≤30 min;0.16;0.12;11.27884734860324;0.06;25.78;10.95;18.25;0.0686;0.0882;1.52;26.0;34.0;30.0;0.2549;0.3333;0.2941;0
409;409;0;1;CAMPINAS;JUNDIAI;ITUPEVA;PONDERADO;-23.1531055;-47.0580347;-23.1838628;-46.8899187;22.3625;24.0375;352400;ITUPEVA;10594.2;12153.0;42612.4;5632.0;58838.6;3527;RRAS16;3507;DRS-07 Campinas;35073;Jundiai;17;0;0;15;2;16;1;0;0;0;0;0;14;1;2;0;0;≤30 min;0.18;0.1;10.982553381094442;0.06;5.78;0.0;7.1;0.0;0.1176;0.34;3.0;1.0;1.0;0.1765;0.0588;0.0588;0
410;410;0;1;CAMPINAS;JUNDIAI;JARINU;PONDERADO;-23.0949649;-46.7148565;-23.1838628;-46.8899187;29.22;33.408;352520;JARINU;5319.4;6117.5;21893.6;3843.4;31056.4;3527;RRAS16;3507;DRS-07 Campinas;35073;Jundiai;64;8;11;51;3;61;3;2;7;1;10;1;49;2;3;0;0;31–60 min;0.17;0.12;10.34356018528463;0.05;41.22;30.08;15.61;0.125;0.0469;1.93;9.0;11.0;2.0;0.1406;0.1719;0.0312;0
411;411;0;1;CAMPINAS;JUNDIAI;LOUVEIRA;PONDERADO;-23.08639;-46.95056;-23.1838628;-46.8899187;14.5454545454545;16.3363636363636;352730;LOUVEIRA;7987.0;9136.25;33339.8;4374.4;45701.2;3527;RRAS16;3507;DRS-07 Campinas;35073;Jundiai;41;1;1;37;3;36;5;5;1;0;1;0;32;5;3;0;3;≤30 min;0.17;0.1;10.729879834743244;0.12;17.94;2.5;13.72;0.0244;0.0732;2.19;1.0;1.0;1.0;0.0244;0.0244;0.0244;0
412;412;0;1;CAMPINAS;JUNDIAI;VARZEA PAULISTA;PONDERADO;-23.2113889;-46.8283333;-23.1838628;-46.8899187;8.78095238095238;13.0095238095238;355650;VARZEA PAULISTA;19070.8;22520.0;85091.8;12451.4;116614.0;3527;RRAS16;3507;DRS-07 Campinas;35073;Jundiai;67;6;9;54;6;62;5;4;4;2;6;3;51;3;6;0;16;≤30 min;0.16;0.11;11.666624614301504;0.07;11.49;6.29;9.64;0.0896;0.0896;0.86;21.0;28.0;14.0;0.3134;0.4179;0.209;0
413;413;0;1;MARILIA;MARILIA;ALVARO DE CARVALHO;PONDERADO;-22.0787992;-49.7194861;-22.227114;-49.9359818;49.0;45.7666666666667;350140;ALVARO DE CARVALHO;559.8;667.75;3774.2;554.0;4888.0;3533;RRAS10;3509;DRS-09 Marilia;35093;Marilia;15;2;3;11;1;15;0;0;2;0;3;0;11;0;1;0;0;31–60 min;0.11;0.11;8.494538500851432;0.0;61.37;71.45;36.1;0.1333;0.0667;0.0;1.0;0.0;0.0;0.0667;0.0;0.0;0
414;414;0;1;MARILIA;MARILIA;ALVINLANDIA;PONDERADO;-22.4431852;-49.7643596;-22.227114;-49.9359818;43.3;42.1;350150;ALVINLANDIA;492.6;587.25;2087.4;458.8;3038.8;3533;RRAS10;3509;DRS-09 Marilia;35093;Marilia;3;0;0;3;0;3;0;0;0;0;0;0;3;0;0;0;0;31–60 min;0.16;0.15;8.019217979629067;0.0;19.74;0.0;0.0;0.0;0.0;0.0;1.0;0.0;0.0;0.3333;0.0;0.0;1
415;415;0;1;MARILIA;MARILIA;CAMPOS NOVOS PAULISTA;PONDERADO;-22.601952;-49.998726;-22.227114;-49.9359818;61.9285714285714;53.8428571428571;350980;CAMPOS NOVOS PAULISTA;772.8;920.25;3292.4;767.4;4832.6;3533;RRAS10;3509;DRS-09 Marilia;35093;Marilia;39;4;5;28;7;37;2;1;4;0;5;0;27;1;6;1;3;31–60 min;0.16;0.16;8.483139904091354;0.05;161.4;103.52;182.43;0.1026;0.1795;8.28;3.0;0.0;3.0;0.0769;0.0;0.0769;0
416;416;0;1;MARILIA;MARILIA;ECHAPORA;PONDERADO;-22.4325855;-50.2037693;-22.227114;-49.9359818;41.9;38.9;351470;ECHAPORA;956.8;1128.25;4328.6;1104.2;6389.6;3533;RRAS10;3509;DRS-09 Marilia;35093;Marilia;18;3;3;13;1;17;1;0;3;0;3;0;12;1;1;0;0;31–60 min;0.15;0.17;8.76242694760318;0.06;56.34;62.71;18.11;0.1667;0.0556;3.13;0.0;0.0;0.0;0.0;0.0;0.0;0
417;417;0;1;MARILIA;MARILIA;FERNAO;PONDERADO;-22.3595388;-49.5209504;-22.227114;-49.9359818;58.6375;53.6;351565;FERNAO;243.8;291.75;1103.0;297.2;1644.0;3533;RRAS10;3509;DRS-09 Marilia;35093;Marilia;42;5;6;25;12;40;2;1;4;1;5;1;25;0;11;1;0;31–60 min;0.15;0.18;7.404887575616125;0.05;510.95;410.17;807.54;0.119;0.2857;24.33;2.0;0.0;0.0;0.0476;0.0;0.0;0
418;418;0;1;MARILIA;MARILIA;GALIA;PONDERADO;-22.2936976;-49.5516228;-22.227114;-49.9359818;50.3;41.3;351660;GALIA;896.0;1081.0;4604.4;1353.8;6854.2;3533;RRAS10;3509;DRS-09 Marilia;35093;Marilia;18;5;6;12;1;15;3;3;2;3;3;3;12;0;1;0;4;31–60 min;0.13;0.2;8.832616882049678;0.17;52.52;111.61;14.77;0.2778;0.0556;8.75;2.0;0.0;3.0;0.1111;0.0;0.1667;0
419;419;0;1;MARILIA;MARILIA;GARCA;PONDERADO;-22.2125766;-49.6547994;-22.227114;-49.9359818;31.6797297297297;28.1513513513514;351670;GARCA;6087.2;7307.0;30527.4;7639.2;44253.8;3533;RRAS10;3509;DRS-09 Marilia;35093;Marilia;158;13;15;113;32;146;12;12;11;2;13;2;105;8;30;2;5;≤30 min;0.14;0.17;10.697696522455184;0.08;71.41;42.71;83.78;0.0823;0.2025;5.42;10.0;3.0;2.0;0.0633;0.019;0.0127;0
420;420;0;1;MARILIA;MARILIA;GUAIMBE;PONDERADO;-21.909072;-49.89861;-22.227114;-49.9359818;43.7176470588235;45.0588235294118;351730;GUAIMBE;894.8;1070.5;3826.6;926.6;5648.0;3533;RRAS10;3509;DRS-09 Marilia;35093;Marilia;35;2;2;26;4;28;7;1;2;0;2;0;20;6;3;1;0;31–60 min;0.16;0.16;8.639056779173078;0.2;123.94;44.7;86.34;0.0571;0.1143;24.79;0.0;0.0;0.0;0.0;0.0;0.0;0
421;421;0;1;MARILIA;MARILIA;GUARANTA;PONDERADO;-21.8950705;-49.590107;-22.227114;-49.9359818;63.1064516129032;55.758064516129;351810;GUARANTA;1092.6;1308.0;4529.2;984.6;6606.4;3533;RRAS10;3509;DRS-09 Marilia;35093;Marilia;101;15;18;74;12;91;10;6;13;2;16;2;66;8;12;0;33;31–60 min;0.17;0.15;8.795794155131826;0.1;305.76;274.57;243.75;0.1485;0.1188;30.27;2.0;2.0;0.0;0.0198;0.0198;0.0;0
422;422;0;1;MARILIA;MARILIA;JULIO MESQUITA;PONDERADO;-22.0099839;-49.7889446;-22.227114;-49.9359818;37.7;37.7;352580;JULIO MESQUITA;652.4;782.0;3051.2;700.8;4404.4;3533;RRAS10;3509;DRS-09 Marilia;35093;Marilia;41;1;2;34;5;36;5;0;0;1;1;1;31;3;4;1;0;31–60 min;0.15;0.16;8.390359320239437;0.12;186.18;30.66;142.69;0.0244;0.122;22.7;0.0;0.0;1.0;0.0;0.0;0.0244;0
423;423;0;1;MARILIA;MARILIA;LUPERCIO;PONDERADO;-22.4145801;-49.8183516;-22.227114;-49.9359818;31.2;29.3;352780;LUPERCIO;683.2;821.25;2887.2;705.8;4276.2;3533;RRAS10;3509;DRS-09 Marilia;35093;Marilia;5;1;1;4;0;5;0;0;1;0;1;0;4;0;0;0;0;≤30 min;0.16;0.17;8.36082004373588;0.0;23.39;29.27;0.0;0.2;0.0;0.0;0.0;0.0;0.0;0.0;0.0;0.0;1
424;424;0;1;MARILIA;MARILIA;OCAUCU;PONDERADO;-22.4396255;-49.9226712;-22.227114;-49.9359818;35.6;34.06;353370;OCAUCU;678.4;796.75;2913.8;759.6;4351.8;3533;RRAS10;3509;DRS-09 Marilia;35093;Marilia;30;2;3;23;5;30;0;0;2;0;3;0;23;0;5;0;0;31–60 min;0.16;0.17;8.378344831597422;0.0;137.87;58.96;131.65;0.0667;0.1667;0.0;0.0;0.0;0.0;0.0;0.0;0.0;0
425;425;0;1;MARILIA;MARILIA;ORIENTE;PONDERADO;-22.1525442;-50.0935645;-22.227114;-49.9359818;21.5636363636364;20.7636363636364;353410;ORIENTE;808.8;969.0;4280.0;1144.0;6232.8;3533;RRAS10;3509;DRS-09 Marilia;35093;Marilia;17;3;3;10;4;17;0;0;3;0;3;0;10;0;4;0;0;≤30 min;0.13;0.18;8.737580949016648;0.0;54.55;74.18;69.93;0.1765;0.2353;0.0;0.0;0.0;0.0;0.0;0.0;0.0;0
426;426;0;1;MARILIA;MARILIA;OSCAR BRESSANE;PONDERADO;-22.314874;-50.281118;-22.227114;-49.9359818;44.2;44.2;353450;OSCAR BRESSANE;331.6;397.0;1649.8;605.8;2587.2;3533;RRAS10;3509;DRS-09 Marilia;35093;Marilia;13;0;1;9;4;12;1;0;0;0;1;0;8;1;4;0;0;31–60 min;0.13;0.23;7.858331488822842;0.08;100.49;0.0;132.06;0.0;0.3077;7.73;0.0;0.0;0.0;0.0;0.0;0.0;0
427;427;0;1;MARILIA;MARILIA;POMPEIA;PONDERADO;-22.1088293;-50.1720753;-22.227114;-49.9359818;31.175;27.7;354000;POMPEIA;2842.6;3377.25;14391.8;3404.6;20639.0;3533;RRAS10;3509;DRS-09 Marilia;35093;Marilia;49;2;4;42;5;49;0;0;2;0;4;0;42;0;5;0;0;≤30 min;0.14;0.16;9.934937768809375;0.0;47.48;14.07;29.37;0.0408;0.102;0.0;0.0;0.0;0.0;0.0;0.0;0.0;0
428;428;0;1;MARILIA;MARILIA;QUINTANA;PONDERADO;-22.0705513;-50.308652;-22.227114;-49.9359818;49.105;42.74;354200;QUINTANA;976.4;1141.5;4615.2;1039.0;6630.6;3533;RRAS10;3509;DRS-09 Marilia;35093;Marilia;52;3;5;37;12;47;5;3;3;0;5;0;33;4;11;1;2;31–60 min;0.15;0.16;8.799450576822792;0.1;156.85;61.45;230.99;0.0577;0.2308;15.08;3.0;0.0;0.0;0.0577;0.0;0.0;0
429;429;0;1;MARILIA;MARILIA;UBIRAJARA;PONDERADO;-22.5261054;-49.6635412;-22.227114;-49.9359818;60.925;61.65;355550;UBIRAJARA;845.4;991.75;3290.6;736.2;4872.2;3533;RRAS10;3509;DRS-09 Marilia;35093;Marilia;8;1;1;6;1;8;0;0;1;0;1;0;6;0;1;0;0;>60 min;0.17;0.15;8.491300859450288;0.0;32.84;23.66;27.17;0.125;0.125;0.0;0.0;0.0;0.0;0.0;0.0;0.0;1
430;430;0;1;MARILIA;MARILIA;VERA CRUZ;PONDERADO;-22.2212638;-49.8243021;-22.227114;-49.9359818;12.9923076923077;13.8461538461538;355660;VERA CRUZ;1459.0;1751.5;7246.2;2057.8;10763.0;3533;RRAS10;3509;DRS-09 Marilia;35093;Marilia;28;2;3;20;6;28;0;0;2;0;3;0;20;0;6;0;0;≤30 min;0.14;0.19;9.283869605264298;0.0;52.03;27.42;58.31;0.0714;0.2143;0.0;0.0;0.0;1.0;0.0;0.0;0.0357;0
431;431;1;0;MOGI DAS CRUZES;MOGI DAS CRUZES;MOGI DAS CRUZES;TODOS;-23.5234284;-46.1926671;-23.5094521;-46.1937851;0.0;0.0;353060;MOGI DAS CRUZES;71004.4;84221.0;310544.4;54954.6;436503.4;3525;RRAS02;3501;DRS-01 Grande Sao Paulo;35011;Alto do Tiete;32;3;4;22;7;22;10;7;2;1;3;1;14;8;6;1;27;Local;0.16;0.13;12.98655144346399;0.31;1.47;0.85;2.55;0.0938;0.2188;0.46;0.0;0.0;2.0;0.0;0.0;0.0625;0
432;432;1;0;MOGI DAS CRUZES;SALESOPOLIS;SALESOPOLIS;TODOS;-23.528805;-45.84653;-23.5322224666843;-45.8458216744345;0.0;0.0;354500;SALESOPOLIS;2493.8;3010.0;11008.8;2352.6;15855.2;3525;RRAS02;3501;DRS-01 Grande Sao Paulo;35011;Alto do Tiete;1;0;0;1;0;1;0;0;0;0;0;0;1;0;0;0;0;Local;0.16;0.15;9.671252801210137;0.0;1.26;0.0;0.0;0.0;0.0;0.0;0.0;0.0;0.0;0.0;0.0;0.0;1
433;433;1;0;MOGI DAS CRUZES;SANTA ISABEL;SANTA ISABEL;TODOS;-23.3194222;-46.2271903;-23.3080815;-46.2316571;0.0;0.0;354680;SANTA ISABEL;8419.0;10054.25;38205.0;7263.0;53887.0;3525;RRAS02;3501;DRS-01 Grande Sao Paulo;35011;Alto do Tiete;3;0;0;3;0;2;1;0;0;0;0;0;2;1;0;0;4;Local;0.16;0.13;10.89464454042269;0.33;1.11;0.0;0.0;0.0;0.0;0.37;1.0;0.0;0.0;0.3333;0.0;0.0;1
434;434;1;0;OSASCO;COTIA;COTIA;TODOS;-23.603889;-46.918889;-23.6086712;-46.9202236;0.0;0.0;351300;COTIA;43084.8;50349.0;177552.4;25137.0;245774.2;3523;RRAS04;3501;DRS-01 Grande Sao Paulo;35013;Mananciais;23;1;1;20;0;21;2;2;0;1;0;1;19;1;0;0;0;Local;0.18;0.1;12.412168507220164;0.09;1.87;0.46;0.0;0.0435;0.0;0.16;2.0;2.0;2.0;0.087;0.087;0.087;0
435;435;1;0;OSASCO;EMBU DAS ARTES;EMBU DAS ARTES;TODOS;-23.6495294;-46.8528497;-23.6483663835611;-46.8472272235919;0.0;0.0;351500;EMBU DAS ARTES;45229.8;53788.5;188770.8;24651.8;258652.4;3523;RRAS04;3501;DRS-01 Grande Sao Paulo;35013;Mananciais;21;3;5;16;2;19;2;1;3;0;5;0;14;2;2;0;2;Local;0.17;0.1;12.463240354336998;0.1;1.62;1.33;1.62;0.1429;0.0952;0.15;2.0;5.0;5.0;0.0952;0.2381;0.2381;0
436;436;1;0;OSASCO;EMBU-GUACU;EMBU-GUACU;TODOS;-23.8317997;-46.8156204;-23.8381071344648;-46.8113299455273;0.0;0.0;351510;EMBU-GUACU;11390.2;13603.75;47997.6;8113.4;67501.2;3523;RRAS04;3501;DRS-01 Grande Sao Paulo;35013;Mananciais;4;0;0;4;0;4;0;0;0;0;0;0;4;0;0;0;0;Local;0.17;0.12;11.119900654480377;0.0;1.19;0.0;0.0;0.0;0.0;0.0;2.0;2.0;3.0;0.5;0.5;0.75;1
437;437;1;0;OSASCO;ITAPECERICA DA SERRA;ITAPECERICA DA SERRA;TODOS;-23.6953921;-46.825329;-23.7108007469288;-46.8488251032021;0.0;0.0;352220;ITAPECERICA DA SERRA;28567.4;34037.5;118958.8;16135.6;163661.8;3523;RRAS04;3501;DRS-01 Grande Sao Paulo;35013;Mananciais;6;0;0;6;0;6;0;0;0;0;0;0;6;0;0;0;0;Local;0.17;0.1;12.005557382432231;0.0;0.73;0.0;0.0;0.0;0.0;0.0;0.0;0.0;0.0;0.0;0.0;0.0;1
438;438;1;0;OSASCO;ITAPEVI;ITAPEVI;TODOS;-23.54888;-46.933889;-23.5375412468293;-46.9426954608781;0.0;0.0;352250;ITAPEVI;42846.0;50446.0;165503.0;19124.4;227473.4;3522;RRAS05;3501;DRS-01 Grande Sao Paulo;35014;Rota dos Bandeirantes;69;13;17;53;3;65;4;3;11;2;15;2;51;2;3;0;0;Local;0.19;0.08;12.334788587460183;0.06;6.07;6.07;3.14;0.1884;0.0435;0.35;3.0;1.0;1.0;0.0435;0.0145;0.0145;0
439;439;1;0;OSASCO;JUQUITIBA;JUQUITIBA;TODOS;-23.932346;-47.0714217;-23.9340646;-47.0681478;0.0;0.0;352620;JUQUITIBA;4958.0;5956.0;20411.8;3828.8;29198.6;3523;RRAS04;3501;DRS-01 Grande Sao Paulo;35013;Mananciais;9;1;1;8;0;7;2;2;0;1;0;1;7;1;0;0;0;Local;0.17;0.13;10.281876041901485;0.22;6.16;4.03;0.0;0.1111;0.0;1.37;3.0;6.0;5.0;0.3333;0.6667;0.5556;1
440;440;1;0;ARACATUBA;ANDRADINA;ANDRADINA;TODOS;-20.896505;-51.3742765;-20.8966796;-51.3766594;0.0;0.0;350210;ANDRADINA;7911.0;9375.0;41396.0;10208.8;59515.8;3536;RRAS19;3502;DRS-02 Aracatuba;35022;Lagos do DRS II;2104;136;171;1417;525;2053;51;43;117;19;149;22;1390;27;520;5;87;Local;0.13;0.17;10.993997102501051;0.02;707.04;343.83;1028.52;0.0646;0.2495;17.14;0.0;1.0;4.0;0.0;0.0005;0.0019;0
441;441;1;0;ARACATUBA;ARACATUBA;ARACATUBA;TODOS;-21.207992;-50.4390225;-21.2061848;-50.4290658;0.0;0.0;350280;ARACATUBA;26804.2;31511.0;139549.2;32824.8;199178.2;3536;RRAS19;3502;DRS-02 Aracatuba;35021;Central do DRS II;3400;308;371;2309;743;3046;354;181;153;155;201;170;2188;121;671;72;989;Local;0.13;0.16;12.201955180392883;0.1;341.4;229.81;452.71;0.0906;0.2185;35.55;35.0;129.0;185.0;0.0103;0.0379;0.0544;0
442;442;1;0;ARACATUBA;AURIFLAMA;AURIFLAMA;TODOS;-20.6840418;-50.5554616;-20.685037022635;-50.554985601498;0.0;0.0;350420;AURIFLAMA;1805.6;2163.25;9899.4;2588.6;14293.6;3536;RRAS19;3502;DRS-02 Aracatuba;35021;Central do DRS II;222;12;12;154;53;206;16;12;9;3;9;3;145;9;49;4;16;Local;0.13;0.18;9.567567163618957;0.07;310.63;132.92;409.49;0.0541;0.2387;22.39;11.0;1.0;2.0;0.0495;0.0045;0.009;0
443;443;1;0;ARACATUBA;BIRIGUI;BIRIGUI;TODOS;-21.2908491;-50.34144;-21.2811966803355;-50.3352021152299;0.0;0.0;350650;BIRIGUI;16536.4;19515.5;84114.0;17833.4;118483.8;3536;RRAS19;3502;DRS-02 Aracatuba;35023;Consorcios do DRS II;1639;109;143;1100;402;1511;128;97;77;32;108;35;1036;64;372;30;258;Local;0.14;0.15;11.682531521351056;0.08;276.66;131.83;450.84;0.0665;0.2453;21.61;24.0;89.0;139.0;0.0146;0.0543;0.0848;0
444;444;1;0;ARACATUBA;BURITAMA;BURITAMA;TODOS;-21.0664017;-50.1448077;-21.0613906;-50.1468206;0.0;0.0;350810;BURITAMA;2405.2;2842.5;11495.2;2931.6;16832.0;3536;RRAS19;3502;DRS-02 Aracatuba;35023;Consorcios do DRS II;563;42;52;377;133;546;17;15;31;11;41;11;374;3;130;3;58;Local;0.14;0.17;9.731037115537436;0.03;668.96;349.24;907.35;0.0746;0.2362;20.2;1.0;2.0;1.0;0.0018;0.0036;0.0018;0
445;445;1;0;ARACATUBA;CASTILHO;CASTILHO;TODOS;-20.8695636;-51.4877792;-20.872008786738;-51.487070845595;0.0;0.0;351100;CASTILHO;3087.2;3649.25;13451.6;3050.2;19589.0;3536;RRAS19;3502;DRS-02 Aracatuba;35022;Lagos do DRS II;669;60;78;464;135;637;32;31;44;16;60;18;453;11;130;5;59;Local;0.16;0.16;9.8827234631834;0.05;683.04;388.7;885.19;0.0897;0.2018;32.67;4.0;6.0;6.0;0.006;0.009;0.009;0
446;446;1;0;ARACATUBA;CLEMENTINA;CLEMENTINA;TODOS;-21.5594631;-50.448624;-21.5566976258936;-50.4465331675452;0.0;0.0;351190;CLEMENTINA;1249.2;1477.5;5033.6;963.2;7246.0;3536;RRAS19;3502;DRS-02 Aracatuba;35023;Consorcios do DRS II;54;5;6;39;10;51;3;3;5;0;6;0;38;1;8;2;2;Local;0.17;0.13;8.888204871455022;0.06;149.05;80.05;207.64;0.0926;0.1852;8.28;3.0;8.0;5.0;0.0556;0.1481;0.0926;0
447;447;1;0;ARACATUBA;GUARACAI;GUARACAI;TODOS;-21.0322387;-51.2100464;-21.0322536;-51.2070766;0.0;0.0;351780;GUARACAI;957.0;1175.5;5481.6;1711.0;8149.6;3536;RRAS19;3502;DRS-02 Aracatuba;35022;Lagos do DRS II;366;19;24;242;98;353;13;8;15;4;20;4;235;7;96;2;38;Local;0.12;0.21;9.005724125275856;0.04;898.2;397.07;1145.53;0.0519;0.2678;31.9;0.0;0.0;12.0;0.0;0.0;0.0328;0
448;448;1;0;ARACATUBA;GUARARAPES;GUARARAPES;TODOS;-21.2542739;-50.6440083;-21.2558419;-50.6382621;0.0;0.0;351820;GUARARAPES;4441.4;5283.25;22177.0;5473.8;32092.2;3536;RRAS19;3502;DRS-02 Aracatuba;35021;Central do DRS II;1076;71;95;767;220;1055;21;18;66;5;89;6;757;10;215;5;25;Local;0.14;0.17;10.37636828893689;0.02;670.57;319.72;803.83;0.066;0.2045;13.09;1.0;0.0;4.0;0.0009;0.0;0.0037;0
449;449;1;0;ARACATUBA;ILHA SOLTEIRA;ILHA SOLTEIRA;TODOS;-20.4281001;-51.3410871;-20.4319045;-51.3392496;0.0;0.0;352044;ILHA SOLTEIRA;3276.8;3927.25;18334.0;4734.2;26345.0;3536;RRAS19;3502;DRS-02 Aracatuba;35022;Lagos do DRS II;285;28;31;182;72;261;24;13;18;10;20;11;176;6;64;8;85;Local;0.12;0.18;10.179033782643387;0.08;216.36;170.9;304.17;0.0982;0.2526;18.22;9.0;0.0;10.0;0.0316;0.0;0.0351;0
450;450;1;0;ARACATUBA;MIRANDOPOLIS;MIRANDOPOLIS;TODOS;-21.1328313;-51.1029422;-21.124914;-51.1033197;0.0;0.0;353010;MIRANDOPOLIS;3178.6;3833.0;20808.6;4945.6;28932.8;3536;RRAS19;3502;DRS-02 Aracatuba;35022;Lagos do DRS II;1131;67;79;750;299;1106;25;18;57;10;69;10;740;10;294;5;51;Local;0.11;0.17;10.272731178630716;0.02;781.81;421.57;1209.16;0.0592;0.2644;17.28;18.0;26.0;864.0;0.0159;0.023;0.7639;0
451;451;1;0;ARACATUBA;PENAPOLIS;PENAPOLIS;TODOS;-21.4192406;-50.0765588;-21.4164035;-50.0649111;0.0;0.0;353730;PENAPOLIS;8744.8;10348.75;42633.4;10807.6;62185.8;3536;RRAS19;3502;DRS-02 Aracatuba;35023;Consorcios do DRS II;768;41;50;520;194;695;73;51;28;13;35;15;479;41;176;18;135;Local;0.14;0.17;11.037881956843878;0.1;247.0;93.77;359.01;0.0534;0.2526;23.48;36.0;47.0;77.0;0.0469;0.0612;0.1003;0
452;452;1;0;ARACATUBA;PEREIRA BARRETO;PEREIRA BARRETO;TODOS;-20.6378509;-51.1052172;-20.6505909;-51.1136886;0.0;0.0;353740;PEREIRA BARRETO;3619.4;4313.75;17264.4;4373.8;25257.6;3536;RRAS19;3502;DRS-02 Aracatuba;35022;Lagos do DRS II;436;35;47;288;103;408;28;25;23;12;32;15;275;13;100;3;59;Local;0.14;0.17;10.136882379514084;0.06;345.24;193.4;470.99;0.0803;0.2362;22.17;19.0;10.0;12.0;0.0436;0.0229;0.0275;0
453;453;1;0;ARACATUBA;SANTO ANTONIO DO ARACANGUA;SANTO ANTONIO DO ARACANGUA;TODOS;-20.9361894;-50.4959965;-20.9320571;-50.4952908;0.0;0.0;354805;SANTO ANTONIO DO ARACANGUA;1205.4;1428.75;5801.8;1225.2;8232.4;3536;RRAS19;3502;DRS-02 Aracatuba;35021;Central do DRS II;23;8;8;9;6;13;10;7;1;7;1;7;9;0;3;3;39;Local;0.15;0.15;9.015832867198306;0.43;55.88;132.74;97.94;0.3478;0.2609;24.29;0.0;0.0;0.0;0.0;0.0;0.0;0
454;454;1;0;ARACATUBA;VALPARAISO;VALPARAISO;TODOS;-21.2230369;-50.8666375;-21.2306549;-50.8611954;0.0;0.0;355630;VALPARAISO;3636.6;4251.75;17624.2;2918.6;24179.4;3536;RRAS19;3502;DRS-02 Aracatuba;35021;Central do DRS II;601;53;67;425;116;571;30;28;44;9;58;9;408;17;112;4;21;Local;0.15;0.12;10.093256309965133;0.05;497.12;291.48;794.9;0.0882;0.193;24.81;13.0;33.0;12.0;0.0216;0.0549;0.02;0
455;455;1;0;ARARAQUARA;ARARAQUARA;ARARAQUARA;TODOS;-21.7886713;-48.1773096;-21.8050425399424;-48.1712910931619;0.0;0.0;350320;ARARAQUARA;31920.2;37422.25;165960.2;37339.8;235220.2;3535;RRAS18;3503;DRS-03 Araraquara;35031;Central do DRS III;629;41;48;445;131;596;33;8;37;4;43;5;424;21;123;8;33;Local;0.14;0.16;12.3682773756725;0.05;53.48;25.69;70.17;0.0652;0.2083;2.81;21.0;30.0;33.0;0.0334;0.0477;0.0525;0
456;456;1;0;ARARAQUARA;IBITINGA;IBITINGA;TODOS;-21.75623;-48.831903;-21.7546344;-48.8285504;0.0;0.0;351960;IBITINGA;8454.4;9923.75;41408.0;8455.4;58317.8;3535;RRAS18;3503;DRS-03 Araraquara;35033;Noroeste do DRS III;359;40;46;247;63;343;16;15;33;7;38;8;239;8;62;1;16;Local;0.14;0.14;10.97366264306292;0.04;123.12;94.63;149.02;0.1114;0.1755;5.49;31.0;60.0;71.0;0.0864;0.1671;0.1978;0
457;457;1;0;ARARAQUARA;MATAO;MATAO;TODOS;-21.6033611;-48.3660603;-21.6102194;-48.3564817;0.0;0.0;352930;MATAO;10903.2;13015.25;58064.4;11980.8;80948.4;3535;RRAS18;3503;DRS-03 Araraquara;35033;Noroeste do DRS III;322;32;37;225;63;297;25;24;25;7;29;8;211;14;59;4;51;Local;0.13;0.15;11.301567193623232;0.08;79.56;58.7;105.17;0.0994;0.1957;6.18;6.0;9.0;26.0;0.0186;0.028;0.0807;0
458;458;1;0;ARARAQUARA;PORTO FERREIRA;PORTO FERREIRA;TODOS;-21.8529134;-47.4794943;-21.8541327621355;-47.4814999718037;0.0;0.0;354070;PORTO FERREIRA;7877.0;9445.25;38203.2;8188.8;54269.0;3535;RRAS18;3503;DRS-03 Araraquara;35032;Coracao do DRS III;294;28;33;221;41;283;11;9;25;3;30;3;214;7;40;1;9;Local;0.15;0.15;10.901708440501096;0.04;108.35;71.09;100.14;0.0952;0.1395;4.05;19.0;41.0;36.0;0.0646;0.1395;0.1224;0
459;459;1;0;ARARAQUARA;SAO CARLOS;SAO CARLOS;TODOS;-21.8788022;-47.8567619;-22.0112277;-47.9010162;0.0;0.0;354890;SAO CARLOS;34579.6;40700.25;176579.4;37660.8;248819.8;3535;RRAS18;3503;DRS-03 Araraquara;35032;Coracao do DRS III;183;27;30;121;32;168;15;11;25;2;28;2;108;13;32;0;12;Local;0.14;0.15;12.424484218674252;0.08;14.71;15.62;16.99;0.1475;0.1749;1.21;34.0;31.0;28.0;0.1858;0.1694;0.153;0
460;460;1;0;ARARAQUARA;TAQUARITINGA;TAQUARITINGA;TODOS;-21.4064327;-48.5056132;-21.3992546;-48.4983519;0.0;0.0;355370;TAQUARITINGA;7825.6;9422.0;38399.6;8996.0;55221.2;3535;RRAS18;3503;DRS-03 Araraquara;35033;Noroeste do DRS III;912;79;102;650;173;864;48;42;59;20;80;22;630;20;166;7;112;Local;0.14;0.16;10.919102216504816;0.05;330.31;201.9;384.62;0.0866;0.1897;17.38;8.0;19.0;25.0;0.0088;0.0208;0.0274;0
461;461;1;0;ASSIS;ASSIS;ASSIS;TODOS;-22.6620892;-50.420623;-22.6475712;-50.4055842;0.0;0.0;350400;ASSIS;14314.4;16885.5;71561.2;16557.4;102433.0;3533;RRAS10;3509;DRS-09 Marilia;35092;Assis;141;19;24;94;27;95;46;30;9;10;11;13;68;26;17;10;107;Local;0.14;0.16;11.536964205296131;0.33;27.53;26.55;32.61;0.1348;0.1915;8.98;0.0;0.0;1.0;0.0;0.0;0.0071;0
462;462;1;0;ASSIS;OURINHOS;OURINHOS;TODOS;-22.9777918;-49.868204;-22.983918;-49.8691021;0.0;0.0;353470;OURINHOS;15883.4;18966.25;74906.6;17110.4;107900.4;3533;RRAS10;3509;DRS-09 Marilia;35094;Ourinhos;993;84;117;729;165;959;34;30;72;12;104;13;712;17;160;5;43;Local;0.15;0.16;11.588963858375593;0.03;184.06;105.77;192.87;0.0846;0.1662;6.3;9.0;36.0;16.0;0.0091;0.0363;0.0161;0
463;463;1;0;ASSIS;PARAGUACU PAULISTA;PARAGUACU PAULISTA;TODOS;-22.4203497;-50.5792099;-22.414331;-50.579357;0.0;0.0;353550;PARAGUACU PAULISTA;6363.0;7572.75;30327.8;6610.4;43301.2;3533;RRAS10;3509;DRS-09 Marilia;35092;Assis;150;9;9;107;33;139;11;10;5;4;5;4;101;6;32;1;15;Local;0.15;0.15;10.675935627232432;0.07;69.28;28.29;99.84;0.06;0.22;5.08;17.0;14.0;6.0;0.1133;0.0933;0.04;0
464;464;1;0;ASSIS;SANTA CRUZ DO RIO PARDO;SANTA CRUZ DO RIO PARDO;TODOS;-22.9060715;-49.6277378;-22.901501866441;-49.6271577260513;0.0;0.0;354640;SANTA CRUZ DO RIO PARDO;7076.6;8416.5;32054.8;7788.0;46919.4;3533;RRAS10;3509;DRS-09 Marilia;35094;Ourinhos;260;18;24;186;51;234;26;25;6;12;9;15;175;11;48;3;52;Local;0.15;0.17;10.756186514961863;0.1;110.83;50.87;130.97;0.0692;0.1962;11.08;9.0;9.0;11.0;0.0346;0.0346;0.0423;0
465;465;1;0;BARRETOS;BARRETOS;BARRETOS;TODOS;-20.5531437;-48.5697509;-20.3255718;-48.3103505;0.0;0.0;350550;BARRETOS;17527.8;20583.0;85800.2;18717.0;122045.0;3530;RRAS13;3505;DRS-05 Barretos;35051;Norte – Barretos;670;90;111;464;108;603;67;48;57;33;72;39;435;29;104;4;165;Local;0.14;0.15;11.712145108165064;0.1;109.8;102.69;115.4;0.1343;0.1612;10.98;4.0;2.0;6.0;0.006;0.003;0.009;0
466;466;1;0;BARRETOS;BEBEDOURO;BEBEDOURO;TODOS;-20.949077;-48.479083;-20.944913;-48.4867109;0.0;0.0;350610;BEBEDOURO;10837.0;12892.25;54549.4;12924.0;78310.4;3530;RRAS13;3505;DRS-05 Barretos;35052;Sul – Barretos;1259;112;137;865;260;1145;114;83;45;67;61;76;823;42;255;5;286;Local;0.14;0.17;11.26843569563642;0.09;321.54;206.7;402.35;0.089;0.2065;29.11;8.0;1.0;3.0;0.0064;0.0008;0.0024;0
467;467;1;0;BARRETOS;COLINA;COLINA;TODOS;-20.711443;-48.53867;-20.7153116;-48.5455498;0.0;0.0;351200;COLINA;2698.2;3180.0;12910.2;2798.0;18406.4;3530;RRAS13;3505;DRS-05 Barretos;35051;Norte – Barretos;91;8;9;64;18;77;14;8;3;5;3;6;57;7;16;2;35;Local;0.15;0.15;9.820453709206564;0.15;98.88;59.3;128.66;0.0879;0.1978;15.21;0.0;0.0;0.0;0.0;0.0;0.0;0
468;468;1;0;BARRETOS;COLOMBIA;COLOMBIA;TODOS;-20.1774291;-48.6872822;-20.1743055;-48.6893303;0.0;0.0;351210;COLOMBIA;1037.4;1229.0;4568.8;876.2;6482.4;3530;RRAS13;3505;DRS-05 Barretos;35051;Norte – Barretos;195;19;22;139;32;191;4;1;17;2;20;2;137;2;32;0;3;Local;0.16;0.14;8.776846091146515;0.02;601.63;366.3;730.43;0.0974;0.1641;12.34;0.0;0.0;0.0;0.0;0.0;0.0;0
469;469;1;0;BARRETOS;GUAIRA;GUAIRA;TODOS;-20.3245873;-48.3148818;-20.328835;-48.3184488;0.0;0.0;351740;GUAIRA;5733.0;6887.5;28354.0;5841.4;39928.4;3530;RRAS13;3505;DRS-05 Barretos;35051;Norte – Barretos;826;67;85;594;153;810;16;15;57;10;74;11;589;5;152;1;59;Local;0.14;0.15;10.594843129131723;0.02;413.74;233.73;523.85;0.0811;0.1852;8.01;1.0;2.0;1.0;0.0012;0.0024;0.0012;0
470;470;1;0;BARRETOS;OLIMPIA;OLIMPIA;TODOS;-20.736634;-48.910625;-20.7391605987288;-48.9064223670385;0.0;0.0;353390;OLIMPIA;8046.8;9480.75;37536.0;8863.4;54446.2;3530;RRAS13;3505;DRS-05 Barretos;35051;Norte – Barretos;1285;111;137;906;250;1212;73;56;74;37;97;40;875;31;245;5;221;Local;0.15;0.16;10.904968337128693;0.06;472.03;275.89;564.12;0.0864;0.1946;26.82;3.0;1.0;1.0;0.0023;0.0008;0.0008;0
471;471;1;0;BAURU;DUARTINA;DUARTINA;TODOS;-22.414562;-49.408355;-22.4188119;-49.4158972;0.0;0.0;351450;DUARTINA;1613.6;1935.25;8551.2;2458.8;12623.6;3518;RRAS09;3506;DRS-06 Bauru;35062;Bauru;119;5;6;85;29;117;2;2;4;1;5;1;84;1;29;0;2;Local;0.13;0.19;9.44332335690558;0.02;188.54;61.97;235.89;0.042;0.2437;3.17;1.0;0.0;4.0;0.0084;0.0;0.0336;0
472;472;1;0;BAURU;JAU;JAU;TODOS;-22.2933031;-48.5593432;-22.293224;-48.5608001;0.0;0.0;352530;JAU;19411.8;23177.0;97086.0;21566.4;138064.2;3518;RRAS09;3506;DRS-06 Bauru;35064;Jau;759;126;151;490;132;599;160;128;20;106;23;128;444;46;125;7;416;Local;0.14;0.16;11.835474073350586;0.21;109.95;129.82;122.41;0.166;0.1739;23.18;19.0;7.0;5.0;0.025;0.0092;0.0066;0
473;473;1;0;BAURU;LENCOIS PAULISTA;LENCOIS PAULISTA;TODOS;-22.6029897;-48.8031367;-22.6003054;-48.7952479;0.0;0.0;352680;LENCOIS PAULISTA;10088.6;11977.25;47480.0;8780.0;66348.6;3518;RRAS09;3506;DRS-06 Bauru;35062;Bauru;96;13;15;67;16;90;6;5;11;2;13;2;63;4;16;0;3;Local;0.15;0.13;11.102677939311667;0.06;28.94;25.77;36.45;0.1354;0.1667;1.81;0.0;0.0;0.0;0.0;0.0;0.0;0
474;474;1;0;BAURU;LINS;LINS;TODOS;-21.6741873;-49.7518932;-21.6721141;-49.7555107;0.0;0.0;352710;LINS;10340.6;12222.0;52683.4;12563.0;75587.0;3518;RRAS09;3506;DRS-06 Bauru;35065;Lins;349;53;57;220;74;292;57;40;27;26;31;26;202;18;62;12;167;Local;0.14;0.17;11.233039589709252;0.16;92.34;102.51;117.81;0.1519;0.212;15.08;14.0;28.0;33.0;0.0401;0.0802;0.0946;0
475;475;1;0;BAURU;PIRAJUI;PIRAJUI;TODOS;-21.9957877;-49.4549675;-21.9993871;-49.4574733;0.0;0.0;353890;PIRAJUI;2849.0;3394.25;16718.6;3638.6;23206.2;3518;RRAS09;3506;DRS-06 Bauru;35062;Bauru;150;16;18;109;23;143;7;7;14;2;16;2;104;5;23;0;14;Local;0.12;0.16;10.052174763331095;0.05;129.28;112.32;126.42;0.1067;0.1533;6.03;7.0;14.0;23.0;0.0467;0.0933;0.1533;0
476;476;1;0;BOTUCATU;AVARE;AVARE;TODOS;-23.1045215;-48.9259103;-23.1036883;-48.9287403;0.0;0.0;350450;AVARE;13950.2;16419.0;63817.2;13487.8;91255.2;3518;RRAS09;3506;DRS-06 Bauru;35061;Vale do Jurumirim;209;19;21;167;18;191;18;15;14;5;16;5;154;13;18;0;20;Local;0.15;0.15;11.421415256122451;0.09;45.81;27.24;26.69;0.0909;0.0861;3.94;1.0;1.0;2.0;0.0048;0.0048;0.0096;0
477;477;1;0;BOTUCATU;BOTUCATU;BOTUCATU;TODOS;-22.8879628;-48.4410712;-22.8913439388248;-48.4962954591084;0.0;0.0;350750;BOTUCATU;21046.0;24911.75;99217.6;21822.6;142086.2;3518;RRAS09;3506;DRS-06 Bauru;35063;Polo Cuesta;537;63;79;408;60;491;46;12;56;7;72;7;375;33;54;6;18;Local;0.15;0.15;11.864189194661302;0.09;75.59;59.87;54.99;0.1173;0.1117;6.47;0.0;2.0;3.0;0.0;0.0037;0.0056;0
478;478;1;0;BOTUCATU;CONCHAS;CONCHAS;TODOS;-23.0133538;-48.0077595;-23.0176986;-48.01138;0.0;0.0;351230;CONCHAS;2483.6;2985.25;10949.6;2831.6;16264.8;3518;RRAS09;3506;DRS-06 Bauru;35063;Polo Cuesta;265;31;38;183;46;253;12;5;24;7;31;7;178;5;46;0;15;Local;0.15;0.17;9.696758542490013;0.05;325.86;249.64;324.9;0.117;0.1736;14.76;1.0;0.0;2.0;0.0038;0.0;0.0075;0
479;479;1;0;BOTUCATU;FARTURA;FARTURA;TODOS;-23.390039;-49.5109023;-23.3924325;-49.5118023;0.0;0.0;351540;FARTURA;2423.0;2878.25;11209.0;2815.2;16447.2;3518;RRAS09;3506;DRS-06 Bauru;35061;Vale do Jurumirim;36;3;3;25;8;33;3;3;3;0;3;0;22;3;8;0;0;Local;0.15;0.17;9.707910528939724;0.08;43.78;24.76;56.83;0.0833;0.2222;3.65;0.0;0.0;0.0;0.0;0.0;0.0;0
480;480;1;0;BOTUCATU;LARANJAL PAULISTA;LARANJAL PAULISTA;TODOS;-23.0514764;-47.8370125;-23.0553028;-47.8324341;0.0;0.0;352640;LARANJAL PAULISTA;3827.8;4564.5;18536.4;4342.8;26707.0;3518;RRAS09;3506;DRS-06 Bauru;35063;Polo Cuesta;160;13;16;96;50;159;1;0;13;0;16;0;95;1;50;0;0;Local;0.14;0.16;10.192680982311837;0.01;119.82;67.92;230.27;0.0812;0.3125;0.75;4.0;2.0;1.0;0.025;0.0125;0.0062;0
481;481;1;0;BOTUCATU;PARANAPANEMA;PARANAPANEMA;TODOS;-23.390161;-48.720868;-23.385957;-48.7251515;0.0;0.0;353580;PARANAPANEMA;3159.0;3736.75;13562.8;2327.4;19049.2;3518;RRAS09;3506;DRS-06 Bauru;35061;Vale do Jurumirim;5;0;0;5;0;4;1;1;0;0;0;0;4;1;0;0;4;Local;0.17;0.12;9.854780384922387;0.2;5.25;0.0;0.0;0.0;0.0;1.05;0.0;0.0;0.0;0.0;0.0;0.0;1
482;482;1;0;BOTUCATU;PIRAJU;PIRAJU;TODOS;-23.1938491;-49.3842588;-23.1967235;-49.3815505;0.0;0.0;353880;PIRAJU;4265.8;5130.25;20538.4;5281.2;30085.4;3518;RRAS09;3506;DRS-06 Bauru;35061;Vale do Jurumirim;115;3;7;96;14;114;1;0;3;0;7;0;95;1;14;0;2;Local;0.14;0.18;10.311795283228356;0.01;76.45;14.07;53.02;0.0261;0.1217;0.66;0.0;0.0;0.0;0.0;0.0;0.0;0
483;483;1;0;BOTUCATU;TAQUARITUBA;TAQUARITUBA;TODOS;-23.5337307;-49.2452541;-23.5330527;-49.2450779;0.0;0.0;355380;TAQUARITUBA;3573.6;4252.25;17043.0;3351.0;23967.6;3518;RRAS09;3506;DRS-06 Bauru;35061;Vale do Jurumirim;4;0;0;4;0;3;1;1;0;0;0;0;3;1;0;0;3;Local;0.15;0.14;10.084458197259126;0.25;3.34;0.0;0.0;0.0;0.0;0.83;0.0;0.0;0.0;0.0;0.0;0.0;1
484;484;1;0;CAMPINAS;AGUAS DE LINDOIA;AGUAS DE LINDOIA;TODOS;-22.4718855;-46.6291034;-22.4740674;-46.6339524;0.0;0.0;350050;AGUAS DE LINDOIA;2347.0;2830.0;12463.0;3349.6;18159.6;3528;RRAS15;3507;DRS-07 Campinas;35074;Circuito das Aguas;149;4;4;109;32;145;4;2;4;0;4;0;105;4;32;0;8;Local;0.13;0.18;9.80695462548098;0.03;164.1;34.09;191.07;0.0268;0.2148;4.41;3.0;3.0;2.0;0.0201;0.0201;0.0134;0
485;485;1;0;CAMPINAS;AMERICANA;AMERICANA;TODOS;-22.7392463;-47.3306032;-22.7419147;-47.3088468;0.0;0.0;350160;AMERICANA;30734.0;36326.75;166562.0;36244.4;233540.4;3528;RRAS15;3507;DRS-07 Campinas;35072;Regiao Metropolitana de Campinas;2081;148;183;1545;352;1946;135;115;123;25;154;29;1458;87;331;21;187;Local;0.13;0.16;12.36111036039693;0.06;178.21;96.31;194.24;0.0711;0.1691;11.56;120.0;171.0;252.0;0.0577;0.0822;0.1211;0
486;486;1;0;CAMPINAS;AMPARO;AMPARO;TODOS;-22.70111;-46.76444;-22.6977574;-46.7686754;0.0;0.0;350190;AMPARO;8972.4;10642.5;48651.6;11771.6;69395.6;3528;RRAS15;3507;DRS-07 Campinas;35074;Circuito das Aguas;300;29;31;218;50;286;14;7;26;3;28;3;210;8;47;3;0;Local;0.13;0.17;11.147578743908626;0.05;86.46;64.64;84.95;0.0967;0.1667;4.03;24.0;31.0;29.0;0.08;0.1033;0.0967;0
487;487;1;0;CAMPINAS;ATIBAIA;ATIBAIA;TODOS;-23.1177393;-46.5547861;-23.1148518;-46.5506405;0.0;0.0;350410;ATIBAIA;22231.2;26123.0;103371.0;22114.2;147716.4;3527;RRAS16;3507;DRS-07 Campinas;35071;Braganca;137;11;12;108;17;123;14;10;10;1;11;1;99;9;13;4;10;Local;0.15;0.15;11.90304949823899;0.1;18.55;9.9;15.37;0.0803;0.1241;1.9;12.0;31.0;30.0;0.0876;0.2263;0.219;0
488;488;1;0;CAMPINAS;BRAGANCA PAULISTA;BRAGANCA PAULISTA;TODOS;-22.9520235;-46.5418586;-22.9452851;-46.5497959;0.0;0.0;350760;BRAGANCA PAULISTA;23962.2;28250.25;119563.2;24617.0;168142.4;3527;RRAS16;3507;DRS-07 Campinas;35071;Braganca;470;32;41;363;69;461;9;2;32;0;41;0;355;8;68;1;2;Local;0.14;0.15;12.032566518406854;0.02;55.9;26.71;56.06;0.0681;0.1468;1.07;3.0;16.0;2.0;0.0064;0.034;0.0043;0
489;489;1;0;CAMPINAS;INDAIATUBA;INDAIATUBA;TODOS;-23.0908356;-47.2180677;-23.0930125;-47.2127211;0.0;0.0;352050;INDAIATUBA;35685.4;41794.25;171112.0;30845.0;237642.4;3528;RRAS15;3507;DRS-07 Campinas;35072;Regiao Metropolitana de Campinas;96;11;15;69;16;92;4;4;10;1;14;1;66;3;16;0;6;Local;0.15;0.13;12.37852230172856;0.04;8.08;6.16;10.37;0.1146;0.1667;0.34;16.0;12.0;21.0;0.1667;0.125;0.2188;0
490;490;1;0;CAMPINAS;ITATIBA;ITATIBA;TODOS;-23.0055542;-46.8397726;-23.0070339;-46.8327166;0.0;0.0;352340;ITATIBA;16598.0;19572.0;83213.2;15843.6;115654.8;3528;RRAS15;3507;DRS-07 Campinas;35072;Regiao Metropolitana de Campinas;92;9;9;69;11;88;4;3;9;0;9;0;65;4;11;0;0;Local;0.14;0.14;11.658365171337854;0.04;15.91;10.84;13.89;0.0978;0.1196;0.69;1.0;1.0;3.0;0.0109;0.0109;0.0326;0
491;491;1;0;CAMPINAS;SANTA BARBARA D'OESTE;SANTA BARBARA D'OESTE;TODOS;-22.7542539;-47.4137884;-22.7534236342453;-47.4190872609662;0.0;0.0;354580;SANTA BARBARA D'OESTE;25871.2;30703.0;137211.0;27021.4;190103.6;3528;RRAS15;3507;DRS-07 Campinas;35072;Regiao Metropolitana de Campinas;1250;116;133;922;194;1214;36;29;94;22;110;23;908;14;194;0;41;Local;0.14;0.14;12.155324465698579;0.03;131.51;89.68;143.59;0.0928;0.1552;3.79;20.0;26.0;90.0;0.016;0.0208;0.072;0
492;492;1;0;CAMPINAS;SOCORRO;SOCORRO;TODOS;-22.5902619;-46.5249112;-22.59852;-46.5296166;0.0;0.0;355210;SOCORRO;5140.2;6124.5;26906.2;7887.6;39934.0;3527;RRAS16;3507;DRS-07 Campinas;35071;Braganca;877;53;68;608;205;852;25;20;43;10;56;12;597;11;201;4;35;Local;0.13;0.2;10.594983370346842;0.03;439.22;206.22;519.8;0.0604;0.2338;12.52;3.0;2.0;46.0;0.0034;0.0023;0.0525;0
493;493;1;0;CAMPINAS;SUMARE;SUMARE;TODOS;-22.8217964;-47.267105;-22.8166025;-47.2415473;0.0;0.0;355240;SUMARE;44663.8;52559.75;197550.2;29351.4;271565.4;3528;RRAS15;3507;DRS-07 Campinas;35072;Regiao Metropolitana de Campinas;893;119;140;657;107;822;71;52;97;22;116;24;611;46;104;3;60;Local;0.16;0.11;12.51195827332614;0.08;65.77;53.29;72.91;0.1333;0.1198;5.23;59.0;314.0;85.0;0.0661;0.3516;0.0952;0
494;494;1;0;FRANCA;FRANCA;FRANCA;TODOS;-20.5381768;-47.4009795;-20.5377516772009;-47.3988262744382;0.0;0.0;351620;FRANCA;52823.4;62635.0;247903.0;48650.4;349376.8;3530;RRAS13;3508;DRS-08 Franca;35081;Tres Colinas;1948;227;272;1381;320;1807;141;113;181;46;224;48;1312;69;295;25;159;Local;0.15;0.14;12.763906274935474;0.07;111.51;85.95;131.55;0.1165;0.1643;8.07;24.0;46.0;93.0;0.0123;0.0236;0.0477;0
495;495;1;0;FRANCA;IGARAPAVA;IGARAPAVA;TODOS;-20.0411748;-47.7476682;-20.0415441;-47.7480894;0.0;0.0;352010;IGARAPAVA;4168.6;4983.5;19509.6;4514.6;28192.8;3530;RRAS13;3508;DRS-08 Franca;35083;Alta Mogiana;710;80;92;494;126;663;47;34;61;19;73;19;471;23;121;5;60;Local;0.15;0.16;10.246821905177786;0.07;503.67;383.82;558.19;0.1127;0.1775;33.34;20.0;34.0;73.0;0.0282;0.0479;0.1028;0
496;496;1;0;FRANCA;IPUA;IPUA;TODOS;-20.4441839;-48.012504;-20.4367030708663;-48.0114236014251;0.0;0.0;352130;IPUA;2310.2;2782.25;10656.6;1775.2;14742.0;3530;RRAS13;3508;DRS-08 Franca;35082;Alta Anhanguera;185;14;23;133;35;161;24;18;8;6;13;10;120;13;30;5;41;Local;0.16;0.12;9.598455841749233;0.13;250.98;121.2;394.32;0.0757;0.1892;32.56;7.0;6.0;7.0;0.0378;0.0324;0.0378;0
497;497;1;0;FRANCA;ITUVERAVA;ITUVERAVA;TODOS;-20.3366604;-47.7797924;-20.3365676196353;-47.7881778744425;0.0;0.0;352410;ITUVERAVA;5368.6;6470.0;27428.6;6769.8;39567.0;3530;RRAS13;3508;DRS-08 Franca;35083;Alta Mogiana;246;24;27;186;35;223;23;17;17;7;20;7;174;12;31;4;37;Local;0.14;0.17;10.585750716493994;0.09;124.35;89.41;103.4;0.0976;0.1423;11.63;4.0;20.0;2.0;0.0163;0.0813;0.0081;0
498;498;1;0;FRANCA;MORRO AGUDO;MORRO AGUDO;TODOS;-20.7276692;-48.052795;-20.7356005;-48.0552045;0.0;0.0;353190;MORRO AGUDO;5050.4;6025.25;21205.6;3559.6;29815.6;3530;RRAS13;3508;DRS-08 Franca;35082;Alta Anhanguera;424;27;41;321;73;399;25;18;22;5;36;5;305;16;69;4;31;Local;0.17;0.12;10.302787025453327;0.06;284.41;106.92;410.16;0.0637;0.1722;16.77;31.0;51.0;39.0;0.0731;0.1203;0.092;0
499;499;1;0;FRANCA;ORLANDIA;ORLANDIA;TODOS;-20.720278;-47.886667;-20.7217006;-47.8709385;0.0;0.0;353430;ORLANDIA;5615.0;6770.0;28947.2;6089.4;40651.6;3530;RRAS13;3508;DRS-08 Franca;35082;Alta Anhanguera;8;0;0;4;4;7;1;1;0;0;0;0;4;0;3;1;0;Local;0.14;0.15;10.61279347459496;0.12;3.94;0.0;13.14;0.0;0.5;0.49;1.0;1.0;0.0;0.125;0.125;0.0;1
500;500;1;0;FRANCA;PATROCINIO PAULISTA;PATROCINIO PAULISTA;TODOS;-20.6383609;-47.2801241;-20.6412577;-47.2817419;0.0;0.0;353630;PATROCINIO PAULISTA;2380.2;2812.75;9829.8;1967.2;14177.2;3530;RRAS13;3508;DRS-08 Franca;35081;Tres Colinas;38;4;6;25;9;25;13;10;2;2;3;3;17;8;6;3;34;Local;0.17;0.14;9.55939031937511;0.34;53.61;33.61;91.5;0.1053;0.2368;18.34;4.0;2.0;11.0;0.1053;0.0526;0.2895;0
501;501;1;0;FRANCA;PEDREGULHO;PEDREGULHO;TODOS;-20.25071;-47.4808786;-20.2580497;-47.4768148;0.0;0.0;353700;PEDREGULHO;2522.4;3022.25;11231.6;2365.6;16119.6;3530;RRAS13;3508;DRS-08 Franca;35081;Tres Colinas;12;4;4;4;4;7;5;3;1;3;1;3;4;0;2;2;13;Local;0.16;0.15;9.687791201856967;0.42;14.89;31.72;33.82;0.3333;0.3333;6.2;3.0;1.0;2.0;0.25;0.0833;0.1667;0
502;502;1;0;FRANCA;SAO JOAQUIM DA BARRA;SAO JOAQUIM DA BARRA;TODOS;-20.5814993;-47.8608238;-20.5901794;-47.8591371;0.0;0.0;354940;SAO JOAQUIM DA BARRA;7219.4;8634.5;34898.2;7375.8;49493.4;3530;RRAS13;3508;DRS-08 Franca;35082;Alta Anhanguera;96;14;16;59;21;69;27;25;5;9;6;10;46;13;16;5;49;Local;0.15;0.15;10.80959460633377;0.28;38.79;38.78;56.94;0.1458;0.2188;10.91;4.0;1.0;1.0;0.0417;0.0104;0.0104;0
503;503;1;0;MARILIA;ADAMANTINA;ADAMANTINA;TODOS;-21.6866517;-51.0762975;-21.6926132757716;-51.0706469456515;0.0;0.0;350010;ADAMANTINA;4201.2;5012.25;24207.0;7015.8;35424.0;3533;RRAS10;3509;DRS-09 Marilia;35091;Adamantina;180;23;27;109;45;147;33;22;10;13;13;14;93;16;41;4;104;Local;0.12;0.2;10.475144835508363;0.18;101.63;109.49;128.28;0.1278;0.25;18.63;2.0;0.0;0.0;0.0111;0.0;0.0;0
504;504;1;0;MARILIA;TUPA;TUPA;TODOS;-21.9349129;-50.5141255;-21.9239111;-50.5180547;0.0;0.0;355500;TUPA;8519.2;10150.0;44659.8;12728.6;65907.6;3533;RRAS10;3509;DRS-09 Marilia;35095;Tupa;753;39;47;523;177;733;20;12;31;8;39;8;517;6;171;6;40;Local;0.13;0.19;11.096009040092934;0.03;228.5;91.56;278.11;0.0518;0.2351;6.07;0.0;0.0;0.0;0.0;0.0;0.0;0
505;505;1;0;PIRACICABA;ARARAS;ARARAS;TODOS;-22.3569192;-47.3838766;-22.3576016921778;-47.3798927916678;0.0;0.0;350330;ARARAS;18202.8;21469.0;92156.4;19629.2;129988.4;3529;RRAS14;3510;DRS-10 Piracicaba;35101;Araras;70;3;5;53;14;65;5;4;3;0;4;1;48;5;14;0;1;Local;0.14;0.15;11.775200494687187;0.07;10.77;3.3;14.26;0.0429;0.2;0.77;0.0;1.0;3.0;0.0;0.0143;0.0429;0
506;506;1;0;PIRACICABA;CAPIVARI;CAPIVARI;TODOS;-22.9999295;-47.5031066;-22.9985529583081;-47.4929512050703;0.0;0.0;351040;CAPIVARI;8063.8;9621.75;36500.4;6715.4;51279.6;3529;RRAS14;3510;DRS-10 Piracicaba;35103;Piracicaba;129;11;14;97;19;119;10;5;11;0;14;0;89;8;17;2;11;Local;0.16;0.13;10.845048291252116;0.08;50.31;27.28;56.59;0.0853;0.1473;3.9;2.0;3.0;4.0;0.0155;0.0233;0.031;0
507;507;1;0;PIRACICABA;ITIRAPINA;ITIRAPINA;TODOS;-22.2536514;-47.8212546;-22.2556897;-47.8219876;0.0;0.0;352360;ITIRAPINA;2132.8;2514.25;12275.2;1948.8;16356.8;3529;RRAS14;3510;DRS-10 Piracicaba;35104;Rio Claro;107;12;15;88;6;102;5;5;10;2;13;2;85;3;6;0;5;Local;0.13;0.12;9.702398992002749;0.05;130.83;112.53;61.58;0.1121;0.0561;6.11;5.0;9.0;7.0;0.0467;0.0841;0.0654;0
508;508;1;0;PIRACICABA;LEME;LEME;TODOS;-22.1844807;-47.385295;-22.1900842;-47.3920103;0.0;0.0;352670;LEME;15486.2;18421.0;70768.4;13087.2;99341.8;3529;RRAS14;3510;DRS-10 Piracicaba;35101;Araras;129;13;18;92;20;122;7;7;12;1;16;2;86;6;20;0;5;Local;0.16;0.13;11.506321708086473;0.05;25.97;16.79;30.56;0.1008;0.155;1.41;1.0;0.0;1.0;0.0078;0.0;0.0078;0
509;509;1;0;PIRACICABA;LIMEIRA;LIMEIRA;TODOS;-22.5615068;-47.401766;-22.579273;-47.4005557;0.0;0.0;352690;LIMEIRA;41396.4;49347.75;211835.6;42840.8;296072.8;3529;RRAS14;3510;DRS-10 Piracicaba;35102;Limeira;2819;286;367;2088;399;2712;107;56;217;69;287;80;2056;32;393;6;336;Local;0.14;0.14;12.598360649012397;0.04;190.43;138.18;186.27;0.1015;0.1415;7.23;7.0;7.0;13.0;0.0025;0.0025;0.0046;0
510;510;1;0;PIRACICABA;PIRASSUNUNGA;PIRASSUNUNGA;TODOS;-21.9980468;-47.4280861;-22.006323;-47.4215713;0.0;0.0;353930;PIRASSUNUNGA;10528.0;12494.75;51448.0;12544.0;74520.0;3529;RRAS14;3510;DRS-10 Piracicaba;35101;Araras;354;30;32;256;63;329;25;22;23;7;25;7;241;15;60;3;33;Local;0.14;0.17;11.218822824715525;0.07;95.01;56.99;100.45;0.0847;0.178;6.71;0.0;2.0;1.0;0.0;0.0056;0.0028;0
511;511;1;0;PIRACICABA;RIO CLARO;RIO CLARO;TODOS;-22.4100108;-47.5603933;-22.4187754;-47.5667708;0.0;0.0;354390;RIO CLARO;28216.6;33367.75;143322.0;31127.4;202666.0;3529;RRAS14;3510;DRS-10 Piracicaba;35104;Rio Claro;234;25;30;163;44;201;33;26;22;3;27;3;139;24;38;6;10;Local;0.14;0.15;12.2193145828011;0.14;23.09;17.72;28.27;0.1068;0.188;3.26;11.0;20.0;29.0;0.047;0.0855;0.1239;0
512;512;1;0;PIRACICABA;SAO PEDRO;SAO PEDRO;TODOS;-22.5512765;-47.9072359;-22.5480833;-47.914176;0.0;0.0;355040;SAO PEDRO;5090.8;6047.0;24508.0;6628.2;36227.0;3529;RRAS14;3510;DRS-10 Piracicaba;35103;Piracicaba;461;51;65;324;79;440;21;16;37;14;50;15;317;7;79;0;16;Local;0.14;0.18;10.497559976154832;0.05;254.51;200.36;238.38;0.1106;0.1714;11.59;7.0;11.0;11.0;0.0152;0.0239;0.0239;0
513;513;1;0;PRESIDENTE PRUDENTE;IEPE;IEPE;TODOS;-22.660165;-51.077881;-22.6601033;-51.0790603;0.0;0.0;351990;IEPE;1132.8;1352.25;5329.2;1396.4;7858.4;3532;RRAS11;3511;DRS-11 Presidente Prudente;35113;Alto Capivari;67;6;7;39;21;65;2;1;5;1;6;1;38;1;21;0;3;Local;0.14;0.18;8.96933830236066;0.03;170.52;105.93;300.77;0.0896;0.3134;5.09;0.0;2.0;1.0;0.0;0.0299;0.0149;0
514;514;1;0;PRESIDENTE PRUDENTE;MARTINOPOLIS;MARTINOPOLIS;TODOS;-22.146153;-51.170949;-22.1431815;-51.1715728;0.0;0.0;352920;MARTINOPOLIS;3418.4;4091.5;17786.2;4013.2;25217.8;3532;RRAS11;3511;DRS-11 Presidente Prudente;35112;Alta Sorocabana;96;7;7;64;25;85;11;6;4;3;4;3;59;5;22;3;31;Local;0.14;0.16;10.135305373358674;0.11;76.14;40.95;124.59;0.0729;0.2604;8.72;6.0;5.0;6.0;0.0625;0.0521;0.0625;0
515;515;1;0;PRESIDENTE PRUDENTE;PIRAPOZINHO;PIRAPOZINHO;TODOS;-22.2738742;-51.4998867;-22.2758152;-51.4940169;0.0;0.0;353920;PIRAPOZINHO;3638.6;4333.5;18248.0;3923.4;25810.0;3532;RRAS11;3511;DRS-11 Presidente Prudente;35112;Alta Sorocabana;186;16;20;126;41;175;11;8;9;7;13;7;123;3;40;1;22;Local;0.14;0.15;10.15851729271266;0.06;144.13;87.95;209.0;0.086;0.2204;8.52;4.0;1.0;2.0;0.0215;0.0054;0.0108;0
516;516;1;0;PRESIDENTE PRUDENTE;RANCHARIA;RANCHARIA;TODOS;-22.2294981;-50.8922333;-22.2335045;-50.8967191;0.0;0.0;354220;RANCHARIA;4241.0;5072.75;20663.6;4828.0;29732.6;3532;RRAS11;3511;DRS-11 Presidente Prudente;35113;Alto Capivari;329;26;30;244;56;322;7;4;23;3;27;3;241;3;55;1;15;Local;0.14;0.16;10.299999365918708;0.02;221.31;122.61;231.98;0.079;0.1702;4.71;2.0;4.0;2.0;0.0061;0.0122;0.0061;0
517;517;1;0;PRESIDENTE VENCESLAU;DRACENA;DRACENA;TODOS;-21.4835523;-51.5334408;-21.4781604;-51.5371868;0.0;0.0;351440;DRACENA;5616.2;6662.5;31694.6;8619.0;45929.8;3532;RRAS11;3511;DRS-11 Presidente Prudente;35111;Alta Paulista;396;37;39;228;124;364;32;19;16;21;17;22;222;6;119;5;91;Local;0.12;0.19;10.734869422857932;0.08;172.44;131.76;287.74;0.0934;0.3131;13.93;3.0;4.0;8.0;0.0076;0.0101;0.0202;0
518;518;1;0;PRESIDENTE VENCESLAU;EUCLIDES DA CUNHA PAULISTA;EUCLIDES DA CUNHA PAULISTA;TODOS;-22.55452;-52.592779;-22.555831581799;-52.5937876878859;0.0;0.0;351535;EUCLIDES DA CUNHA PAULISTA;1407.2;1735.5;6192.6;1317.6;8917.4;3532;RRAS11;3511;DRS-11 Presidente Prudente;35115;Pontal do Paranapanema;101;5;10;73;20;87;14;12;2;3;6;4;64;9;19;1;21;Local;0.16;0.15;9.095759703264928;0.14;226.52;71.06;303.58;0.0495;0.198;31.4;13.0;17.0;28.0;0.1287;0.1683;0.2772;0
519;519;1;0;PRESIDENTE VENCESLAU;JUNQUEIROPOLIS;JUNQUEIROPOLIS;TODOS;-21.5109531;-51.4351505;-21.5153166;-51.4390375;0.0;0.0;352600;JUNQUEIROPOLIS;2627.2;3118.0;13987.2;3506.0;20120.4;3532;RRAS11;3511;DRS-11 Presidente Prudente;35111;Alta Paulista;398;28;41;257;107;376;22;17;16;12;28;13;252;5;102;5;75;Local;0.13;0.17;9.909489504731763;0.06;395.62;213.15;610.38;0.0704;0.2688;21.87;0.0;0.0;0.0;0.0;0.0;0.0;0
520;520;1;0;PRESIDENTE VENCESLAU;MIRANTE DO PARANAPANEMA;MIRANTE DO PARANAPANEMA;TODOS;-22.2925861;-51.907143;-22.2888663;-51.906114;0.0;0.0;353020;MIRANTE DO PARANAPANEMA;2428.2;2950.25;11475.6;3019.0;16922.8;3532;RRAS11;3511;DRS-11 Presidente Prudente;35115;Pontal do Paranapanema;680;68;78;458;147;635;45;30;55;13;65;13;440;18;134;13;77;Local;0.14;0.18;9.736417104102712;0.07;803.65;560.09;973.83;0.1;0.2162;53.18;0.0;2.0;2.0;0.0;0.0029;0.0029;0
521;521;1;0;PRESIDENTE VENCESLAU;PANORAMA;PANORAMA;TODOS;-21.3611651;-51.8574008;-21.3635248;-51.8592678;0.0;0.0;353540;PANORAMA;2583.2;3065.5;10471.8;2172.4;15227.4;3532;RRAS11;3511;DRS-11 Presidente Prudente;35111;Alta Paulista;184;20;31;130;32;171;13;10;18;2;27;4;121;9;30;2;10;Local;0.17;0.14;9.630851715622914;0.07;241.67;154.85;294.61;0.1087;0.1739;17.07;6.0;9.0;6.0;0.0326;0.0489;0.0326;0
522;522;1;0;PRESIDENTE VENCESLAU;PRESIDENTE EPITACIO;PRESIDENTE EPITACIO;TODOS;-21.765074;-52.11114;-21.768088;-52.1165912;0.0;0.0;354130;PRESIDENTE EPITACIO;6206.4;7500.0;29377.8;6503.0;42087.2;3532;RRAS11;3511;DRS-11 Presidente Prudente;35114;Extremo Oeste Paulista;108;5;9;84;16;100;8;7;3;2;7;2;80;4;14;2;19;Local;0.15;0.15;10.647498935436797;0.07;51.32;16.11;49.21;0.0463;0.1481;3.8;0.0;2.0;3.0;0.0;0.0185;0.0278;0
523;523;1;0;PRESIDENTE VENCESLAU;PRESIDENTE VENCESLAU;PRESIDENTE VENCESLAU;TODOS;-21.877116;-51.8451047;-21.8714290876156;-51.841602703319;0.0;0.0;354150;PRESIDENTE VENCESLAU;4658.0;5611.5;26280.2;6964.2;37902.4;3532;RRAS11;3511;DRS-11 Presidente Prudente;35114;Extremo Oeste Paulista;646;43;52;457;137;612;34;21;30;13;37;15;445;12;129;8;51;Local;0.12;0.18;10.542769713603862;0.05;340.88;184.63;393.44;0.0666;0.2121;17.94;8.0;12.0;4.0;0.0124;0.0186;0.0062;0
524;524;1;0;PRESIDENTE VENCESLAU;ROSANA;ROSANA;TODOS;-22.578587;-53.0547967;-22.530314;-52.9490232;0.0;0.0;354425;ROSANA;2707.0;3325.75;13362.4;2907.6;18977.0;3532;RRAS11;3511;DRS-11 Presidente Prudente;35115;Pontal do Paranapanema;249;24;27;177;45;226;23;13;12;12;15;12;168;9;44;1;58;Local;0.14;0.15;9.85098299855398;0.09;262.42;177.32;309.53;0.0964;0.1807;24.24;0.0;1.0;0.0;0.0;0.004;0.0;0
525;525;1;0;PRESIDENTE VENCESLAU;TEODORO SAMPAIO;TEODORO SAMPAIO;TODOS;-22.5300202;-52.1686847;-22.5334563501725;-52.1706873284288;0.0;0.0;355430;TEODORO SAMPAIO;3747.4;4446.75;15773.2;2854.6;22375.2;3532;RRAS11;3511;DRS-11 Presidente Prudente;35115;Pontal do Paranapanema;312;34;39;225;51;288;24;21;21;13;25;14;215;10;50;1;73;Local;0.17;0.13;10.015708481650593;0.08;278.88;181.46;357.32;0.109;0.1635;21.45;1.0;0.0;2.0;0.0032;0.0;0.0064;0
526;526;1;0;PRESIDENTE VENCESLAU;TUPI PAULISTA;TUPI PAULISTA;TODOS;-21.3861179;-51.5763259;-21.3888918;-51.5690936;0.0;0.0;355510;TUPI PAULISTA;1613.0;1888.5;10681.6;3161.2;15455.8;3532;RRAS11;3511;DRS-11 Presidente Prudente;35111;Alta Paulista;529;30;34;334;155;512;17;11;20;10;22;12;328;6;154;1;56;Local;0.1;0.2;9.645739616409985;0.03;684.53;371.98;980.64;0.0567;0.293;22.0;1.0;1.0;1.0;0.0019;0.0019;0.0019;0
527;527;1;0;REGISTRO;BARRA DO TURVO;BARRA DO TURVO;TODOS;-24.756421;-48.5056942;-24.7507061;-48.5048119;0.0;0.0;350540;BARRA DO TURVO;1347.8;1654.5;4917.0;1241.2;7506.0;3520;RRAS07;3512;DRS-12 Registro;35121;Vale do Ribeira;0;0;0;0;0;0;0;0;0;0;0;0;0;0;0;0;0;Local;0.18;0.17;8.923457979694966;0.0;0.0;0.0;0.0;0.0;0.0;0.0;0.0;0.0;0.0;0.0;0.0;0.0;1
528;528;1;0;REGISTRO;CAJATI;CAJATI;TODOS;-24.7272376;-48.1077914;-24.72252;-48.1107234;0.0;0.0;350925;CAJATI;5488.2;6564.5;20545.0;3690.6;29723.8;3520;RRAS07;3512;DRS-12 Registro;35121;Vale do Ribeira;3;0;1;2;1;3;0;0;0;0;1;0;2;0;1;0;1;Local;0.18;0.12;10.299703350685217;0.0;2.02;0.0;5.42;0.0;0.3333;0.0;2.0;0.0;2.0;0.6667;0.0;0.6667;1
529;529;1;0;REGISTRO;CANANEIA;CANANEIA;TODOS;-25.0104609;-47.9315628;-25.0116717828655;-47.9276403589902;0.0;0.0;350990;CANANEIA;2107.8;2546.5;8599.2;1972.4;12679.4;3520;RRAS07;3512;DRS-12 Registro;35121;Vale do Ribeira;0;0;0;0;0;0;0;0;0;0;0;0;0;0;0;0;0;Local;0.17;0.16;9.447733908259668;0.0;0.0;0.0;0.0;0.0;0.0;0.0;0.0;0.0;0.0;0.0;0.0;0.0;1
530;530;1;0;REGISTRO;ELDORADO;ELDORADO;TODOS;-24.522583;-48.1093489;-23.7175332386728;-46.6235669209307;0.0;0.0;351480;ELDORADO;2616.8;3175.25;9519.4;2054.2;14190.4;3520;RRAS07;3512;DRS-12 Registro;35121;Vale do Ribeira;4;0;0;2;2;3;1;1;0;0;0;0;1;1;2;0;3;Local;0.18;0.14;9.560320958622189;0.25;5.64;0.0;19.47;0.0;0.5;1.41;0.0;0.0;1.0;0.0;0.0;0.25;1
531;531;1;0;REGISTRO;IGUAPE;IGUAPE;TODOS;-24.7042692;-47.5563733;-24.7112257;-47.5593852;0.0;0.0;352030;IGUAPE;4690.0;5717.75;20103.6;5384.6;30178.2;3520;RRAS07;3512;DRS-12 Registro;35121;Vale do Ribeira;1;0;0;1;0;1;0;0;0;0;0;0;1;0;0;0;0;Local;0.16;0.18;10.31487508839606;0.0;0.66;0.0;0.0;0.0;0.0;0.0;0.0;0.0;0.0;0.0;0.0;0.0;1
532;532;1;0;REGISTRO;ILHA COMPRIDA;ILHA COMPRIDA;TODOS;-24.7445292;-47.5525529;-24.7281212;-47.5354533;0.0;0.0;352042;ILHA COMPRIDA;1695.4;2002.5;7302.8;2524.2;11522.4;3520;RRAS07;3512;DRS-12 Registro;35121;Vale do Ribeira;6;1;1;3;2;5;1;1;1;0;1;0;3;0;1;1;0;Local;0.15;0.22;9.35204824588484;0.17;10.41;11.8;15.85;0.1667;0.3333;1.74;2.0;3.0;4.0;0.3333;0.5;0.6667;1
533;533;1;0;REGISTRO;IPORANGA;IPORANGA;TODOS;-24.5843214;-48.594028;-24.5860976;-48.5958999;0.0;0.0;352120;IPORANGA;761.4;926.0;2936.6;583.4;4281.4;3520;RRAS07;3512;DRS-12 Registro;35121;Vale do Ribeira;0;0;0;0;0;0;0;0;0;0;0;0;0;0;0;0;0;Local;0.18;0.14;8.362035337893122;0.0;0.0;0.0;0.0;0.0;0.0;0.0;0.0;0.0;0.0;0.0;0.0;0.0;1
534;534;1;0;REGISTRO;ITARIRI;ITARIRI;TODOS;-24.2900711;-47.176151;-24.2924165;-47.1757152;0.0;0.0;352330;ITARIRI;3007.4;3607.75;10779.0;2223.8;16010.2;3520;RRAS07;3512;DRS-12 Registro;35121;Vale do Ribeira;0;0;0;0;0;0;0;0;0;0;0;0;0;0;0;0;0;Local;0.19;0.14;9.680981298105113;0.0;0.0;0.0;0.0;0.0;0.0;0.0;0.0;0.0;0.0;0.0;0.0;0.0;1
535;535;1;0;REGISTRO;JACUPIRANGA;JACUPIRANGA;TODOS;-24.6945594;-48.0024027;-24.6967366;-48.0031057;0.0;0.0;352460;JACUPIRANGA;2929.6;3531.75;11721.4;2492.6;17143.6;3520;RRAS07;3512;DRS-12 Registro;35121;Vale do Ribeira;2;0;0;1;1;0;2;2;0;0;0;0;0;1;0;1;1;Local;0.17;0.15;9.749380205103341;1.0;2.33;0.0;8.02;0.0;0.5;2.33;0.0;0.0;0.0;0.0;0.0;0.0;1
536;536;1;0;REGISTRO;JUQUIA;JUQUIA;TODOS;-24.3172209;-47.6355618;-24.3211607350171;-47.6345331320229;0.0;0.0;352610;JUQUIA;3014.6;3673.25;12596.6;3059.0;18670.2;3520;RRAS07;3512;DRS-12 Registro;35121;Vale do Ribeira;2;0;0;2;0;2;0;0;0;0;0;0;2;0;0;0;0;Local;0.16;0.16;9.834683948851183;0.0;2.14;0.0;0.0;0.0;0.0;0.0;0.0;0.0;1.0;0.0;0.0;0.5;1
537;537;1;0;REGISTRO;MIRACATU;MIRACATU;TODOS;-24.2839078;-47.4535128;-24.285404;-47.4585056;0.0;0.0;352990;MIRACATU;3590.2;4338.25;13596.8;2944.4;20131.4;3520;RRAS07;3512;DRS-12 Registro;35121;Vale do Ribeira;3;0;0;3;0;3;0;0;0;0;0;0;3;0;0;0;1;Local;0.18;0.15;9.910036064153893;0.0;2.98;0.0;0.0;0.0;0.0;0.0;1.0;1.0;0.0;0.3333;0.3333;0.0;1
538;538;1;0;REGISTRO;PARIQUERA-ACU;PARIQUERA-ACU;TODOS;-24.7146891;-47.8802361;-24.7195171;-47.8858276;0.0;0.0;353620;PARIQUERA-ACU;3132.6;3758.5;13428.0;2884.4;19445.0;3520;RRAS07;3512;DRS-12 Registro;35121;Vale do Ribeira;1;0;0;1;0;1;0;0;0;0;0;0;1;0;0;0;0;Local;0.16;0.15;9.875345246589848;0.0;1.03;0.0;0.0;0.0;0.0;0.0;0.0;0.0;0.0;0.0;0.0;0.0;1
539;539;1;0;REGISTRO;PEDRO DE TOLEDO;PEDRO DE TOLEDO;TODOS;-24.2769071;-47.23393;-24.2752782;-47.2316509;0.0;0.0;353720;PEDRO DE TOLEDO;1966.2;2339.0;7378.8;1812.0;11157.0;3520;RRAS07;3512;DRS-12 Registro;35121;Vale do Ribeira;0;0;0;0;0;0;0;0;0;0;0;0;0;0;0;0;0;Local;0.18;0.16;9.31982238259318;0.0;0.0;0.0;0.0;0.0;0.0;0.0;0.0;0.0;0.0;0.0;0.0;0.0;1
540;540;1;0;REGISTRO;SETE BARRAS;SETE BARRAS;TODOS;-24.3878438;-47.9265798;-24.3886218010858;-47.9293921042644;0.0;0.0;355180;SETE BARRAS;2370.6;2851.75;8879.2;2041.6;13291.4;3520;RRAS07;3512;DRS-12 Registro;35121;Vale do Ribeira;1;0;0;1;0;0;1;1;0;0;0;0;0;1;0;0;2;Local;0.18;0.15;9.494872488521853;1.0;1.5;0.0;0.0;0.0;0.0;1.5;0.0;0.0;0.0;0.0;0.0;0.0;1
541;541;1;0;RIBEIRAO PRETO;ALTINOPOLIS;ALTINOPOLIS;TODOS;-21.021364;-47.3712;-21.0268912;-47.3759169;0.0;0.0;350100;ALTINOPOLIS;2369.6;2805.75;11427.4;2815.4;16612.4;3530;RRAS13;3513;DRS-13 Ribeirao Preto;35133;Vale das Cachoeiras;141;9;13;110;21;135;6;6;9;0;13;0;105;5;20;1;4;Local;0.14;0.17;9.717904683439802;0.04;169.75;75.96;149.18;0.0638;0.1489;7.22;20.0;23.0;35.0;0.1418;0.1631;0.2482;0
542;542;1;0;RIBEIRAO PRETO;BATATAIS;BATATAIS;TODOS;-20.892867;-47.592149;-20.9042867958423;-47.5881540745098;0.0;0.0;350590;BATATAIS;8297.0;9889.75;41312.0;9920.0;59529.0;3530;RRAS13;3513;DRS-13 Ribeirao Preto;35133;Vale das Cachoeiras;462;36;42;347;74;452;10;10;28;8;34;8;345;2;74;0;24;Local;0.14;0.17;10.994218867753363;0.02;155.22;86.78;149.19;0.0779;0.1602;3.36;2.0;5.0;6.0;0.0043;0.0108;0.013;0
543;543;1;0;RIBEIRAO PRETO;CAJURU;CAJURU;TODOS;-21.2759978;-47.3046035;-21.2742583216393;-47.3056357573004;0.0;0.0;350940;CAJURU;3825.6;4577.75;16971.4;3546.2;24343.2;3530;RRAS13;3513;DRS-13 Ribeirao Preto;35133;Vale das Cachoeiras;8;3;3;5;0;4;4;3;0;3;0;3;4;1;0;0;7;Local;0.16;0.15;10.100007828729895;0.5;6.57;15.68;0.0;0.375;0.0;3.29;0.0;0.0;2.0;0.0;0.0;0.25;1
544;544;1;0;RIBEIRAO PRETO;CRAVINHOS;CRAVINHOS;TODOS;-21.340278;-47.729444;-21.3428894;-47.728745;0.0;0.0;351310;CRAVINHOS;4977.2;5976.0;24190.2;4742.0;33909.4;3530;RRAS13;3513;DRS-13 Ribeirao Preto;35132;Aquifero Guarani;21;5;6;14;2;16;5;3;4;1;4;2;11;3;1;1;11;Local;0.15;0.14;10.43144754106754;0.24;12.39;20.09;8.44;0.2381;0.0952;2.95;2.0;3.0;6.0;0.0952;0.1429;0.2857;0
545;545;1;0;RIBEIRAO PRETO;MONTE ALTO;MONTE ALTO;TODOS;-21.265545;-48.497066;-21.2612723;-48.485534;0.0;0.0;353130;MONTE ALTO;6161.4;7332.0;34116.0;8500.8;48778.2;3530;RRAS13;3513;DRS-13 Ribeirao Preto;35131;Horizonte Verde;261;20;27;184;52;249;12;10;13;7;20;7;180;4;51;1;27;Local;0.13;0.17;10.795038770720073;0.05;107.02;64.92;122.34;0.0766;0.1992;4.92;7.0;23.0;8.0;0.0268;0.0881;0.0307;0
546;546;1;0;RIBEIRAO PRETO;RIBEIRAO PRETO;RIBEIRAO PRETO;TODOS;-21.1776315;-47.8100983;-21.1705705;-47.8495501;0.0;0.0;354340;RIBEIRAO PRETO;95168.6;112033.0;487162.8;99624.4;681955.8;3530;RRAS13;3513;DRS-13 Ribeirao Preto;35132;Aquifero Guarani;2950;404;479;2058;465;2630;320;231;236;168;297;182;1936;122;436;29;760;Local;0.14;0.15;13.432720125341216;0.11;86.52;84.9;93.35;0.1369;0.1576;9.38;103.0;378.0;89.0;0.0349;0.1281;0.0302;0
547;547;1;0;RIBEIRAO PRETO;SANTA RITA DO PASSA QUATRO;SANTA RITA DO PASSA QUATRO;TODOS;-21.7103738;-47.4777943;-21.7070917;-47.4814669;0.0;0.0;354750;SANTA RITA DO PASSA QUATRO;3200.0;3850.0;17637.2;5704.2;26541.4;3530;RRAS13;3513;DRS-13 Ribeirao Preto;35132;Aquifero Guarani;28;2;3;21;4;21;7;6;1;1;2;1;17;4;2;2;6;Local;0.12;0.21;10.186461057060122;0.25;21.1;12.5;14.02;0.0714;0.1429;5.27;0.0;1.0;0.0;0.0;0.0357;0.0;0
548;548;1;0;RIBEIRAO PRETO;SERTAOZINHO;SERTAOZINHO;TODOS;-21.1375782;-47.9913741;-21.1197143;-48.0042389;0.0;0.0;355170;SERTAOZINHO;19211.4;22608.25;88900.0;15265.4;123376.8;3530;RRAS13;3513;DRS-13 Ribeirao Preto;35131;Horizonte Verde;256;53;61;175;26;204;52;42;27;26;33;28;150;25;25;1;108;Local;0.16;0.12;11.722998366295007;0.2;41.5;55.18;34.06;0.207;0.1016;8.43;51.0;98.0;90.0;0.1992;0.3828;0.3516;0
549;549;1;0;SANTOS;BERTIOGA;BERTIOGA;TODOS;-23.848568;-46.139586;-23.8426324;-46.1396024;0.0;0.0;350635;BERTIOGA;10801.8;12674.0;41128.2;5803.4;57733.4;3520;RRAS07;3504;DRS-04 Baixada Santista;35041;Baixada Santista;8;0;0;7;1;2;6;5;0;0;0;0;2;5;0;1;15;Local;0.19;0.1;10.963591141176106;0.75;2.77;0.0;3.45;0.0;0.125;2.08;0.0;0.0;2.0;0.0;0.0;0.25;1
550;550;1;0;SANTOS;CUBATAO;CUBATAO;TODOS;-23.8842077;-46.4213061;-23.8904629729761;-46.4202408185412;0.0;0.0;351350;CUBATAO;20194.6;24156.0;87457.6;12890.0;120542.2;3520;RRAS07;3504;DRS-04 Baixada Santista;35041;Baixada Santista;1;0;0;1;0;1;0;0;0;0;0;0;1;0;0;0;0;Local;0.17;0.11;11.699755178073405;0.0;0.17;0.0;0.0;0.0;0.0;0.0;0.0;0.0;0.0;0.0;0.0;0.0;1
551;551;1;0;SANTOS;GUARUJA;GUARUJA;TODOS;-23.9927768;-46.2558332;-23.9908045;-46.253298;0.0;0.0;351870;GUARUJA;49782.2;59428.5;217294.4;35353.2;302429.8;3520;RRAS07;3504;DRS-04 Baixada Santista;35041;Baixada Santista;4;2;2;1;0;4;0;0;2;0;2;0;1;0;0;0;0;Local;0.16;0.12;12.619604463405823;0.0;0.26;0.8;0.0;0.5;0.0;0.0;0.0;0.0;1.0;0.0;0.0;0.25;1
552;552;1;0;SANTOS;ITANHAEM;ITANHAEM;TODOS;-24.1833421;-46.7896229;-24.1819235;-46.8143613;0.0;0.0;352210;ITANHAEM;17282.4;20568.0;68087.4;18371.4;103741.2;3520;RRAS07;3504;DRS-04 Baixada Santista;35041;Baixada Santista;4;0;0;4;0;3;1;0;0;0;0;0;3;1;0;0;0;Local;0.17;0.18;11.549654615218477;0.25;0.77;0.0;0.0;0.0;0.0;0.19;0.0;0.0;0.0;0.0;0.0;0.0;1
553;553;1;0;SANTOS;MONGAGUA;MONGAGUA;TODOS;-24.0959454;-46.6234361;-24.096502;-46.6290511;0.0;0.0;353110;MONGAGUA;8956.2;10560.25;36943.6;10131.8;56031.6;3520;RRAS07;3504;DRS-04 Baixada Santista;35041;Baixada Santista;1;0;0;1;0;1;0;0;0;0;0;0;1;0;0;0;0;Local;0.16;0.18;10.933671096282255;0.0;0.36;0.0;0.0;0.0;0.0;0.0;0.0;0.0;0.0;0.0;0.0;0.0;1
554;554;1;0;SANTOS;PERUIBE;PERUIBE;TODOS;-24.3218105;-46.9977452;-24.3166183;-47.0010225;0.0;0.0;353760;PERUIBE;10780.0;12917.25;43785.2;11980.4;66545.6;3520;RRAS07;3504;DRS-04 Baixada Santista;35041;Baixada Santista;1;0;0;1;0;1;0;0;0;0;0;0;1;0;0;0;0;Local;0.16;0.18;11.10564270593504;0.0;0.3;0.0;0.0;0.0;0.0;0.0;0.0;0.0;0.0;0.0;0.0;0.0;1
555;555;1;0;SANTOS;PRAIA GRANDE;PRAIA GRANDE;TODOS;-24.008979;-46.4144939;-24.004624;-46.4188564;0.0;0.0;354100;PRAIA GRANDE;52187.0;61446.5;217915.6;46719.8;316822.4;3520;RRAS07;3504;DRS-04 Baixada Santista;35041;Baixada Santista;9;1;2;7;1;5;4;2;0;1;0;2;4;3;1;0;9;Local;0.16;0.15;12.666096643493487;0.44;0.57;0.38;0.43;0.1111;0.1111;0.25;0.0;0.0;1.0;0.0;0.0;0.1111;1
556;556;1;0;SANTOS;SANTOS;SANTOS;TODOS;-23.9609448;-46.3166316;-23.9627618;-46.3205396;0.0;0.0;354850;SANTOS;51301.2;61549.75;290394.8;95170.8;436866.8;3520;RRAS07;3504;DRS-04 Baixada Santista;35041;Baixada Santista;3;0;0;3;0;1;2;2;0;0;0;0;1;2;0;0;0;Local;0.12;0.22;12.987383622123101;0.67;0.14;0.0;0.0;0.0;0.0;0.09;0.0;0.0;0.0;0.0;0.0;0.0;1
557;557;1;0;SAO JOAO DA BOA VISTA;CACONDE;CACONDE;TODOS;-21.5281123;-46.6434015;-21.5331168;-46.6452392;0.0;0.0;350870;CACONDE;2593.2;3163.25;12293.2;3259.8;18146.2;3528;RRAS15;3514;DRS-14 Sao Joao da Boa Vista;35143;Rio Pardo;17;0;0;14;2;13;4;4;0;0;0;0;11;3;1;1;5;Local;0.14;0.18;9.80621645138161;0.24;18.74;0.0;12.27;0.0;0.1176;4.41;0.0;0.0;0.0;0.0;0.0;0.0;0
558;558;1;0;SAO JOAO DA BOA VISTA;ESPIRITO SANTO DO PINHAL;ESPIRITO SANTO DO PINHAL;TODOS;-22.1929522;-46.7470021;-22.1951301;-46.741965;0.0;0.0;351518;ESPIRITO SANTO DO PINHAL;5355.4;6463.0;29821.6;7303.4;42480.4;3528;RRAS15;3514;DRS-14 Sao Joao da Boa Vista;35142;Mantiqueira;209;11;16;165;32;207;2;2;11;0;16;0;163;2;32;0;3;Local;0.13;0.17;10.656798072067346;0.01;98.4;41.08;87.63;0.0526;0.1531;0.94;0.0;0.0;0.0;0.0;0.0;0.0;0
559;559;1;0;SAO JOAO DA BOA VISTA;ITAPIRA;ITAPIRA;TODOS;-22.436111;-46.821667;-22.4318023;-46.827031;0.0;0.0;352260;ITAPIRA;9178.8;10913.0;51286.2;12177.8;72642.8;3528;RRAS15;3514;DRS-14 Sao Joao da Boa Vista;35141;Baixa Mogiana;634;41;51;460;124;616;18;15;35;6;43;8;448;12;124;0;29;Local;0.13;0.17;11.193309558787794;0.03;174.55;89.34;203.65;0.0647;0.1956;4.96;3.0;2.0;5.0;0.0047;0.0032;0.0079;0
560;560;1;0;SAO JOAO DA BOA VISTA;MOCOCA;MOCOCA;TODOS;-21.464731;-47.002405;-21.4876808;-47.0102392;0.0;0.0;353050;MOCOCA;9501.2;11373.0;48292.6;11767.8;69561.6;3528;RRAS15;3514;DRS-14 Sao Joao da Boa Vista;35143;Rio Pardo;899;81;95;625;177;871;28;21;66;15;78;17;615;10;174;3;94;Local;0.14;0.17;11.149967969928813;0.03;258.48;170.5;300.82;0.0901;0.1969;8.05;3.0;3.0;1.0;0.0033;0.0033;0.0011;0
561;561;1;0;SAO JOAO DA BOA VISTA;MOGI GUACU;MOGI GUACU;TODOS;-22.372222;-46.9425;-22.3646902;-46.9430329;0.0;0.0;353070;MOGI GUACU;21783.4;25727.25;107961.4;21789.8;151534.6;3528;RRAS15;3514;DRS-14 Sao Joao da Boa Vista;35141;Baixa Mogiana;145;10;11;111;24;128;17;15;4;6;5;6;101;10;23;1;26;Local;0.14;0.14;11.928569260694454;0.12;19.14;9.18;22.03;0.069;0.1655;2.24;0.0;5.0;1.0;0.0;0.0345;0.0069;0
562;562;1;0;SAO JOAO DA BOA VISTA;MOGI MIRIM;MOGI MIRIM;TODOS;-22.433123;-46.958246;-22.4383669;-46.9595403;0.0;0.0;353080;MOGI MIRIM;12730.4;15135.75;65656.4;14860.2;93247.0;3528;RRAS15;3514;DRS-14 Sao Joao da Boa Vista;35141;Baixa Mogiana;549;34;38;400;103;523;26;24;30;4;34;4;383;17;99;4;12;Local;0.14;0.16;11.443007165406776;0.05;117.75;53.42;138.63;0.0619;0.1876;5.58;12.0;13.0;21.0;0.0219;0.0237;0.0383;0
563;563;1;0;SAO JOAO DA BOA VISTA;SANTA CRUZ DAS PALMEIRAS;SANTA CRUZ DAS PALMEIRAS;TODOS;-21.823475;-47.248023;-21.8210642193172;-47.2592380977589;0.0;0.0;354630;SANTA CRUZ DAS PALMEIRAS;4726.6;5661.5;21784.6;4168.8;30680.0;3528;RRAS15;3514;DRS-14 Sao Joao da Boa Vista;35142;Mantiqueira;185;21;26;150;14;175;10;10;19;2;24;2;142;8;14;0;6;Local;0.15;0.14;10.331366255481193;0.05;120.6;88.86;67.17;0.1135;0.0757;6.52;1.0;1.0;0.0;0.0054;0.0054;0.0;0
564;564;1;0;SAO JOAO DA BOA VISTA;SAO JOAO DA BOA VISTA;SAO JOAO DA BOA VISTA;TODOS;-21.9687099;-46.7969216;-21.9821955;-46.7951574;0.0;0.0;354910;SAO JOAO DA BOA VISTA;11882.6;14089.25;63722.2;15629.0;91233.8;3528;RRAS15;3514;DRS-14 Sao Joao da Boa Vista;35142;Mantiqueira;214;8;12;157;45;200;14;11;5;3;9;3;148;9;43;2;8;Local;0.13;0.17;11.421180721437093;0.07;46.91;13.47;57.59;0.0374;0.2103;3.07;0.0;2.0;3.0;0.0;0.0093;0.014;0
565;565;1;0;SAO JOAO DA BOA VISTA;SAO JOSE DO RIO PARDO;SAO JOSE DO RIO PARDO;TODOS;-21.595288;-46.887303;-21.6037017;-46.8940207;0.0;0.0;354970;SAO JOSE DO RIO PARDO;7230.8;8568.25;36966.6;9604.0;53801.4;3528;RRAS15;3514;DRS-14 Sao Joao da Boa Vista;35143;Rio Pardo;509;30;40;366;105;494;15;14;27;3;36;4;356;10;103;2;20;Local;0.13;0.18;10.893054768116134;0.03;189.21;82.98;218.66;0.0589;0.2063;5.58;3.0;1.0;0.0;0.0059;0.002;0.0;0
566;566;1;0;SAO JOSE DOS CAMPOS;CACAPAVA;CACAPAVA;TODOS;-23.099204;-45.707645;-23.1041235129502;-45.7041502768152;0.0;0.0;350850;CACAPAVA;14564.8;17176.25;66333.4;13279.4;94177.6;3526;RRAS17;3517;DRS-17 Taubate;35171;Alto Vale do Paraíba;78;5;6;58;15;69;9;4;5;0;6;0;52;6;12;3;9;Local;0.15;0.14;11.45293764035541;0.12;16.56;6.87;22.59;0.0641;0.1923;1.91;9.0;18.0;3.0;0.1154;0.2308;0.0385;0
567;567;1;0;SAO JOSE DOS CAMPOS;JACAREI;JACAREI;TODOS;-23.3050682;-45.9723075;-23.296135521001;-45.963389543689;0.0;0.0;352440;JACAREI;36463.0;43235.25;167545.2;32533.0;236541.2;3526;RRAS17;3517;DRS-17 Taubate;35171;Alto Vale do Paraíba;92;10;12;79;3;52;40;17;6;4;7;5;44;35;2;1;74;Local;0.15;0.14;12.373877678929976;0.43;7.78;5.49;1.84;0.1087;0.0326;3.38;5.0;3.0;12.0;0.0543;0.0326;0.1304;0
568;568;1;0;SAO JOSE DOS CAMPOS;MONTEIRO LOBATO;MONTEIRO LOBATO;TODOS;-22.9553542;-45.8387146;-22.9553384;-45.8389437;0.0;0.0;353170;MONTEIRO LOBATO;661.2;789.5;2837.8;735.8;4234.8;3526;RRAS17;3517;DRS-17 Taubate;35171;Alto Vale do Paraíba;3;1;1;1;1;3;0;0;1;0;1;0;1;0;1;0;0;Local;0.16;0.17;8.351091380469224;0.0;14.17;30.25;27.18;0.3333;0.3333;0.0;1.0;0.0;1.0;0.3333;0.0;0.3333;1
569;569;1;0;SAO JOSE DOS CAMPOS;PARAIBUNA;PARAIBUNA;TODOS;-23.3864203;-45.6626797;-23.3867755011806;-45.6609588062506;0.0;0.0;353560;PARAIBUNA;2665.6;3182.25;12396.8;2913.6;17976.0;3526;RRAS17;3517;DRS-17 Taubate;35171;Alto Vale do Paraíba;15;1;1;13;0;11;4;2;1;0;1;0;9;4;0;0;7;Local;0.15;0.16;9.796792813865165;0.27;16.69;7.5;0.0;0.0667;0.0;4.45;2.0;0.0;1.0;0.1333;0.0;0.0667;0
570;570;1;0;CARAGUATATUBA;CARAGUATATUBA;CARAGUATATUBA;TODOS;-23.62028;-45.41306;-23.6262475;-45.418766;0.0;0.0;351050;CARAGUATATUBA;20559.2;24091.5;84874.6;16698.0;122131.8;3526;RRAS17;3517;DRS-17 Taubate;35173;Litoral Norte;18;4;4;13;1;15;3;3;2;2;2;2;12;1;1;0;9;Local;0.17;0.14;11.71285606845004;0.17;2.95;3.89;1.2;0.2222;0.0556;0.49;0.0;0.0;0.0;0.0;0.0;0.0;0
571;571;1;0;CARAGUATATUBA;UBATUBA;UBATUBA;TODOS;-23.433162;-45.083415;-23.4351381;-45.0713867;0.0;0.0;355540;UBATUBA;14284.2;16907.0;63942.0;10666.0;88892.2;3526;RRAS17;3517;DRS-17 Taubate;35173;Litoral Norte;14;1;1;12;1;8;6;4;1;0;1;0;7;5;0;1;20;Local;0.16;0.12;11.395179678620082;0.43;3.15;1.4;1.88;0.0714;0.0714;1.35;2.0;0.0;1.0;0.1429;0.0;0.0714;0
572;572;1;0;SAO JOSE DO RIO PRETO;CATANDUVA;CATANDUVA;TODOS;-21.1331035;-48.9712817;-21.1407509;-48.9754937;0.0;0.0;351110;CATANDUVA;15740.2;18632.25;82797.4;20530.2;119067.8;3531;RRAS12;3515;DRS-15 Sao Jose do Rio Preto;35151;Catanduva;711;53;66;512;139;684;27;19;45;8;56;10;499;13;133;6;55;Local;0.13;0.17;11.687448357748115;0.04;119.43;67.34;135.41;0.0745;0.1955;4.54;1.0;12.0;22.0;0.0014;0.0169;0.0309;0
573;573;1;0;SAO JOSE DO RIO PRETO;TABAPUA;TABAPUA;TODOS;-20.9648397;-49.0332398;-20.9632775;-49.0312888;0.0;0.0;355260;TABAPUA;1579.2;1880.5;8039.6;2128.4;11747.2;3531;RRAS12;3515;DRS-15 Sao Jose do Rio Preto;35151;Catanduva;284;14;20;202;65;276;8;7;12;2;17;3;196;6;65;0;11;Local;0.13;0.18;9.371370193302516;0.03;483.52;177.3;610.79;0.0493;0.2289;13.62;0.0;0.0;0.0;0.0;0.0;0.0;0
574;574;1;0;SAO JOSE DO RIO PRETO;JOSE BONIFACIO;JOSE BONIFACIO;TODOS;-21.055062;-49.689233;-21.0529053;-49.6891417;0.0;0.0;352570;JOSE BONIFACIO;5120.0;6063.25;25465.6;5299.8;35885.4;3531;RRAS12;3515;DRS-15 Sao Jose do Rio Preto;35156;Jose Bonifacio;437;31;37;322;74;429;8;7;27;4;32;5;319;3;74;0;22;Local;0.14;0.15;10.488085806520733;0.02;243.55;121.09;279.26;0.0709;0.1693;4.46;2.0;2.0;1.0;0.0046;0.0046;0.0023;0
575;575;1;0;SAO JOSE DO RIO PRETO;NOVA GRANADA;NOVA GRANADA;TODOS;-20.5345426;-49.3186951;-20.5380441023481;-49.3244409186177;0.0;0.0;353300;NOVA GRANADA;2885.2;3400.25;13764.2;3173.0;19822.4;3531;RRAS12;3515;DRS-15 Sao Jose do Rio Preto;35155;Sao Jose do Rio Preto;538;46;57;360;126;507;31;21;32;14;43;14;346;14;123;3;48;Local;0.15;0.16;9.894567890361474;0.06;542.82;318.87;794.2;0.0855;0.2342;31.28;1.0;1.0;17.0;0.0019;0.0019;0.0316;0
576;576;1;0;SAO JOSE DO RIO PRETO;TANABI;TANABI;TODOS;-20.6251635;-49.6519879;-20.6278349;-49.6518627;0.0;0.0;355340;TANABI;3360.4;3965.25;17422.0;4627.0;25409.4;3531;RRAS12;3515;DRS-15 Sao Jose do Rio Preto;35155;Sao Jose do Rio Preto;703;52;62;457;181;674;29;21;44;8;54;8;442;15;177;4;27;Local;0.13;0.18;10.142874463284539;0.04;553.34;309.49;782.36;0.074;0.2575;22.83;1.0;3.0;2.0;0.0014;0.0043;0.0028;0
577;577;1;0;SAO JOSE DO RIO PRETO;GENERAL SALGADO;GENERAL SALGADO;TODOS;-20.6488139;-50.3608101;-20.6478048;-50.3579346;0.0;0.0;351690;GENERAL SALGADO;1402.8;1669.25;7341.8;2047.4;10792.0;3531;RRAS12;3515;DRS-15 Sao Jose do Rio Preto;35157;Votuporanga;245;27;30;157;57;223;22;17;19;8;22;8;149;8;51;6;35;Local;0.13;0.19;9.286560397887591;0.09;454.04;384.94;556.8;0.1102;0.2327;40.77;9.0;1.0;4.0;0.0367;0.0041;0.0163;0
578;578;1;0;SAO JOSE DO RIO PRETO;RIOLANDIA;RIOLANDIA;TODOS;-19.980944;-49.6814309;-19.9790265;-49.6795427;0.0;0.0;354420;RIOLANDIA;1435.4;1716.5;8043.8;1292.0;10771.2;3531;RRAS12;3515;DRS-15 Sao Jose do Rio Preto;35157;Votuporanga;277;21;30;197;56;266;11;7;16;5;25;5;193;4;55;1;31;Local;0.13;0.12;9.284631184556432;0.04;514.33;292.6;866.87;0.0758;0.2022;20.42;0.0;0.0;0.0;0.0;0.0;0.0;0
579;579;1;0;SAO JOSE DO RIO PRETO;VOTUPORANGA;VOTUPORANGA;TODOS;-20.4252908;-49.972028;-20.4262217;-49.9787386;0.0;0.0;355710;VOTUPORANGA;12111.6;14201.5;65813.8;15896.4;93821.8;3531;RRAS12;3515;DRS-15 Sao Jose do Rio Preto;35157;Votuporanga;2537;146;183;1771;576;2476;61;45;117;29;151;32;1743;28;572;4;126;Local;0.13;0.17;11.449152517373102;0.02;540.81;241.09;724.69;0.0575;0.227;13.0;2.0;3.0;7.0;0.0008;0.0012;0.0028;0
580;580;1;0;JALES;FERNANDOPOLIS;FERNANDOPOLIS;TODOS;-20.2825647;-50.2500762;-20.2956731;-50.2471189;0.0;0.0;351550;FERNANDOPOLIS;8881.0;10501.5;48451.8;12776.0;70108.8;3531;RRAS12;3515;DRS-15 Sao Jose do Rio Preto;35154;Fernandopolis;1253;80;91;864;283;1210;43;30;69;11;78;13;839;25;276;7;47;Local;0.13;0.18;11.157803600093901;0.03;357.44;180.16;443.02;0.0638;0.2259;12.27;0.0;12.0;2.0;0.0;0.0096;0.0016;0
581;581;1;0;JALES;JALES;JALES;TODOS;-20.2671767;-50.5492435;-20.2667765;-50.5425068;0.0;0.0;352480;JALES;6133.4;7294.75;34185.4;9243.6;49562.4;3531;RRAS12;3515;DRS-15 Sao Jose do Rio Preto;35153;Jales;361;19;29;251;84;347;14;12;16;3;24;5;244;7;80;4;38;Local;0.12;0.19;10.810987760720693;0.04;145.67;61.96;181.75;0.0526;0.2327;5.65;1.0;4.0;12.0;0.0028;0.0111;0.0332;0
582;582;1;0;JALES;OUROESTE;OUROESTE;TODOS;-20.0013584;-50.3736414;-20.0046951;-50.3707862;0.0;0.0;353475;OUROESTE;1407.4;1658.5;6680.8;1505.4;9593.6;3531;RRAS12;3515;DRS-15 Sao Jose do Rio Preto;35154;Fernandopolis;393;31;35;276;81;382;11;9;28;3;32;3;269;7;80;1;22;Local;0.15;0.16;9.168851488468224;0.03;819.3;440.53;1076.13;0.0789;0.2061;22.93;1.0;0.0;3.0;0.0025;0.0;0.0076;0
583;583;1;0;JALES;SANTA FE DO SUL;SANTA FE DO SUL;TODOS;-20.2106188;-50.9270837;-20.2143637079368;-50.9283364543431;0.0;0.0;354660;SANTA FE DO SUL;4226.4;4953.5;22673.2;6023.8;32923.4;3531;RRAS12;3515;DRS-15 Sao Jose do Rio Preto;35152;Santa Fé do Sul;619;30;40;409;167;588;31;21;15;15;25;15;398;11;163;4;45;Local;0.13;0.18;10.40193893013836;0.05;376.02;141.96;554.47;0.0485;0.2698;18.83;0.0;14.0;7.0;0.0;0.0226;0.0113;0
584;584;1;0;SOROCABA;ANGATUBA;ANGATUBA;TODOS;-23.4938938;-48.4110675;-23.4923338949423;-48.4149366556336;0.0;0.0;350220;ANGATUBA;3816.8;4518.25;16555.4;3385.2;23757.4;3519;RRAS08;3516;DRS-16 Sorocaba;35161;Itapetininga;16;2;2;13;1;7;9;2;2;0;2;0;4;9;1;0;17;Local;0.16;0.14;10.075649339879517;0.56;13.47;10.48;5.91;0.125;0.0625;7.58;2.0;0.0;2.0;0.125;0.0;0.125;0
585;585;1;0;SOROCABA;CAPAO BONITO;CAPAO BONITO;TODOS;-24.0048759;-48.3489848;-24.0072838655773;-48.3469804185384;0.0;0.0;351020;CAPAO BONITO;7887.4;9528.0;33752.4;6529.2;48169.0;3519;RRAS08;3516;DRS-16 Sorocaba;35161;Itapetininga;23;0;1;23;0;20;3;1;0;0;0;1;20;3;0;0;8;Local;0.16;0.14;10.782470939599769;0.13;9.55;0.0;0.0;0.0;0.0;1.25;1.0;0.0;1.0;0.0435;0.0;0.0435;0
586;586;1;0;SOROCABA;ITAPETININGA;ITAPETININGA;TODOS;-23.588607;-48.048326;-23.584442;-48.0453462;0.0;0.0;352230;ITAPETININGA;25039.4;29794.5;111915.2;21052.0;158006.6;3519;RRAS08;3516;DRS-16 Sorocaba;35161;Itapetininga;73;8;10;56;6;39;34;10;3;5;5;5;30;26;5;1;93;Local;0.16;0.13;11.970392083288571;0.47;9.24;6.39;5.7;0.1096;0.0822;4.3;5.0;5.0;9.0;0.0685;0.0685;0.1233;0
587;587;1;0;SOROCABA;ITU;ITU;TODOS;-23.2637798;-47.2998462;-23.2702842579446;-47.2952816743769;0.0;0.0;352390;ITU;25792.4;30553.25;120916.2;21932.8;168641.4;3519;RRAS08;3516;DRS-16 Sorocaba;35163;Sorocaba;562;71;82;399;80;521;41;21;58;13;67;15;375;24;76;4;43;Local;0.15;0.13;12.035529846008455;0.07;66.65;55.05;72.95;0.1263;0.1423;4.86;3.0;176.0;11.0;0.0053;0.3132;0.0196;0
588;588;1;0;SOROCABA;PIEDADE;PIEDADE;TODOS;-23.7074096;-47.4252319;-23.7131624;-47.4193369;0.0;0.0;353780;PIEDADE;8124.4;9723.0;38256.4;8253.6;54634.4;3519;RRAS08;3516;DRS-16 Sorocaba;35163;Sorocaba;10;0;0;8;2;9;1;0;0;0;0;0;7;1;2;0;0;Local;0.15;0.15;10.90841899997328;0.1;3.66;0.0;4.85;0.0;0.2;0.37;1.0;2.0;1.0;0.1;0.2;0.1;0
589;589;1;0;SOROCABA;SAO MIGUEL ARCANJO;SAO MIGUEL ARCANJO;TODOS;-23.8807771;-47.9963492;-23.8733231172657;-47.9994060499722;0.0;0.0;355020;SAO MIGUEL ARCANJO;5438.0;6519.75;23164.6;4529.4;33132.0;3519;RRAS08;3516;DRS-16 Sorocaba;35161;Itapetininga;37;2;3;28;7;30;7;5;2;0;3;0;21;7;7;0;10;Local;0.16;0.14;10.408254861718154;0.19;22.33;7.36;30.91;0.0541;0.1892;4.23;1.0;2.0;2.0;0.027;0.0541;0.0541;0
590;590;1;0;SOROCABA;SOROCABA;SOROCABA;TODOS;-23.5003451;-47.4582864;-23.5178154;-47.4531223;0.0;0.0;355220;SOROCABA;101389.8;119110.5;491696.8;88927.2;682013.8;3519;RRAS08;3516;DRS-16 Sorocaba;35163;Sorocaba;434;77;89;310;44;360;74;50;56;21;68;21;262;48;39;5;118;Local;0.15;0.13;13.432805171224988;0.17;12.73;15.19;9.9;0.1774;0.1014;2.17;39.0;107.0;99.0;0.0899;0.2465;0.2281;0
591;591;1;0;SOROCABA;TATUI;TATUI;TODOS;-23.3489848;-47.8490165;-23.3522859;-47.8445248;0.0;0.0;355400;TATUI;19028.2;22541.0;84919.4;16397.6;120345.2;3519;RRAS08;3516;DRS-16 Sorocaba;35161;Itapetininga;151;20;27;109;21;146;5;4;20;0;27;0;107;2;18;3;3;Local;0.16;0.14;11.698119558743223;0.03;25.09;21.02;25.61;0.1325;0.1391;0.83;4.0;0.0;3.0;0.0265;0.0;0.0199;0
592;592;1;0;ITAPEVA;APIAI;APIAI;TODOS;-24.5076527;-48.8461582;-24.5108462;-48.8449052;0.0;0.0;350270;APIAI;4238.0;5138.5;18095.0;3427.0;25760.0;3519;RRAS08;3516;DRS-16 Sorocaba;35162;Itapeva;1;0;0;1;0;0;1;0;0;0;0;0;0;1;0;0;2;Local;0.16;0.13;10.15657818021829;1.0;0.78;0.0;0.0;0.0;0.0;0.78;1.0;0.0;0.0;1.0;0.0;0.0;1
593;593;1;0;ITAPEVA;BURI;BURI;TODOS;-23.79849;-48.598924;-23.7989973793878;-48.6001525461045;0.0;0.0;350800;BURI;3848.2;4586.0;13836.4;2330.6;20015.2;3519;RRAS08;3516;DRS-16 Sorocaba;35162;Itapeva;14;1;1;12;1;13;1;0;1;0;1;0;11;1;1;0;0;Local;0.19;0.12;9.90424726388237;0.07;13.99;5.2;8.58;0.0714;0.0714;1.0;0.0;0.0;0.0;0.0;0.0;0.0;0
594;594;1;0;ITAPEVA;ITAPEVA;ITAPEVA;TODOS;-23.9849105;-48.8803886;-23.9886708;-48.8771605;0.0;0.0;352240;ITAPEVA;15437.0;18495.25;65770.6;11542.2;92749.8;3519;RRAS08;3516;DRS-16 Sorocaba;35162;Itapeva;19;2;2;15;2;14;5;4;2;0;2;0;11;4;1;1;12;Local;0.17;0.12;11.437660824133125;0.26;4.1;2.59;3.47;0.1053;0.1053;1.08;0.0;0.0;0.0;0.0;0.0;0.0;0
595;595;1;0;ITAPEVA;GUAPIARA;GUAPIARA;TODOS;-24.18921;-48.529549;-24.1848479;-48.5291026;0.0;0.0;351760;GUAPIARA;2881.2;3507.0;12454.8;2663.0;17999.0;3519;RRAS08;3516;DRS-16 Sorocaba;35162;Itapeva;5;2;2;2;1;4;1;1;2;0;2;0;1;1;1;0;2;Local;0.16;0.15;9.798071479779479;0.2;5.56;13.88;7.51;0.4;0.2;1.11;0.0;0.0;0.0;0.0;0.0;0.0;1
596;596;1;0;ITAPEVA;ITABERA;ITABERA;TODOS;-23.8621345;-49.1398926;-23.8641409;-49.1380502;0.0;0.0;352170;ITABERA;2864.4;3430.5;12847.2;2698.0;18409.6;3519;RRAS08;3516;DRS-16 Sorocaba;35162;Itapeva;3;1;1;1;1;2;1;1;1;0;1;0;1;0;0;1;3;Local;0.16;0.15;9.820627546668975;0.33;3.26;6.98;7.41;0.3333;0.3333;1.09;0.0;0.0;0.0;0.0;0.0;0.0;1
597;597;1;0;ITAPEVA;ITARARE;ITARARE;TODOS;-24.1145368;-49.3352464;-23.7517774;-46.7907065;0.0;0.0;352320;ITARARE;7569.8;9139.25;33479.2;6845.8;47894.8;3519;RRAS08;3516;DRS-16 Sorocaba;35162;Itapeva;41;8;8;28;4;37;4;4;8;0;8;0;25;3;4;0;6;Local;0.16;0.14;10.776762218007041;0.1;17.12;21.14;11.69;0.1951;0.0976;1.67;0.0;0.0;2.0;0.0;0.0;0.0488;0
598;598;1;0;ITAPEVA;ITAPIRAPUA PAULISTA;ITAPIRAPUA PAULISTA;TODOS;-24.5735083;-49.1703846;-24.5721588195936;-49.169849714822;0.0;0.0;352265;ITAPIRAPUA PAULISTA;771.4;932.25;2945.4;485.6;4202.4;3519;RRAS08;3516;DRS-16 Sorocaba;35162;Itapeva;0;0;0;0;0;0;0;0;0;0;0;0;0;0;0;0;0;Local;0.18;0.12;8.343411069639751;0.0;0.0;0.0;0.0;0.0;0.0;0.0;0.0;0.0;0.0;0.0;0.0;0.0;1
599;599;1;0;ITAPEVA;RIBEIRAO BRANCO;RIBEIRAO BRANCO;TODOS;0.0;0.0;0.0;0.0;0.0;0.0;354300;RIBEIRAO BRANCO;3493.4;4200.25;13365.4;2086.6;18945.4;3519;RRAS08;3516;DRS-16 Sorocaba;35162;Itapeva;6;1;2;5;0;6;0;0;1;0;2;0;5;0;0;0;0;Local;0.18;0.11;9.84931643698014;0.0;6.33;5.73;0.0;0.1667;0.0;0.0;0.0;0.0;1.0;0.0;0.0;0.1667;1
600;600;1;0;TAUBATE;BANANAL;BANANAL;TODOS;-22.6820178;-44.3221805;-22.6814064;-44.3198009;0.0;0.0;350490;BANANAL;1540.4;1860.25;7116.2;1719.6;10376.2;3526;RRAS17;3517;DRS-17 Taubate;35172;Circuito da Fe e Vale Historico;35;5;6;24;5;31;4;1;4;1;5;1;23;1;4;1;10;Local;0.15;0.17;9.247270001061093;0.11;67.46;64.92;58.15;0.1429;0.1429;7.71;2.0;0.0;4.0;0.0571;0.0;0.1143;0
601;601;1;0;TAUBATE;CAMPOS DO JORDAO;CAMPOS DO JORDAO;TODOS;-22.738299;-45.5903769;-22.7435729093374;-45.6250628405897;0.0;0.0;350970;CAMPOS DO JORDAO;7718.8;9252.25;35605.0;5859.8;49183.6;3526;RRAS17;3517;DRS-17 Taubate;35174;Vale do Paraiba-Regiao Serrana;13;3;3;10;0;12;1;0;2;1;2;1;10;0;0;0;3;Local;0.16;0.12;10.803315513579161;0.08;5.29;7.77;0.0;0.2308;0.0;0.41;1.0;1.0;1.0;0.0769;0.0769;0.0769;0
602;602;1;0;TAUBATE;CRUZEIRO;CRUZEIRO;TODOS;-22.5783685;-44.9642044;-22.5754109;-44.9635404;0.0;0.0;351340;CRUZEIRO;11652.2;13958.5;54990.6;12314.0;78956.8;3526;RRAS17;3517;DRS-17 Taubate;35172;Circuito da Fe e Vale Historico;83;9;11;62;11;75;8;6;7;2;8;3;56;6;11;0;12;Local;0.15;0.16;11.276656146437091;0.1;21.02;15.45;17.87;0.1084;0.1325;2.03;4.0;4.0;3.0;0.0482;0.0482;0.0361;0
603;603;1;0;TAUBATE;CUNHA;CUNHA;TODOS;-23.07753;-44.9567436;-23.0811754;-44.96082;0.0;0.0;351360;CUNHA;3011.8;3658.25;15718.4;3739.6;22469.8;3526;RRAS17;3517;DRS-17 Taubate;35172;Circuito da Fe e Vale Historico;10;1;1;8;1;6;4;3;0;1;0;1;5;3;1;0;7;Local;0.13;0.17;10.019927464383198;0.4;8.9;6.64;5.35;0.1;0.1;3.56;1.0;0.0;1.0;0.1;0.0;0.1;0
604;604;1;0;TAUBATE;GUARATINGUETA;GUARATINGUETA;TODOS;-22.8057839;-45.1908926;-22.8217468;-45.1912082;0.0;0.0;351840;GUARATINGUETA;16527.0;19676.0;84333.8;18758.6;119619.4;3526;RRAS17;3517;DRS-17 Taubate;35172;Circuito da Fe e Vale Historico;576;49;68;432;87;520;56;50;34;15;47;21;410;22;68;19;160;Local;0.14;0.16;11.692070314702336;0.1;96.31;59.3;92.76;0.0851;0.151;9.36;8.0;6.0;12.0;0.0139;0.0104;0.0208;0
605;605;1;0;TAUBATE;LORENA;LORENA;TODOS;-22.7367652;-45.1070876;-22.7331092;-45.1221271;0.0;0.0;352720;LORENA;13079.2;15602.5;60721.2;13309.8;87110.2;3526;RRAS17;3517;DRS-17 Taubate;35172;Circuito da Fe e Vale Historico;315;42;51;229;41;281;34;24;29;13;34;17;211;18;38;3;91;Local;0.15;0.15;11.374929262757954;0.11;72.32;64.22;61.61;0.1333;0.1302;7.81;8.0;5.0;19.0;0.0254;0.0159;0.0603;0
606;606;1;0;TAUBATE;LAGOINHA;LAGOINHA;TODOS;-23.0898337;-45.1903825;-23.0914441;-45.1908804;0.0;0.0;352630;LAGOINHA;626.8;768.0;3437.2;1029.2;5093.2;3526;RRAS17;3517;DRS-17 Taubate;35174;Vale do Paraiba-Regiao Serrana;17;2;3;12;3;16;1;0;2;0;3;0;11;1;3;0;2;Local;0.12;0.2;8.535661595699281;0.06;66.76;63.82;58.3;0.1176;0.1765;3.93;0.0;0.0;0.0;0.0;0.0;0.0;0
607;607;1;0;TAUBATE;PINDAMONHANGABA;PINDAMONHANGABA;TODOS;-22.9364;-45.4622602;-22.9307751;-45.4561789;0.0;0.0;353800;PINDAMONHANGABA;25756.4;30492.75;115441.8;21604.8;162803.0;3526;RRAS17;3517;DRS-17 Taubate;35174;Vale do Paraiba-Regiao Serrana;743;57;70;548;128;671;72;51;41;16;53;17;504;44;116;12;107;Local;0.16;0.13;12.00029615989922;0.1;91.28;44.26;118.49;0.0767;0.1723;8.85;6.0;10.0;6.0;0.0081;0.0135;0.0081;0
608;608;1;0;TAUBATE;SAO BENTO DO SAPUCAI;SAO BENTO DO SAPUCAI;TODOS;-22.6884605;-45.7329767;-22.6867595;-45.7305984;0.0;0.0;354860;SAO BENTO DO SAPUCAI;1573.4;1882.5;7787.0;2035.4;11395.8;3526;RRAS17;3517;DRS-17 Taubate;35174;Vale do Paraiba-Regiao Serrana;5;0;0;4;1;5;0;0;0;0;0;0;4;0;1;0;0;Local;0.14;0.18;9.341000145446246;0.0;8.78;0.0;9.83;0.0;0.2;0.0;0.0;1.0;0.0;0.0;0.2;0.0;1
609;609;1;0;TAUBATE;SAO JOSE DO BARREIRO;SAO JOSE DO BARREIRO;TODOS;-22.6452376;-44.5805246;-22.6479500153204;-44.5757358432995;0.0;0.0;354960;SAO JOSE DO BARREIRO;631.0;772.0;2759.6;657.6;4048.2;3526;RRAS17;3517;DRS-17 Taubate;35172;Circuito da Fe e Vale Historico;6;0;0;5;1;5;1;0;0;0;0;0;4;1;1;0;2;Local;0.16;0.16;8.306027616861435;0.17;29.64;0.0;30.41;0.0;0.1667;4.94;0.0;0.0;0.0;0.0;0.0;0.0;1
610;610;1;0;TAUBATE;SAO LUIS DO PARAITINGA;SAO LUIS DO PARAITINGA;TODOS;-23.2220531;-45.3108444;-23.225310707006;-45.3074589400458;0.0;0.0;355000;SAO LUIS DO PARAITINGA;1333.0;1615.0;7294.0;1998.8;10625.8;3526;RRAS17;3517;DRS-17 Taubate;35174;Vale do Paraiba-Regiao Serrana;15;1;1;10;4;15;0;0;1;0;1;0;10;0;4;0;0;Local;0.13;0.19;9.271040285075804;0.0;28.23;15.0;40.02;0.0667;0.2667;0.0;0.0;0.0;1.0;0.0;0.0;0.0667;0
611;611;1;1;SAO PAULO;SAO PAULO;SAO PAULO;TODOS;-23.5453075624423;-46.6377689172257;-23.7290263;-46.6908453;0.0;0.0;355030;SAO PAULO;1715649.4;2044471.75;8547211.6;1728571.4;11991432.4;3521;RRAS06;3501;DRS-01 Grande Sao Paulo;35016;Sao Paulo;1487;141;178;1180;152;1369;118;73;111;30;144;34;1100;80;146;6;118;Local;0.14;0.14;16.29970298609003;0.08;2.48;1.64;1.76;0.0948;0.1022;0.2;78.0;99.0;135.0;0.0525;0.0666;0.0908;0
612;612;1;1;MOGI DAS CRUZES;GUARULHOS;GUARULHOS;TODOS;-23.4675941;-46.5277704;-23.4677072;-46.5319582;0.0;0.0;351880;GUARULHOS;220217.4;261864.25;965769.2;142698.4;1328685.0;3525;RRAS02;3501;DRS-01 Grande Sao Paulo;35011;Alto do Tiete;298;22;33;249;25;291;7;5;22;0;32;1;242;7;25;0;4;Local;0.17;0.11;14.0997002892856;0.02;4.49;2.0;3.5;0.0738;0.0839;0.11;12.0;13.0;19.0;0.0403;0.0436;0.0638;0
613;613;1;1;BAURU;BAURU;BAURU;15 ANOS OU MAIS;-22.3173803;-49.0689778;-22.3305675;-49.0775289;0.0;0.0;350600;BAURU;52953.4;62655.25;265786.6;56833.4;375573.4;3518;RRAS09;3506;DRS-06 Bauru;35062;Bauru;1270;160;203;904;193;1203;67;34;136;24;177;26;866;38;188;5;97;Local;0.14;0.15;12.836209203787089;0.05;67.63;60.43;67.92;0.126;0.152;3.57;13.0;15.0;31.0;0.0102;0.0118;0.0244;0
614;614;1;1;CAMPINAS;CAMPINAS;CAMPINAS;CAMPINAS - DISTRITO SUDESTE;-22.822656;-47.0627959;-22.8267804850019;-47.0640301726016;0.0;0.0;350950;CAMPINAS;160322.0;189602.0;834042.4;176304.8;1170669.2;3528;RRAS15;3507;DRS-07 Campinas;35072;Regiao Metropolitana de Campinas;1408;163;194;1052;178;1276;132;81;136;27;163;31;958;94;168;10;73;Local;0.14;0.15;13.973086109075805;0.09;24.05;20.33;20.19;0.1158;0.1264;2.26;82.0;206.0;145.0;0.0582;0.1463;0.103;0
615;615;1;1;CAMPINAS;JUNDIAI;JUNDIAI;18 ANOS E MAIS;-23.1887668;-46.884506;-23.1838628;-46.8899187;0.0;0.0;352590;JUNDIAI;59126.2;69389.25;297876.4;64791.4;421794.0;3527;RRAS16;3507;DRS-07 Campinas;35073;Jundiai;270;29;38;201;39;250;20;13;26;3;34;4;187;14;37;2;12;Local;0.14;0.15;12.952272322174572;0.07;12.8;9.81;12.04;0.1074;0.1444;0.95;10.0;9.0;26.0;0.037;0.0333;0.0963;0
616;616;1;1;MARILIA;MARILIA;MARILIA;14 ANOS E MAIS;-22.2172002;-49.9500061;-22.227114;-49.9359818;0.0;0.0;352900;MARILIA;32966.4;38807.25;165734.6;37573.6;236274.6;3533;RRAS10;3509;DRS-09 Marilia;35093;Marilia;275;22;24;191;55;245;30;21;20;2;21;3;169;22;49;6;14;Local;0.14;0.16;12.372749966919278;0.11;23.28;13.35;29.28;0.08;0.2;2.54;21.0;30.0;40.0;0.0764;0.1091;0.1455;0
617;617;1;1;PRESIDENTE PRUDENTE;PRESIDENTE PRUDENTE;PRESIDENTE PRUDENTE;TODOS;-22.1225167;-51.3882528;-22.1321613052015;-51.4073413591303;0.0;0.0;354140;PRESIDENTE PRUDENTE;30945.2;36676.25;158703.4;36642.8;226291.4;3532;RRAS11;3511;DRS-11 Presidente Prudente;35112;Alta Sorocabana;1267;135;164;854;263;1169;98;69;102;33;128;36;807;47;246;17;158;Local;0.14;0.16;12.329578828248161;0.08;111.98;87.25;143.55;0.1066;0.2076;8.66;4.0;12.0;28.0;0.0032;0.0095;0.0221;0
618;618;1;1;REGISTRO;REGISTRO;REGISTRO;TODOS;-24.497942;-47.844895;-24.5304095130086;-47.8557107455679;0.0;0.0;354260;REGISTRO;9629.0;11496.0;41383.6;8354.8;59367.4;3520;RRAS07;3512;DRS-12 Registro;35121;Vale do Ribeira;27;0;3;26;1;21;6;3;0;0;2;1;20;6;1;0;7;Local;0.16;0.14;10.991500533144244;0.22;9.1;0.0;2.39;0.0;0.037;2.02;2.0;3.0;4.0;0.0741;0.1111;0.1481;0
619;619;1;1;SAO JOSE DOS CAMPOS;SAO JOSE DOS CAMPOS;SAO JOSE DOS CAMPOS;TODOS;-23.1867782;-45.8854538;-23.1814666;-45.8872052;0.0;0.0;354990;SAO JOSE DOS CAMPOS;106540.2;125771.25;497633.2;91703.0;695876.4;3526;RRAS17;3517;DRS-17 Taubate;35171;Alto Vale do Paraíba;629;76;89;443;103;540;89;50;57;19;70;19;391;52;86;17;82;Local;0.15;0.13;13.452927337339363;0.14;18.08;14.27;22.46;0.1208;0.1638;2.56;27.0;57.0;37.0;0.0429;0.0906;0.0588;0
620;620;1;1;CARAGUATATUBA;SAO SEBASTIAO;SAO SEBASTIAO;DOIS PESA EM SAO SEBASTIAO;-23.8027866;-45.4070527;-23.7833831;-45.6293903;0.0;0.0;355070;SAO SEBASTIAO;13891.4;16466.5;58488.0;8573.0;80952.4;3526;RRAS17;3517;DRS-17 Taubate;35173;Litoral Norte;8;1;1;6;1;7;1;1;1;0;1;0;5;1;1;0;2;Local;0.17;0.11;11.301616606597111;0.12;1.98;1.44;2.33;0.125;0.125;0.25;0.0;1.0;3.0;0.0;0.125;0.375;1
621;621;1;1;TAUBATE;TAUBATE;TAUBATE;TODOS;-23.031448;-45.5612792;-23.0300597;-45.5673225;0.0;0.0;355410;TAUBATE;45702.8;54002.75;217694.8;43523.6;306921.2;3526;RRAS17;3517;DRS-17 Taubate;35174;Vale do Paraiba-Regiao Serrana;1112;80;104;836;184;1010;102;53;60;20;78;26;762;74;178;6;147;Local;0.15;0.14;12.63434631609759;0.09;72.46;35.01;84.55;0.0719;0.1655;6.65;9.0;45.0;5.0;0.0081;0.0405;0.0045;0
622;622;0;1;FRANCO DA ROCHA;FRANCO DA ROCHA;CAIEIRAS;TODOS;0.0;0.0;0.0;0.0;10.9;24.0;350900;CAIEIRAS;15283.2;18251.0;69259.0;10374.4;94916.6;3524;RRAS03;3501;DRS-01 Grande Sao Paulo;35012;Franco da Rocha;99;7;9;81;9;92;7;5;6;1;8;1;75;6;9;0;12;≤30 min;0.16;0.11;11.460753890270572;0.07;20.86;9.16;17.35;0.0707;0.0909;1.47;4.0;4.0;2.0;0.0404;0.0404;0.0202;0
623;623;0;1;FRANCO DA ROCHA;FRANCO DA ROCHA;CAJAMAR;TODOS;0.0;0.0;0.0;0.0;19.35;34.5;350920;CAJAMAR;14633.4;16958.75;59065.0;6761.6;80460.0;3524;RRAS03;3501;DRS-01 Grande Sao Paulo;35012;Franco da Rocha;80;11;15;65;4;67;13;9;8;3;11;4;55;10;4;0;11;31–60 min;0.18;0.08;11.29551544550378;0.16;19.89;15.03;11.83;0.1375;0.05;3.23;6.0;4.0;5.0;0.075;0.05;0.0625;0
624;624;1;1;FRANCO DA ROCHA;FRANCO DA ROCHA;FRANCO DA ROCHA;TODOS;0.0;0.0;0.0;0.0;0.0;0.0;351640;FRANCO DA ROCHA;24093.6;28514.75;105900.2;14524.4;144518.2;3524;RRAS03;3501;DRS-01 Grande Sao Paulo;35012;Franco da Rocha;294;29;37;234;31;265;29;22;22;7;28;9;216;18;27;4;43;Local;0.17;0.1;11.881160730160486;0.1;40.69;24.07;42.69;0.0986;0.1054;4.01;2.0;8.0;4.0;0.0068;0.0272;0.0136;0
625;625;1;1;FRANCO DA ROCHA;MAIRIPORA;MAIRIPORA;TODOS;0.0;0.0;0.0;0.0;0.0;0.0;352850;MAIRIPORA;13745.4;16376.5;64896.8;11674.0;90316.2;3524;RRAS03;3501;DRS-01 Grande Sao Paulo;35012;Franco da Rocha;155;14;16;118;19;150;5;3;13;1;15;1;115;3;18;1;6;Local;0.15;0.13;11.411072125307818;0.03;34.32;20.37;32.55;0.0903;0.1226;1.11;1.0;2.0;3.0;0.0065;0.0129;0.0194;0
626;626;1;1;FRANCO DA ROCHA;FRANCISCO MORATO;FRANCISCO MORATO;TODOS;0.0;0.0;0.0;0.0;0.0;0.0;351630;FRANCISCO MORATO;31428.0;37301.5;120829.4;15311.8;167569.2;3524;RRAS03;3501;DRS-01 Grande Sao Paulo;35012;Franco da Rocha;649;77;101;513;53;603;46;32;69;8;91;10;478;35;50;3;56;Local;0.19;0.09;12.029151679259128;0.07;77.46;49.0;69.23;0.1186;0.0817;5.49;1.0;8.0;6.0;0.0015;0.0123;0.0092;0
627;627;0;0;SAO JOSE DO RIO PRETO;SAO JOSE DO RIO PRETO;UCHOA;TODOS;0.0;0.0;0.0;0.0;32.8;30.0;355560;UCHOA;1364.2;1627.75;6956.0;1907.8;10228.0;3531;RRAS12;3515;DRS-15 Sao Jose do Rio Preto;35155;Sao Jose do Rio Preto;205;11;13;144;41;194;11;9;8;3;10;3;140;4;39;2;12;≤30 min;0.13;0.19;9.232884336411077;0.05;400.86;161.27;429.81;0.0537;0.2;21.51;1.0;1.0;1.0;0.0049;0.0049;0.0049;0
628;628;0;0;SAO JOSE DO RIO PRETO;SAO JOSE DO RIO PRETO;NEVES PAULISTA;TODOS;0.0;0.0;0.0;0.0;30.9;29.0;353250;NEVES PAULISTA;1058.4;1255.0;6387.8;1960.6;9406.8;3531;RRAS12;3515;DRS-15 Sao Jose do Rio Preto;35155;Sao Jose do Rio Preto;111;6;11;77;28;106;5;1;5;1;10;1;73;4;28;0;5;≤30 min;0.11;0.21;9.149188110982676;0.05;236.0;113.38;285.63;0.0541;0.2523;10.63;0.0;0.0;0.0;0.0;0.0;0.0;0
629;629;0;0;SAO JOSE DO RIO PRETO;SAO JOSE DO RIO PRETO;CEDRAL;TODOS;0.0;0.0;0.0;0.0;18.4;21.0;351130;CEDRAL;1468.4;1700.25;7132.0;1701.2;10301.6;3531;RRAS12;3515;DRS-15 Sao Jose do Rio Preto;35155;Sao Jose do Rio Preto;173;13;17;115;42;165;8;5;9;4;13;4;111;4;42;0;25;≤30 min;0.14;0.17;9.240054501959573;0.05;335.87;177.06;493.77;0.0751;0.2428;15.53;0.0;1.0;0.0;0.0;0.0058;0.0;0
630;630;0;0;SAO JOSE DO RIO PRETO;SAO JOSE DO RIO PRETO;MIRASSOL;TODOS;0.0;0.0;0.0;0.0;12.2;17.0;353030;MIRASSOL;8383.2;9832.0;42527.8;9308.4;60219.4;3531;RRAS12;3515;DRS-15 Sao Jose do Rio Preto;35155;Sao Jose do Rio Preto;407;38;48;286;77;382;25;21;25;13;30;18;274;12;77;0;42;≤30 min;0.14;0.15;11.005749838518803;0.06;135.17;90.66;165.44;0.0934;0.1892;8.3;1.0;1.0;2.0;0.0025;0.0025;0.0049;0
631;631;0;0;SAO JOSE DO RIO PRETO;SAO JOSE DO RIO PRETO;NOVA ALIANCA;TODOS;0.0;0.0;0.0;0.0;26.1;33.0;353280;NOVA ALIANCA;937.8;1102.75;4399.4;1106.4;6443.6;3531;RRAS12;3515;DRS-15 Sao Jose do Rio Preto;35155;Sao Jose do Rio Preto;210;14;19;134;58;202;8;5;11;3;15;4;129;5;58;0;7;31–60 min;0.15;0.17;8.77084266912381;0.04;651.81;298.57;1048.45;0.0667;0.2762;24.83;22.0;8.0;23.0;0.1048;0.0381;0.1095;0
632;632;0;0;SAO JOSE DO RIO PRETO;SAO JOSE DO RIO PRETO;MIRASSOLANDIA;TODOS;0.0;0.0;0.0;0.0;44.5;41.0;353040;MIRASSOLANDIA;671.4;796.75;3113.0;802.0;4586.4;3531;RRAS12;3515;DRS-15 Sao Jose do Rio Preto;35155;Sao Jose do Rio Preto;203;13;16;141;46;198;5;3;12;1;15;1;137;4;46;0;4;31–60 min;0.15;0.17;8.430850681594173;0.02;885.23;387.25;1147.13;0.064;0.2266;21.8;3.0;0.0;7.0;0.0148;0.0;0.0345;0
633;633;0;0;SAO JOSE DO RIO PRETO;SAO JOSE DO RIO PRETO;POTIRENDABA;TODOS;0.0;0.0;0.0;0.0;36.1;36.0;354080;POTIRENDABA;2493.6;2902.0;11893.8;2923.8;17311.2;3531;RRAS12;3515;DRS-15 Sao Jose do Rio Preto;35155;Sao Jose do Rio Preto;629;48;59;412;157;614;15;8;38;10;49;10;408;4;156;1;15;31–60 min;0.14;0.17;9.759108969857573;0.02;726.7;384.99;1073.94;0.0763;0.2496;17.33;7.0;13.0;25.0;0.0111;0.0207;0.0397;0
634;634;0;0;SAO JOSE DO RIO PRETO;SAO JOSE DO RIO PRETO;IBIRA;TODOS;0.0;0.0;0.0;0.0;41.2;39.0;351940;IBIRA;1652.6;1944.5;7894.2;2097.2;11644.0;3531;RRAS12;3515;DRS-15 Sao Jose do Rio Preto;35155;Sao Jose do Rio Preto;200;9;13;138;49;189;11;8;8;1;12;1;128;10;49;0;4;31–60 min;0.14;0.18;9.362546304865514;0.06;343.52;108.92;467.29;0.045;0.245;18.89;1.0;2.0;3.0;0.005;0.01;0.015;0
635;635;1;0;SAO JOSE DO RIO PRETO;SAO JOSE DO RIO PRETO;SAO JOSE DO RIO PRETO;TODOS;0.0;0.0;0.0;0.0;0.0;0.0;354980;SAO JOSE DO RIO PRETO;61914.8;72482.5;326742.2;72902.6;461559.6;3531;RRAS12;3515;DRS-15 Sao Jose do Rio Preto;35155;Sao Jose do Rio Preto;2085;138;158;1494;420;1963;122;45;115;23;132;26;1409;85;409;11;87;Local;0.13;0.16;13.042366468682005;0.06;90.35;44.58;115.22;0.0662;0.2014;5.29;11.0;10.0;22.0;0.0053;0.0048;0.0106;0
636;636;0;0;SAO JOSE DO RIO PRETO;SAO JOSE DO RIO PRETO;GUAPIACU;TODOS;0.0;0.0;0.0;0.0;24.8;28.0;351750;GUAPIACU;2930.6;3420.75;14364.4;2882.8;20177.8;3531;RRAS12;3515;DRS-15 Sao Jose do Rio Preto;35155;Sao Jose do Rio Preto;324;31;40;227;61;296;28;23;25;6;32;8;208;19;58;3;15;≤30 min;0.15;0.14;9.91233826913409;0.09;321.15;211.56;423.2;0.0957;0.1883;27.75;0.0;1.0;3.0;0.0;0.0031;0.0093;0
637;637;1;0;SAO JOSE DO RIO PRETO;NOVO HORIZONTE;NOVO HORIZONTE;TODOS;0.0;0.0;0.0;0.0;0.0;0.0;353350;NOVO HORIZONTE;5585.6;6664.0;26923.2;6461.0;38969.8;3531;RRAS12;3515;DRS-15 Sao Jose do Rio Preto;35151;Catanduva;319;17;26;237;62;305;14;9;9;8;17;9;231;6;62;0;40;Local;0.14;0.17;10.570542266166647;0.04;163.72;60.87;191.92;0.0533;0.1944;7.19;0.0;0.0;2.0;0.0;0.0;0.0063;0
638;638;0;0;SAO JOSE DO RIO PRETO;SAO JOSE DO RIO PRETO;BADY BASSITT;TODOS;0.0;0.0;0.0;0.0;13.1;19.0;350460;BADY BASSITT;3226.6;3639.25;14968.2;2550.4;20745.2;3531;RRAS12;3515;DRS-15 Sao Jose do Rio Preto;35155;Sao Jose do Rio Preto;280;18;24;204;53;269;11;5;16;2;22;2;195;9;53;0;9;≤30 min;0.16;0.12;9.940070173597816;0.04;269.94;111.57;415.62;0.0643;0.1893;10.6;0.0;2.0;3.0;0.0;0.0071;0.0107;0
639;639;0;0;SAO JOSE DO RIO PRETO;SAO JOSE DO RIO PRETO;JACI;TODOS;0.0;0.0;0.0;0.0;27.6;33.0;352450;JACI;1051.8;1216.75;4860.4;813.2;6725.4;3531;RRAS12;3515;DRS-15 Sao Jose do Rio Preto;35156;Jose Bonifacio;112;6;8;85;17;109;3;1;5;1;7;1;83;2;17;0;0;31–60 min;0.16;0.12;8.813646682255104;0.03;333.07;114.09;418.1;0.0536;0.1518;8.92;0.0;0.0;1.0;0.0;0.0;0.0089;0
640;640;0;0;SAO JOSE DO RIO PRETO;SAO JOSE DO RIO PRETO;IPIGUA;TODOS;0.0;0.0;0.0;0.0;27.3;37.0;352115;IPIGUA;882.8;1016.0;3862.4;912.0;5657.2;3531;RRAS12;3515;DRS-15 Sao Jose do Rio Preto;35155;Sao Jose do Rio Preto;158;15;16;112;29;147;11;9;15;0;15;1;103;9;27;2;9;31–60 min;0.16;0.16;8.640684349146344;0.07;558.58;339.83;635.96;0.0949;0.1835;38.89;0.0;1.0;0.0;0.0;0.0063;0.0;0
641;641;0;0;SAO JOSE DO RIO PRETO;SAO JOSE DO RIO PRETO;ONDA VERDE;TODOS;0.0;0.0;0.0;0.0;32.4;35.0;353400;ONDA VERDE;703.4;835.25;3132.4;594.2;4430.0;3531;RRAS12;3515;DRS-15 Sao Jose do Rio Preto;35155;Sao Jose do Rio Preto;190;26;36;134;25;174;16;13;22;4;30;6;126;8;22;3;6;31–60 min;0.16;0.13;8.39615486303918;0.08;857.79;739.27;841.47;0.1368;0.1316;72.23;0.0;1.0;1.0;0.0;0.0053;0.0053;0
642;642;1;0;PIRACICABA;PIRACICABA;PIRACICABA;TODOS;0.0;0.0;0.0;0.0;0.0;0.0;353870;PIRACICABA;58954.0;69569.0;290572.8;60091.8;409618.6;3529;RRAS14;3510;DRS-10 Piracicaba;35103;Piracicaba;5555;529;649;4172;790;5444;111;74;471;58;585;64;4127;45;782;8;237;Local;0.14;0.15;12.922981761832675;0.02;271.23;179.46;262.93;0.0952;0.1422;5.42;7.0;13.0;20.0;0.0013;0.0023;0.0036;0
643;643;0;0;PIRACICABA;PIRACICABA;RIO DAS PEDRAS;TODOS;0.0;0.0;0.0;0.0;16.4;22.0;354400;RIO DAS PEDRAS;5179.2;6137.75;22896.8;3642.0;31718.0;3529;RRAS14;3510;DRS-10 Piracicaba;35103;Piracicaba;61;7;7;40;14;58;3;2;6;1;6;1;39;1;13;1;5;≤30 min;0.16;0.11;10.364639622058545;0.05;38.46;27.03;76.88;0.1148;0.2295;1.89;0.0;1.0;0.0;0.0;0.0164;0.0;0
644;644;1;0;CARAGUATATUBA;ILHABELA;ILHABELA;TODOS;0.0;0.0;0.0;0.0;0.0;0.0;352040;ILHABELA;5633.0;6648.5;23899.6;3416.4;32949.0;3526;RRAS17;3517;DRS-17 Taubate;35173;Litoral Norte;8;1;1;7;0;6;2;0;0;1;0;1;6;1;0;0;3;Local;0.17;0.1;10.402716190456456;0.25;4.86;3.55;0.0;0.125;0.0;1.21;0.0;0.0;0.0;0.0;0.0;0.0;1
