 População Residente - Estudo de Estimativas Populacionais por Município, Idade e Sexo 2000-2025 - Brasil
População residente por Município e Idade simples
Unidade da Federação: São Paulo
Período:2022
"Município";"Menos que 1 ano de idade";"1  ano";"2  anos";"3  anos";"4  anos";"5  anos";"6  anos";"7  anos";"8  anos";"9  anos";"10 anos";"11 anos";"12 anos";"13 anos";"14 anos";"15 anos";"16 anos";"17 anos";"18 anos";"19 anos";"20 anos";"21 anos";"22 anos";"23 anos";"24 anos";"25 anos";"26 anos";"27 anos";"28 anos";"29 anos";"30 anos";"31 anos";"32 anos";"33 anos";"34 anos";"35 anos";"36 anos";"37 anos";"38 anos";"39 anos";"40 anos";"41 anos";"42 anos";"43 anos";"44 anos";"45 anos";"46 anos";"47 anos";"48 anos";"49 anos";"50 anos";"51 anos";"52 anos";"53 anos";"54 anos";"55 anos";"56 anos";"57 anos";"58 anos";"59 anos";"60 anos";"61 anos";"62 anos";"63 anos";"64 anos";"65 anos";"66 anos";"67 anos";"68 anos";"69 anos";"70 anos";"71 anos";"72 anos";"73 anos";"74 anos";"75 anos";"76 anos";"77 anos";"78 anos";"79 anos";"80 anos e mais";"Total"
"350010 ADAMANTINA";397;391;396;402;398;386;388;393;383;383;385;384;385;391;394;398;410;420;426;433;442;452;462;466;463;462;461;464;473;488;504;519;532;539;542;541;538;536;531;528;527;523;520;514;508;501;497;493;491;491;490;488;488;489;491;495;496;495;491;485;474;465;452;437;421;401;380;360;341;323;307;292;277;263;249;234;221;208;198;192;1298;35652
"350020 ADOLFO";50;52;54;56;57;58;59;60;59;58;56;55;55;54;54;56;57;58;58;56;54;53;52;53;54;55;56;58;59;59;59;59;60;61;62;64;66;65;65;63;61;59;58;56;55;54;53;52;54;56;57;59;60;62;63;64;65;64;64;61;58;56;54;52;51;50;49;47;45;42;39;36;33;31;30;28;27;25;23;22;107;4381
"350030 AGUAI";431;434;447;458;459;450;455;463;455;456;461;460;460;464;462;463;471;476;477;480;483;490;496;499;499;499;498;497;493;487;480;472;471;477;488;502;513;520;522;517;511;504;495;483;471;458;447;436;428;420;414;407;401;396;394;391;389;385;380;372;365;356;347;335;323;307;291;275;260;245;232;219;205;190;174;157;139;122;105;90;677;33081
"350040 AGUAS DA PRATA";65;71;78;84;87;88;91;93;93;91;89;86;84;84;83;82;83;84;83;83;83;84;84;84;83;82;82;83;83;86;88;90;94;96;100;103;106;109;111;110;109;108;108;106;107;105;104;103;101;98;96;93;92;93;96;99;103;107;108;107;107;106;105;105;105;104;102;100;94;89;82;75;69;64;60;56;52;49;47;43;364;7544
"350050 AGUAS DE LINDOIA";165;171;181;191;196;196;202;209;209;213;219;220;221;224;224;223;227;229;227;225;224;225;226;227;228;229;231;233;233;234;234;235;238;243;251;258;266;273;279;284;289;294;294;291;284;275;267;261;259;258;258;257;256;257;255;255;253;251;247;243;236;231;225;219;214;207;200;192;184;176;168;160;152;142;133;123;111;99;86;73;616;18274
"350055 AGUAS DE SANTA BARBARA";75;79;84;89;91;92;96;100;100;103;106;107;107;108;106;104;105;104;100;97;93;90;87;87;86;86;86;87;88;88;90;91;91;93;94;94;97;97;97;98;98;98;99;100;100;101;102;102;100;98;95;93;91;91;92;94;95;96;96;96;95;93;92;90;86;83;79;76;72;69;66;63;60;55;51;46;41;36;30;26;212;7231
"350060 AGUAS DE SAO PEDRO";18;21;23;24;25;25;26;27;28;29;31;32;33;33;32;30;29;29;29;31;32;34;34;34;33;31;29;29;28;28;28;29;29;30;32;34;34;36;37;37;37;38;37;39;38;38;37;36;37;37;37;38;37;37;36;36;36;36;37;40;43;46;48;49;48;46;45;42;41;38;37;35;34;32;29;27;25;24;22;22;182;2852
"350070 AGUDOS";486;503;529;547;553;544;550;559;551;552;559;556;552;548;537;526;524;522;519;521;527;536;546;552;554;555;558;561;563;564;566;566;570;578;588;597;605;611;612;611;608;605;601;593;584;574;564;552;539;523;506;489;473;460;451;444;436;428;421;413;405;396;387;377;363;347;330;314;294;276;258;240;223;207;191;176;161;146;133;122;849;38617
"350075 ALAMBARI";73;78;82;87;88;88;88;91;90;91;93;93;92;92;90;88;87;86;85;86;87;88;89;90;88;88;88;87;87;88;87;88;88;91;94;97;100;101;101;99;97;94;90;88;87;84;82;79;78;75;72;69;67;66;66;67;67;67;68;69;69;71;70;69;68;66;63;60;56;53;49;46;42;38;34;30;26;22;18;14;104;6174
"350080 ALFREDO MARCONDES";51;52;54;56;55;54;54;55;55;55;55;57;56;56;54;53;53;54;53;54;55;56;57;57;57;57;57;56;57;57;57;56;57;58;58;57;58;58;60;62;65;66;68;68;66;64;62;60;61;61;62;61;62;62;62;60;60;59;60;60;59;59;59;57;54;49;46;42;40;39;38;37;36;35;34;33;32;33;34;37;172;4507
"350090 ALTAIR";39;42;45;48;50;50;51;52;51;51;51;49;48;48;48;48;50;50;49;49;50;51;51;51;49;48;47;47;47;48;49;50;52;52;53;54;54;55;55;56;58;59;59;58;56;52;49;47;45;45;44;45;44;43;43;43;43;42;42;41;38;37;35;33;32;31;29;28;26;25;24;23;22;20;19;18;18;18;16;15;77;3530
"350100 ALTINOPOLIS";204;210;221;229;231;227;230;234;229;228;228;226;222;223;221;219;221;222;223;226;230;236;241;245;247;249;252;252;251;249;245;243;242;243;248;253;258;262;265;268;271;272;270;262;252;238;226;216;208;205;201;199;197;197;200;201;204;205;202;197;191;185;180;176;174;171;167;161;153;144;134;124;115;107;101;94;89;83;78;70;487;17060
"350110 ALTO ALEGRE";34;36;39;40;40;39;40;42;43;45;47;48;48;49;47;46;45;44;43;44;43;44;43;43;42;41;42;42;42;44;46;49;50;52;53;54;54;56;57;57;59;60;61;60;59;57;55;54;54;54;53;52;54;54;55;55;55;56;56;56;55;54;54;52;50;48;46;45;44;44;43;44;43;42;40;36;33;30;26;22;158;3941
"350115 ALUMINIO";227;230;239;248;252;251;257;261;257;255;254;251;249;253;257;262;271;276;277;274;273;271;271;268;265;261;257;256;253;253;252;252;254;258;265;273;279;285;288;287;286;284;281;277;272;267;261;255;248;240;231;222;215;210;207;206;204;200;193;186;175;167;158;150;144;136;130;123;116;110;103;98;92;87;81;75;69;62;55;48;294;17640
"350120 ALVARES FLORENCE";37;37;38;39;39;39;40;42;42;43;45;46;48;48;49;49;49;49;49;48;47;47;46;45;44;43;42;41;40;41;41;41;43;44;45;46;47;49;50;53;54;56;57;57;56;54;52;52;51;53;54;55;57;58;58;58;58;60;60;60;62;61;63;62;61;60;58;56;53;51;47;44;41;39;36;33;32;30;28;26;160;3994
"350130 ALVARES MACHADO";353;363;379;394;400;396;400;404;391;383;375;362;353;353;354;360;370;378;381;383;387;391;398;404;408;413;416;418;417;414;408;401;397;398;399;402;405;406;408;409;411;413;411;405;393;382;370;363;359;361;364;366;365;364;361;356;350;343;335;324;312;301;289;278;266;253;239;227;213;201;189;177;167;158;147;138;129;122;115;109;649;27706
"350140 ALVARO DE CARVALHO";36;40;44;46;46;44;44;45;44;46;47;48;48;49;47;46;46;48;51;57;67;76;84;90;96;98;102;106;109;113;119;123;125;125;121;116;112;108;105;105;105;104;101;96;88;79;71;64;59;55;51;48;46;43;42;41;39;40;39;38;38;37;38;38;37;36;34;33;32;30;27;25;22;21;19;18;17;17;16;14;75;4895
"350150 ALVINLANDIA";34;36;39;40;41;40;41;41;42;43;43;43;43;43;43;41;41;41;41;42;42;43;44;45;44;44;43;42;41;40;38;37;36;36;37;38;39;40;42;44;46;46;47;47;45;44;41;40;39;40;41;40;41;40;38;37;35;34;33;33;33;33;33;32;30;28;26;25;23;23;22;22;20;20;18;15;13;10;9;6;72;2953
"350160 AMERICANA";2622;2675;2786;2886;2919;2881;2921;2971;2916;2897;2904;2875;2851;2870;2872;2888;2953;2996;3010;3029;3057;3104;3176;3243;3307;3381;3461;3537;3609;3672;3723;3771;3828;3895;3966;4030;4078;4111;4122;4117;4109;4090;4036;3938;3808;3664;3528;3421;3359;3330;3311;3285;3259;3229;3194;3156;3117;3072;3022;2964;2898;2831;2755;2665;2556;2433;2302;2166;2033;1904;1780;1662;1547;1435;1328;1224;1127;1035;957;898;6063;243401
"350170 AMERICO BRASILIENSE";408;419;440;459;466;463;471;483;477;476;480;478;476;482;484;486;498;506;511;518;527;536;546;551;550;547;545;543;538;533;526;521;516;515;518;520;522;529;536;549;563;575;579;573;556;536;516;499;487;480;474;467;456;445;431;417;402;387;372;358;344;329;314;298;281;263;244;227;211;196;183;171;159;147;135;123;113;103;93;88;488;34232
"350180 AMERICO DE CAMPOS";61;62;63;64;64;62;63;65;65;68;72;75;75;77;75;72;72;72;73;76;78;83;85;86;83;80;76;74;72;72;73;73;74;75;76;77;78;79;81;84;87;89;90;90;87;84;80;79;78;79;81;81;83;85;85;86;86;86;85;84;82;80;78;77;75;73;70;67;64;60;56;52;49;45;43;40;39;37;36;34;204;5981
"350190 AMPARO";686;725;772;817;840;840;858;873;851;832;819;794;776;778;785;798;826;850;871;896;924;954;977;982;966;946;930;925;939;971;1009;1045;1080;1106;1123;1134;1142;1148;1153;1157;1164;1168;1159;1135;1098;1058;1018;987;967;958;950;939;926;910;892;871;852;835;820;808;797;786;775;761;743;720;695;665;631;594;555;519;484;452;421;391;361;331;306;278;2120;69798
"350200 ANALANDIA";59;61;63;66;67;66;67;68;67;66;65;64;63;62;63;63;63;64;64;63;62;62;61;62;61;62;61;62;62;61;63;62;63;65;67;70;72;74;77;77;77;76;75;74;70;66;63;60;58;57;56;55;54;53;53;53;53;54;54;56;57;58;57;54;51;46;41;37;34;32;31;29;27;25;24;22;20;20;21;24;131;4648
"350210 ANDRADINA";656;678;712;743;755;748;760;774;761;758;758;751;743;744;741;740;753;762;765;771;779;792;809;824;835;848;862;873;881;887;889;889;896;909;927;945;960;970;972;968;961;955;943;928;908;888;870;854;844;837;830;820;812;804;795;788;779;769;759;749;736;723;706;681;652;618;583;549;518;492;469;446;423;400;376;352;330;310;293;285;1678;61101
"350220 ANGATUBA";322;328;342;353;356;351;354;360;352;349;350;345;340;341;338;338;343;345;346;348;352;357;361;360;353;346;341;337;335;339;341;344;349;352;356;360;361;363;363;362;360;360;356;349;342;332;323;318;314;314;314;314;314;312;310;307;303;298;294;288;282;274;265;256;245;231;218;203;191;178;166;155;144;134;123;112;102;93;86;80;473;24366
"350230 ANHEMBI";85;82;81;82;80;79;80;83;82;85;88;90;92;95;95;95;96;97;93;89;84;80;78;76;77;78;79;80;79;78;76;75;73;72;72;71;71;72;73;77;80;82;85;86;85;84;83;82;80;79;77;76;73;72;70;69;68;68;66;66;66;65;65;64;61;59;55;52;49;47;44;42;39;36;32;29;26;21;19;16;107;5795
"350240 ANHUMAS";51;51;53;55;56;56;56;58;57;55;54;53;52;52;54;54;56;57;57;56;54;54;53;53;54;56;57;58;58;57;56;55;55;55;57;59;60;61;61;61;61;61;61;59;57;55;53;52;51;53;54;55;55;55;55;52;51;50;49;50;49;48;48;45;43;39;35;32;31;30;29;29;28;27;25;23;21;20;20;21;125;4084
"350250 APARECIDA";379;388;405;424;432;430;438;446;437;429;425;416;410;414;420;428;443;454;458;461;465;469;476;478;477;476;476;477;480;484;489;492;496;501;505;507;509;512;514;516;521;524;521;510;492;472;454;441;436;439;445;449;453;454;454;451;449;445;437;428;416;405;393;381;370;356;341;323;303;282;261;239;220;203;188;173;160;146;135;123;770;33799
"350260 APARECIDA D'OESTE";38;39;43;45;45;46;47;48;47;48;47;45;46;46;47;47;49;50;51;52;54;54;55;55;53;51;49;47;46;46;44;44;43;44;44;45;46;47;48;50;53;55;57;59;60;61;62;62;64;64;66;66;66;66;66;67;67;66;66;64;62;60;58;57;56;55;53;51;49;48;45;43;40;38;36;33;30;26;23;19;158;4188
"350270 APIAI";311;320;334;351;358;357;367;378;373;373;375;372;369;373;375;380;390;395;392;385;378;373;371;369;368;367;368;366;365;364;362;359;359;357;357;358;358;358;359;362;364;369;369;367;364;358;354;348;346;344;340;335;330;324;315;307;299;291;283;276;270;262;254;244;231;218;203;190;180;170;162;153;145;136;126;116;106;98;89;84;469;25195
"350275 ARACARIGUAMA";345;342;347;354;352;343;345;347;337;332;330;326;323;327;329;333;342;347;349;352;353;356;358;355;347;340;333;329;328;330;334;337;342;346;349;352;353;352;347;340;332;324;314;306;297;288;280;273;267;260;255;248;241;236;230;224;219;212;208;204;199;194;188;179;168;155;141;131;121;114;109;104;98;90;83;74;66;59;53;50;260;21537
"350280 ARACATUBA";2113;2233;2386;2509;2556;2532;2569;2617;2573;2565;2577;2551;2517;2502;2460;2423;2435;2451;2481;2547;2637;2736;2831;2885;2899;2904;2913;2923;2935;2952;2963;2976;3005;3054;3118;3185;3242;3287;3312;3320;3324;3323;3298;3242;3165;3079;2995;2924;2876;2843;2810;2773;2744;2723;2709;2697;2682;2652;2602;2536;2455;2376;2299;2222;2142;2057;1963;1866;1767;1669;1573;1480;1390;1302;1217;1131;1048;964;883;807;5463;205745
"350290 ARACOIABA DA SERRA";297;323;350;378;396;402;417;433;431;431;433;428;423;427;426;428;435;439;436;434;432;431;429;422;411;399;388;382;383;389;398;407;418;431;444;457;471;482;493;502;513;521;525;523;514;504;495;485;478;471;463;455;451;448;449;451;454;456;457;458;458;456;453;444;430;413;391;369;345;320;294;269;245;222;200;180;162;143;129;116;724;33070
"350300 ARAMINA";53;57;63;67;69;70;73;75;75;76;76;76;74;75;74;73;74;73;71;69;67;65;66;67;68;71;74;76;77;79;78;79;79;81;82;83;85;85;84;82;80;77;76;74;74;73;73;73;73;73;73;71;72;73;74;76;78;78;77;75;72;69;66;63;61;58;55;51;48;44;41;38;36;33;32;30;29;28;29;30;176;5523
"350310 ARANDU";98;99;103;105;105;102;103;103;101;100;101;100;98;98;96;95;96;96;97;99;101;103;105;106;104;102;100;99;99;99;100;101;102;103;101;100;98;99;97;97;97;97;97;97;96;95;94;93;92;92;91;89;88;85;82;80;76;75;73;73;74;74;75;73;71;68;66;63;58;55;51;47;44;40;36;33;31;28;25;23;147;6955
"350315 ARAPEI";26;26;27;27;27;27;28;29;30;31;33;33;34;35;35;35;35;35;34;33;33;32;31;30;30;29;28;29;29;29;29;29;30;30;30;29;29;30;30;30;30;29;30;31;31;32;32;32;33;33;34;34;34;35;36;38;38;39;38;36;34;32;31;30;30;29;29;27;26;23;20;18;17;14;13;12;11;11;10;9;64;2381
"350320 ARARAQUARA";2561;2697;2873;3024;3094;3076;3134;3195;3138;3116;3116;3071;3026;3022;3001;2993;3041;3080;3110;3163;3236;3324;3422;3494;3539;3583;3632;3679;3727;3776;3813;3849;3893;3948;4008;4062;4103;4135;4156;4165;4176;4174;4128;4025;3880;3714;3557;3423;3330;3271;3220;3167;3122;3090;3064;3043;3020;2990;2947;2893;2828;2762;2689;2606;2509;2397;2277;2155;2033;1916;1803;1692;1584;1477;1370;1264;1162;1062;968;891;6418;248172
"350330 ARARAS";1487;1537;1613;1682;1708;1690;1714;1745;1710;1697;1696;1673;1653;1656;1650;1651;1684;1706;1717;1734;1760;1795;1839;1875;1902;1932;1963;1992;2017;2037;2050;2062;2079;2102;2128;2152;2169;2180;2187;2189;2193;2191;2169;2120;2052;1975;1902;1842;1803;1780;1760;1738;1720;1709;1699;1693;1682;1666;1637;1599;1552;1505;1456;1404;1348;1285;1218;1150;1083;1018;957;897;838;781;724;669;616;564;515;475;3319;134117
"350335 ARCO-IRIS";23;25;28;30;31;30;32;32;32;30;29;26;25;25;25;26;27;27;28;28;28;28;28;28;27;27;26;25;25;24;24;23;24;25;27;29;31;33;33;32;32;30;30;28;27;25;23;23;23;24;25;25;27;28;29;29;30;30;31;29;29;29;29;27;25;22;20;18;16;16;16;15;15;15;14;13;13;12;13;13;60;2084
"350340 AREALVA";93;94;98;100;102;100;102;104;102;102;101;100;99;100;101;102;105;106;105;104;103;101;100;100;101;101;102;101;101;100;99;99;99;100;101;104;106;107;109;111;113;115;116;116;115;114;112;109;107;104;101;98;98;100;105;112;120;125;125;126;123;120;119;114;112;107;103;99;93;89;84;80;75;70;66;61;58;54;50;47;287;8307
"350350 AREIAS";50;49;50;50;51;49;51;51;50;50;51;49;50;51;52;52;54;55;55;53;52;51;50;49;49;49;48;49;49;48;48;48;49;48;49;49;48;49;51;54;57;59;61;60;58;54;52;48;47;46;45;44;44;45;44;45;45;45;45;43;42;40;39;38;37;36;34;32;30;28;25;23;20;19;17;17;16;14;15;15;104;3638
"350360 AREIOPOLIS";136;138;144;147;148;146;147;150;149;151;154;155;156;156;155;154;156;157;159;162;165;168;171;170;166;160;156;152;153;155;158;160;162;164;163;163;162;161;160;160;160;159;157;154;150;144;140;137;137;139;142;143;143;142;139;134;129;123;116;109;102;94;88;82;77;73;68;64;60;57;52;49;47;43;41;37;34;30;27;22;168;10361
"350370 ARIRANHA";83;82;84;86;88;88;90;93;92;92;92;92;93;95;98;102;106;108;109;105;104;101;99;99;100;101;103;104;104;103;101;100;100;102;108;114;119;124;126;126;126;126;125;125;125;126;126;124;122;118;114;110;105;103;102;102;102;101;99;96;93;91;88;87;85;84;82;79;76;72;67;63;59;54;51;47;43;39;34;29;215;7831
"350380 ARTUR NOGUEIRA";664;675;698;720;726;714;725;738;726;724;728;725;723;730;732;737;754;766;772;780;790;802;816;820;817;813;811;808;806;804;802;798;802;815;832;852;868;877;878;871;861;849;832;810;785;759;733;712;696;684;672;660;646;632;619;605;589;574;559;543;526;510;494;476;455;433;411;386;360;335;309;286;263;242;220;200;182;165;148;133;875;52268
"350390 ARUJA";1071;1115;1176;1232;1260;1256;1284;1315;1297;1293;1297;1283;1273;1284;1288;1298;1330;1351;1363;1377;1394;1414;1430;1423;1396;1364;1336;1310;1289;1276;1263;1255;1259;1283;1321;1367;1407;1439;1461;1470;1475;1476;1461;1428;1381;1325;1272;1225;1190;1164;1140;1112;1088;1066;1048;1031;1013;992;964;932;896;861;829;797;765;731;695;655;611;564;516;471;428;388;352;318;286;254;225;193;1297;88515
"350395 ASPASIA";21;22;23;24;24;24;24;24;24;24;23;23;21;22;22;22;22;24;22;22;21;21;21;21;21;21;21;21;21;20;20;19;19;19;21;22;24;24;25;26;26;26;26;26;26;25;24;24;25;27;28;28;29;30;31;31;31;31;30;28;26;24;23;21;21;20;19;18;19;18;19;18;18;18;17;15;14;13;10;8;60;1856
"350400 ASSIS";1020;1100;1190;1271;1315;1319;1353;1386;1365;1360;1359;1339;1317;1312;1300;1294;1311;1324;1334;1356;1385;1421;1457;1479;1488;1495;1504;1514;1521;1530;1535;1540;1548;1560;1577;1591;1602;1613;1623;1633;1646;1656;1649;1622;1578;1526;1478;1437;1413;1399;1389;1375;1364;1356;1351;1347;1339;1326;1304;1274;1238;1202;1163;1123;1078;1029;976;922;870;820;772;725;679;635;591;548;506;466;428;398;2696;104235
"350410 ATIBAIA";1818;1917;2040;2145;2189;2172;2209;2249;2207;2191;2189;2154;2117;2103;2073;2050;2064;2072;2076;2097;2132;2175;2213;2220;2199;2172;2154;2152;2175;2220;2272;2326;2384;2445;2504;2558;2604;2643;2673;2694;2715;2726;2710;2657;2577;2481;2388;2304;2238;2185;2133;2078;2032;1994;1965;1942;1917;1887;1850;1805;1755;1707;1657;1608;1553;1492;1427;1356;1285;1212;1140;1070;1001;935;869;802;736;669;602;539;3985;161031
"350420 AURIFLAMA";141;146;154;161;167;166;171;175;173;171;170;166;164;165;167;169;173;175;175;174;173;172;172;173;175;178;180;183;187;190;194;196;199;200;201;201;200;199;201;204;207;211;213;212;210;207;205;201;198;196;193;190;188;190;195;201;206;207;205;198;189;180;172;164;157;150;143;136;130;123;118;113;107;102;96;90;84;79;72;67;431;14037
"350430 AVAI";63;63;65;66;67;66;66;68;65;64;62;61;60;60;61;61;63;64;64;63;63;62;63;63;64;65;66;66;67;66;65;65;64;64;65;66;67;67;67;66;64;63;62;61;61;61;61;61;61;61;59;59;58;58;58;59;58;58;57;56;55;54;53;52;50;48;45;42;39;37;34;32;30;27;25;23;21;20;18;18;91;4583
"350440 AVANHANDAVA";122;130;140;148;150;148;151;153;153;154;157;157;156;157;154;152;154;158;164;174;188;201;213;223;227;229;231;231;227;220;211;201;195;190;185;183;181;177;175;174;172;171;168;164;158;151;145;140;137;136;136;134;133;131;129;126;123;121;117;114;110;106;102;98;94;90;86;81;76;70;65;61;57;52;49;45;42;39;37;35;205;11500
"350450 AVARE";1156;1194;1253;1304;1326;1311;1329;1349;1318;1300;1291;1266;1245;1246;1244;1247;1274;1293;1303;1316;1335;1358;1383;1396;1397;1397;1398;1401;1404;1409;1412;1415;1423;1439;1460;1483;1499;1512;1514;1511;1507;1500;1483;1458;1426;1390;1354;1318;1285;1249;1212;1173;1142;1120;1109;1101;1093;1081;1065;1044;1018;994;967;937;902;863;820;777;737;697;661;623;585;546;505;464;423;382;340;305;2167;94934
"350460 BADY BASSITT";404;403;413;418;412;396;391;389;377;372;370;364;357;351;340;331;329;327;327;333;343;355;372;388;405;422;441;458;472;482;491;497;503;508;510;512;511;506;498;488;478;467;453;437;420;402;385;369;353;339;324;309;298;288;283;279;275;270;264;257;247;238;228;220;209;199;188;176;164;152;140;130;120;110;101;93;85;79;73;69;454;26991
"350470 BALBINOS";10;13;17;18;19;18;18;18;18;18;19;18;18;18;17;17;18;20;22;26;31;38;47;64;84;107;129;147;154;155;150;142;138;134;133;131;128;125;122;116;112;106;100;93;85;78;69;62;55;49;42;35;32;29;28;29;27;27;26;23;21;18;17;17;18;18;18;19;19;17;15;13;12;12;11;10;9;8;6;3;44;4067
"350480 BALSAMO";102;103;107;110;110;109;110;113;113;116;119;120;122;123;122;121;121;121;121;121;122;123;126;128;129;131;133;135;136;136;136;136;137;139;141;144;146;147;148;149;149;150;148;147;145;142;140;138;138;137;137;136;135;134;134;134;133;131;128;125;121;116;113;108;103;98;93;88;84;81;78;74;71;67;63;59;53;49;44;40;269;9659
"350490 BANANAL";142;135;133;131;128;124;124;125;124;124;126;127;128;133;136;140;146;150;151;149;149;148;147;144;140;136;132;130;130;132;133;136;138;140;141;143;143;144;144;145;146;147;146;146;145;144;142;141;140;139;138;136;135;135;136;136;137;135;132;127;122;116;112;108;104;101;97;92;88;84;81;78;74;70;66;62;57;53;48;42;273;10182
"350500 BARAO DE ANTONINA";50;50;51;52;51;50;51;51;52;53;54;55;55;55;55;53;53;52;51;50;49;49;49;49;48;48;47;48;47;46;45;45;45;45;47;47;48;48;49;49;50;50;50;49;47;45;44;42;42;42;42;42;43;42;42;42;41;41;41;40;40;39;39;40;40;41;40;39;37;35;31;27;25;23;22;20;19;15;15;13;96;3565
"350510 BARBOSA";72;73;76;80;83;82;84;85;84;82;81;79;77;77;79;82;83;85;85;84;82;82;82;82;83;84;83;84;84;84;83;82;82;81;80;80;79;78;77;77;76;75;75;74;74;74;74;74;75;74;74;74;73;74;74;74;74;74;73;71;69;66;64;63;61;59;57;54;51;48;45;42;39;37;34;33;31;29;27;25;135;5791
"350520 BARIRI";403;404;415;425;427;417;421;426;417;413;414;409;407;410;412;414;425;433;437;443;450;458;465;468;465;463;460;456;453;448;444;441;442;450;463;479;491;499;500;493;484;476;468;460;455;451;447;441;433;423;411;398;392;392;398;409;418;422;420;412;401;390;378;366;354;341;326;309;292;273;256;238;222;206;194;180;169;158;149;141;945;32558
"350530 BARRA BONITA";347;349;360;371;373;367;374;383;381;386;394;398;401;408;407;409;416;421;420;419;421;424;429;434;436;441;446;453;462;471;481;492;502;514;527;540;551;560;568;573;579;584;585;582;576;566;558;551;544;537;528;520;514;513;514;517;519;517;508;494;477;460;444;428;411;394;375;355;334;313;293;274;255;238;222;206;192;178;164;153;1051;35532
"350535 BARRA DO CHAPEU";90;84;81;80;78;74;74;74;73;75;78;80;81;84;85;86;87;89;88;86;83;82;82;79;79;78;78;77;76;74;73;71;69;70;71;72;73;76;78;79;80;82;82;81;78;75;71;69;67;66;64;63;62;61;61;61;61;60;59;56;54;52;49;47;45;42;40;38;36;33;30;28;26;24;23;22;21;21;21;21;98;5277
"350540 BARRA DO TURVO";112;105;105;103;100;96;97;100;101;105;112;117;120;123;122;120;121;118;112;106;100;94;89;85;81;78;75;74;74;78;81;85;89;91;93;93;93;95;96;97;98;99;100;100;97;95;92;90;90;89;88;87;88;87;87;86;85;84;83;81;78;77;76;76;76;76;76;73;69;63;56;50;44;41;39;38;37;35;35;34;186;7077
"350550 BARRETOS";1358;1437;1534;1618;1658;1650;1677;1703;1661;1635;1618;1578;1543;1535;1524;1521;1548;1571;1592;1625;1669;1721;1772;1800;1809;1811;1819;1835;1865;1906;1946;1985;2020;2052;2076;2090;2097;2099;2096;2090;2084;2074;2044;1991;1920;1842;1768;1704;1656;1621;1588;1556;1535;1526;1526;1533;1537;1530;1507;1469;1421;1372;1323;1273;1220;1162;1100;1039;981;925;874;824;775;727;677;629;582;536;492;458;2908;125453
"350560 BARRINHA";477;478;490;502;501;491;495;503;495;496;503;502;503;507;506;506;514;519;520;522;527;532;538;536;530;521;515;511;510;514;518;522;528;538;548;559;566;570;566;558;546;535;520;505;488;471;455;439;425;412;398;385;373;362;355;347;339;330;321;309;296;283;270;256;242;226;211;195;179;164;150;137;125;113;103;93;84;77;71;68;413;32808
"350570 BARUERI";3431;3799;4184;4542;4774;4852;5019;5159;5064;4989;4915;4765;4634;4605;4588;4605;4697;4744;4740;4730;4732;4756;4795;4797;4771;4750;4745;4762;4812;4891;4976;5066;5179;5317;5468;5613;5741;5846;5921;5965;6004;6004;5941;5792;5575;5319;5062;4810;4574;4351;4121;3891;3687;3518;3380;3263;3151;3046;2948;2853;2759;2671;2578;2473;2352;2219;2079;1939;1799;1663;1530;1402;1279;1159;1043;929;821;716;624;541;3483;319088
"350580 BASTOS";260;262;271;280;283;279;285;292;289;289;291;290;289;293;296;298;306;311;310;309;308;307;309;310;310;311;311;311;308;303;298;292;289;290;296;303;307;312;314;312;312;311;308;307;303;300;298;297;299;304;307;310;312;310;307;302;297;290;283;276;267;258;250;240;229;216;205;191;180;172;163;154;145;136;125;115;106;96;86;78;562;21891
"350590 BATATAIS";695;702;727;746;751;737;746;759;748;749;756;755;753;761;760;763;779;789;792;797;806;818;834;846;856;867;877;884;889;888;884;880;881;888;900;914;925;932;939;942;946;945;935;908;869;826;787;756;741;740;743;745;746;745;741;735;731;725;718;710;699;688;675;660;639;615;588;559;531;502;475;447;420;393;366;339;313;285;260;239;1724;59924
"350600 BAURU";4382;4514;4724;4910;4977;4916;4984;5063;4959;4917;4912;4849;4800;4831;4844;4883;5016;5131;5235;5366;5528;5704;5879;5987;6028;6052;6075;6078;6055;6011;5945;5881;5861;5900;5986;6086;6169;6232;6265;6269;6269;6256;6190;6059;5879;5675;5477;5305;5173;5070;4971;4866;4780;4715;4669;4633;4593;4537;4460;4360;4243;4129;4006;3877;3732;3568;3393;3211;3028;2848;2674;2506;2347;2194;2046;1904;1769;1639;1522;1425;9716;387918
"350610 BEBEDOURO";945;949;977;1000;1001;979;985;998;978;974;980;973;967;973;969;968;984;994;996;1001;1012;1026;1045;1058;1066;1073;1083;1093;1103;1115;1123;1132;1145;1166;1190;1213;1233;1248;1255;1254;1253;1250;1239;1217;1190;1160;1130;1105;1087;1074;1059;1044;1029;1015;1001;987;972;956;939;918;895;875;852;827;801;771;738;706;673;642;612;581;549;517;483;447;410;372;331;294;2204;78429
"350620 BENTO DE ABREU";31;35;37;40;41;40;41;42;41;40;39;37;36;35;35;34;34;34;33;34;35;36;36;36;36;36;36;37;38;38;40;40;42;40;40;39;37;36;36;37;38;40;40;39;38;37;36;35;37;37;37;38;39;39;36;35;33;32;31;30;29;28;27;26;25;24;22;21;19;18;18;16;15;14;14;12;12;11;11;11;67;2657
"350630 BERNARDINO DE CAMPOS";127;131;138;143;144;142;144;145;142;140;139;136;135;135;133;134;137;140;142;147;151;158;165;172;180;187;194;200;205;207;208;207;206;203;200;196;191;186;182;178;174;170;167;162;159;154;151;148;145;142;140;138;137;138;140;145;148;149;145;140;133;126;119;115;112;110;106;103;99;94;89;85;80;76;73;70;67;63;58;53;396;11769
"350635 BERTIOGA";898;921;958;992;1002;988;1000;1017;998;993;995;984;976;979;976;974;990;999;1000;1005;1012;1023;1032;1028;1013;994;980;967;962;962;963;965;972;984;998;1013;1027;1036;1040;1040;1039;1037;1027;1011;987;961;934;907;878;848;815;781;751;727;709;693;677;660;640;619;595;573;552;532;509;485;461;434;406;379;349;320;294;267;240;215;190;164;139;113;730;64304
"350640 BILAC";67;73;80;87;90;91;94;97;96;95;95;93;90;90;89;87;88;88;89;89;91;93;94;95;95;96;96;96;97;98;99;101;102;103;104;106;107;108;108;110;110;111;112;111;111;110;109;108;108;109;108;107;106;104;101;98;95;93;91;91;91;90;89;88;86;83;81;78;74;72;68;65;62;59;55;51;47;42;38;34;247;7460
"350650 BIRIGUI";1298;1360;1447;1521;1554;1545;1575;1608;1585;1581;1589;1572;1553;1551;1536;1526;1542;1552;1555;1568;1590;1619;1652;1673;1682;1690;1702;1715;1729;1744;1755;1767;1784;1809;1839;1867;1893;1912;1928;1939;1952;1962;1960;1941;1911;1873;1838;1808;1790;1779;1763;1742;1721;1695;1666;1633;1599;1558;1511;1458;1400;1346;1293;1244;1197;1147;1094;1039;984;927;871;817;766;717;671;624;578;531;485;440;2825;122063
"350660 BIRITIBA MIRIM";381;388;402;416;423;419;427;439;435;436;441;441;441;448;452;458;471;479;481;481;482;484;485;480;469;457;446;437;431;426;422;420;421;425;431;440;447;452;452;449;446;442;437;431;422;415;408;403;401;400;400;397;394;388;381;373;365;355;345;335;324;313;302;292;281;268;257;244;234;222;213;201;190;179;168;155;142;129;114;100;601;30582
"350670 BOA ESPERANCA DO SUL";178;184;193;200;201;198;201;203;199;197;196;192;189;189;187;185;188;189;190;192;194;198;202;205;203;202;201;200;197;193;189;186;183;185;187;191;195;198;201;203;205;207;206;202;195;187;179;173;170;168;167;165;164;162;159;157;153;150;147;144;139;136;132;127;121;116;109;104;98;93;89;84;79;74;68;62;57;50;45;39;240;13286
"350680 BOCAINA";122;129;139;147;151;151;156;160;158;158;158;155;153;153;153;154;157;159;158;156;157;155;157;159;162;165;168;169;169;167;164;161;161;163;169;175;180;185;189;189;189;189;187;184;179;173;168;164;159;155;150;146;143;140;139;138;136;135;132;130;125;122;119;115;110;105;101;96;90;87;83;79;75;69;64;59;51;46;38;31;281;11473
"350690 BOFETE";121;124;131;136;141;141;145;150;147;146;146;144;142;144;147;149;153;156;154;151;147;144;142;140;137;135;133;130;128;125;122;119;119;122;129;135;142;147;150;151;151;151;150;149;149;149;149;148;146;145;142;140;138;138;139;140;142;142;141;140;137;135;132;130;129;127;124;119;113;106;99;90;84;76;70;65;60;54;48;41;290;10683
"350700 BOITUVA";725;761;806;846;861;855;871;889;875;873;878;869;858;858;848;840;847;850;848;851;858;870;883;891;890;891;893;899;908;920;931;943;959;983;1008;1034;1056;1071;1074;1068;1057;1044;1023;993;958;918;881;846;817;792;768;742;723;707;697;690;682;672;659;642;622;604;587;569;550;529;507;482;455;427;398;370;342;318;295;273;251;229;209;189;1117;61573
"350710 BOM JESUS DOS PERDOES";288;293;303;311;311;305;308;313;309;311;315;314;314;316;315;313;318;320;321;324;330;335;341;343;340;337;335;333;334;335;338;339;344;349;357;363;369;372;373;371;369;365;359;351;341;329;317;306;298;288;279;270;262;257;254;251;248;244;239;232;224;217;208;200;190;180;170;159;149;140;131;123;116;108;100;94;88;81;76;74;401;22248
"350715 BOM SUCESSO DE ITARARE";60;60;60;61;62;60;61;61;60;59;58;57;57;58;59;61;62;63;63;62;60;60;60;60;60;60;61;61;60;58;55;53;52;51;50;50;49;49;50;49;49;49;50;50;50;50;50;50;48;47;45;42;41;39;39;38;37;36;35;34;32;31;30;28;26;24;22;20;19;18;17;17;15;14;13;12;11;10;9;9;38;3606
"350720 BORA";15;14;14;14;13;12;12;12;12;12;12;12;12;12;12;12;12;12;11;11;10;10;10;10;11;10;11;11;12;12;11;11;12;13;13;13;13;13;14;15;15;15;14;15;14;13;12;12;12;11;11;11;12;12;12;12;12;13;13;13;11;11;10;10;10;10;10;10;10;8;8;8;8;7;6;6;5;4;3;2;17;911
"350730 BORACEIA";68;68;70;71;71;69;70;71;70;71;72;72;72;73;71;71;71;72;71;72;72;72;73;73;71;70;69;67;68;69;71;71;73;74;75;76;76;76;76;74;71;69;67;63;62;60;58;57;57;58;59;58;59;59;57;55;53;51;50;49;48;47;47;45;44;41;40;38;35;33;30;28;26;24;22;21;19;18;17;16;103;4776
"350740 BORBOREMA";142;147;155;163;169;169;174;180;178;177;177;174;173;175;178;182;189;192;192;190;187;186;185;185;184;184;185;185;187;186;185;186;187;190;196;202;207;211;216;218;221;222;224;222;220;215;213;210;207;204;202;198;197;197;200;203;205;206;206;204;199;195;190;183;176;166;158;148;139;131;125;118;111;104;95;88;81;74;67;62;462;14576
"350745 BOREBI";35;36;39;43;45;47;48;50;48;46;44;42;40;41;43;44;47;49;47;45;43;39;38;36;37;38;39;40;40;41;41;41;41;41;41;40;40;40;40;40;41;40;40;40;38;38;36;35;34;34;34;34;33;33;31;30;29;28;28;27;27;26;26;26;24;23;21;20;20;17;16;14;13;11;11;10;9;8;8;8;51;2747
"350750 BOTUCATU";1602;1677;1775;1867;1915;1914;1959;2004;1972;1958;1957;1930;1910;1925;1938;1961;2018;2059;2085;2115;2148;2190;2231;2246;2237;2224;2216;2210;2212;2220;2227;2236;2253;2282;2320;2357;2387;2407;2413;2404;2395;2380;2347;2295;2226;2151;2078;2012;1955;1907;1858;1807;1765;1735;1715;1699;1684;1665;1640;1611;1576;1542;1508;1470;1426;1377;1320;1259;1193;1126;1057;991;926;864;804;744;685;625;570;513;3855;148317
"350760 BRAGANCA PAULISTA";1966;2049;2158;2257;2299;2281;2320;2363;2318;2299;2295;2262;2236;2245;2249;2263;2320;2368;2407;2460;2526;2599;2669;2701;2698;2686;2679;2680;2691;2714;2737;2760;2792;2835;2885;2932;2971;3002;3021;3029;3035;3035;3006;2942;2851;2747;2644;2557;2489;2438;2390;2336;2285;2235;2184;2136;2089;2046;2007;1974;1939;1903;1857;1797;1718;1627;1533;1441;1362;1291;1226;1163;1098;1028;955;880;806;734;668;623;4016;180113
"350770 BRAUNA";82;79;79;80;77;75;75;75;73;72;72;72;71;72;71;72;72;73;74;74;75;76;77;77;78;77;77;77;76;75;74;72;71;71;71;72;72;73;74;75;76;77;77;76;75;73;71;71;70;72;72;72;71;70;67;63;60;58;58;59;60;62;63;61;58;54;51;47;44;42;40;38;36;34;32;30;28;26;27;27;218;5446
"350775 BREJO ALEGRE";26;27;30;31;33;33;34;34;34;35;35;35;35;35;35;35;35;36;35;34;34;34;33;33;33;34;34;34;33;34;34;34;33;33;33;33;32;33;35;39;43;47;49;49;47;44;40;37;36;36;36;36;36;36;36;34;33;34;34;34;33;32;32;31;30;28;27;25;24;23;21;21;20;19;17;16;15;13;13;12;55;2626
"350780 BRODOWSKI";328;330;340;348;351;345;348;353;346;341;339;334;329;333;337;342;353;360;362;361;363;365;369;371;373;375;378;381;386;393;398;401;404;407;409;408;406;403;399;396;392;388;382;376;368;359;352;344;339;335;330;325;320;316;312;309;306;301;294;285;276;267;258;248;238;227;215;204;195;186;177;168;160;149;138;127;113;100;86;73;621;25624
"350790 BROTAS";303;298;303;308;309;306;310;317;311;309;309;307;308;315;322;332;345;355;354;350;345;341;338;335;332;330;329;328;330;333;338;341;346;352;358;363;367;371;372;373;374;374;372;366;360;353;345;339;336;334;332;329;326;321;316;311;305;298;291;284;276;269;259;248;236;222;208;196;187;180;175;169;162;153;143;131;119;105;91;81;666;24235
"350800 BURI";323;322;329;337;336;330;334;339;336;336;340;339;339;342;343;343;349;351;347;341;336;331;327;321;311;303;296;290;288;290;293;296;299;304;308;313;316;317;314;309;302;295;288;280;273;267;260;253;249;245;240;235;229;225;221;216;211;206;202;198;193;188;182;174;165;154;143;133;125;119;113;107;102;94;86;77;68;60;52;46;318;20512
"350810 BURITAMA";173;183;197;208;215;214;221;227;228;232;238;240;239;238;234;228;226;223;218;215;213;213;214;213;212;212;213;215;217;221;225;229;233;237;239;241;243;244;245;246;247;248;249;246;244;241;239;239;241;247;253;258;260;259;257;252;247;243;240;239;237;236;232;224;217;205;193;181;169;158;148;138;128;120;112;104;97;92;89;88;438;17477
"350820 BURITIZAL";55;54;55;55;57;56;57;58;57;57;57;55;56;57;59;60;63;64;62;60;58;56;55;54;55;56;57;58;58;59;59;59;60;62;62;63;65;66;68;69;71;72;72;72;70;68;66;64;62;60;58;55;52;52;52;52;52;53;53;52;51;50;50;49;47;46;44;42;39;36;35;32;30;28;26;25;25;24;23;22;152;4437
"350830 CABRALIA PAULISTA";56;56;57;59;60;59;59;61;60;60;59;58;58;60;60;62;65;66;66;65;64;63;63;63;63;64;64;64;64;63;62;61;61;61;63;65;66;68;67;65;64;62;62;61;61;62;62;62;62;62;60;59;59;58;57;56;55;54;52;51;48;46;44;42;41;39;38;36;34;32;30;29;26;25;24;22;21;19;18;17;96;4388
"350840 CABREUVA";666;676;699;720;724;711;719;729;716;714;718;714;709;715;713;715;729;738;742;750;760;773;785;790;787;782;779;775;771;767;762;757;755;759;765;773;778;780;780;775;770;766;753;734;709;680;654;633;618;608;599;589;578;566;552;538;522;506;485;463;439;416;393;373;354;335;315;296;276;257;239;222;206;190;174;160;144;130;115;100;658;47885
"350850 CACAPAVA";1213;1243;1298;1343;1355;1334;1349;1373;1351;1348;1358;1350;1339;1339;1325;1311;1322;1325;1322;1327;1339;1356;1374;1375;1362;1348;1340;1337;1342;1355;1370;1388;1416;1458;1511;1566;1615;1651;1667;1668;1660;1648;1622;1580;1528;1471;1414;1367;1332;1306;1282;1256;1234;1218;1205;1195;1183;1168;1147;1122;1090;1059;1025;990;950;906;858;810;761;714;669;624;582;540;498;458;420;381;346;316;2078;98376
"350860 CACHOEIRA PAULISTA";404;409;423;439;444;441;449;459;450;448;448;443;440;445;446;451;462;467;463;458;451;448;445;441;436;433;430;428;428;427;429;431;436;443;453;464;473;483;493;502;512;519;521;515;501;483;465;449;436;424;413;402;396;396;400;409;415;416;411;396;379;362;346;332;321;310;298;285;271;257;243;229;216;203;189;175;162;147;131;115;742;32455
"350870 CACONDE";228;220;219;220;219;213;217;219;215;214;215;213;215;221;227;236;249;256;258;257;256;255;254;250;246;241;237;233;231;228;227;226;225;225;227;228;230;231;234;237;242;246;247;246;240;234;228;224;221;220;220;219;219;220;222;226;227;227;227;224;221;218;213;209;203;197;189;182;173;163;154;146;136;128;120;113;104;97;89;82;547;17515
"350880 CAFELANDIA";213;213;219;225;226;222;225;230;228;230;234;235;234;236;235;233;235;234;229;223;219;215;214;214;215;217;220;224;228;230;232;234;238;240;244;246;248;251;254;259;263;267;268;263;253;241;230;222;218;218;219;219;220;219;216;213;211;208;204;200;198;193;190;186;180;174;167;159;152;145;137;130;123;114;105;96;86;77;68;58;476;16987
"350890 CAIABU";41;42;45;46;45;44;43;45;46;48;50;51;52;51;49;45;45;42;41;42;42;43;43;44;45;47;50;51;53;53;55;56;56;56;56;55;53;52;51;51;51;50;50;49;49;49;48;49;49;50;50;50;51;53;56;57;59;61;61;60;59;56;55;52;49;43;40;36;33;32;31;30;29;27;24;23;21;20;20;21;125;3803
"350900 CAIEIRAS";1153;1189;1247;1302;1326;1319;1349;1386;1376;1385;1406;1406;1406;1420;1422;1425;1451;1465;1465;1465;1470;1480;1494;1497;1490;1485;1481;1475;1468;1458;1445;1435;1435;1448;1472;1500;1525;1543;1552;1556;1557;1556;1547;1526;1496;1464;1431;1405;1387;1373;1358;1339;1319;1298;1275;1251;1224;1189;1145;1094;1035;980;927;880;836;791;746;699;652;606;560;517;475;436;396;358;320;283;243;205;1350;97601
"350910 CAIUA";44;46;48;49;49;48;48;49;49;52;55;57;60;62;62;61;63;67;74;83;93;105;114;119;119;117;114;110;108;106;102;100;97;96;93;92;89;87;84;81;76;73;71;68;68;67;67;67;68;69;70;70;71;73;75;77;77;78;77;74;71;68;64;60;57;52;48;44;41;40;37;36;33;32;29;26;24;22;20;18;126;5536
"350920 CAJAMAR";1312;1352;1411;1461;1476;1451;1463;1480;1443;1424;1416;1390;1366;1361;1350;1344;1361;1374;1382;1396;1420;1450;1478;1491;1487;1481;1478;1480;1490;1505;1522;1539;1565;1601;1643;1685;1719;1740;1743;1731;1712;1687;1646;1589;1520;1444;1370;1302;1247;1199;1154;1106;1059;1013;968;924;881;840;803;766;731;697;663;628;591;553;514;475;441;408;378;349;321;293;267;240;215;190;167;149;885;92646
"350925 CAJATI";412;424;443;461;468;462;471;481;475;476;480;477;473;474;470;467;470;469;464;455;451;447;445;443;438;435;432;429;425;419;414;408;405;407;412;417;422;427;433;438;444;449;449;444;434;420;407;394;383;373;362;351;340;332;326;321;316;309;301;291;280;270;260;250;242;231;220;208;196;183;171;158;147;137;127;119;110;103;96;90;601;29464
"350930 CAJOBI";102;102;105;109;111;109;112;114;114;113;114;113;113;115;117;119;123;125;125;123;122;121;121;120;121;122;124;125;126;126;125;126;127;130;136;141;146;151;153;152;151;150;147;143;137;130;125;121;119;119;120;121;121;123;124;125;126;126;124;121;117;113;109;104;101;97;93;89;86;84;81;78;76;71;68;63;58;52;47;41;269;9363
"350940 CAJURU";291;297;310;321;324;321;327;336;334;340;348;350;351;353;352;350;353;353;350;347;347;347;350;353;354;357;361;363;365;366;367;367;366;368;368;367;367;366;364;363;362;362;359;351;341;331;322;313;309;307;306;304;303;300;298;295;291;287;281;274;266;259;250;242;232;223;212;201;190;179;168;157;148;137;127;117;108;97;87;79;592;24301
"350945 CAMPINA DO MONTE ALEGRE";90;86;85;84;81;76;75;75;75;76;80;82;84;84;84;83;84;84;85;87;89;92;94;94;90;86;84;82;81;83;85;85;88;88;87;86;84;84;83;85;86;86;87;87;87;86;84;83;82;81;80;78;77;76;76;76;76;76;74;72;69;67;64;63;61;60;57;55;53;50;47;44;42;39;36;32;28;24;20;15;130;6036
"350950 CAMPINAS";12354;12920;13686;14334;14601;14470;14700;14970;14702;14622;14653;14492;14338;14373;14325;14336;14631;14908;15198;15627;16170;16770;17383;17810;18044;18237;18427;18558;18622;18625;18555;18477;18477;18585;18770;18961;19104;19224;19316;19374;19452;19483;19322;18912;18314;17621;16961;16405;16015;15758;15526;15268;15035;14829;14638;14458;14269;14048;13776;13460;13100;12749;12386;12006;11584;11113;10603;10071;9537;9005;8486;7979;7482;6990;6501;6011;5524;5031;4549;4107;30268;1184361
"350960 CAMPO LIMPO PAULISTA";895;952;1020;1082;1117;1120;1149;1180;1166;1165;1169;1156;1141;1142;1135;1133;1149;1157;1157;1161;1169;1181;1195;1200;1193;1186;1181;1175;1168;1162;1152;1146;1148;1164;1190;1219;1244;1264;1276;1278;1281;1280;1268;1241;1207;1167;1129;1098;1079;1070;1061;1048;1033;1011;985;955;926;901;879;863;847;830;810;786;753;715;676;635;593;552;513;475;437;399;362;327;291;257;228;202;1378;79785
"350970 CAMPOS DO JORDAO";593;610;637;662;672;666;676;691;679;676;677;671;666;671;673;679;695;709;717;727;739;755;768;769;761;749;739;730;725;723;721;719;719;722;725;731;733;737;740;744;751;756;755;744;728;710;690;675;667;663;660;654;645;635;620;604;588;570;552;535;516;498;479;459;438;414;390;365;341;317;295;273;251;230;210;189;171;152;134;119;805;48444
"350980 CAMPOS NOVOS PAULISTA";74;72;73;74;75;74;74;75;72;67;65;61;61;61;64;67;71;75;78;78;79;81;81;80;77;73;69;66;65;64;65;65;65;65;66;66;67;67;68;69;70;70;70;70;70;68;67;66;67;66;66;64;64;63;62;60;59;58;57;56;54;53;52;51;49;46;44;42;40;38;37;36;35;33;30;28;26;24;21;19;110;4970
"350990 CANANEIA";163;163;167;173;175;174;177;182;180;180;181;180;180;183;186;188;192;195;193;187;182;177;174;170;168;166;164;162;160;157;155;154;154;158;164;170;175;180;183;186;187;188;189;186;184;180;177;173;170;166;162;157;153;151;150;149;149;148;148;148;146;145;142;138;131;123;116;109;103;99;95;93;89;84;77;70;63;55;50;45;323;12569
"350995 CANAS";74;75;78;81;81;79;80;81;79;80;80;81;80;80;78;76;76;76;76;76;76;78;79;79;78;78;78;78;77;77;77;76;76;76;75;74;74;73;74;76;78;80;80;77;73;67;61;57;55;55;54;53;54;54;55;56;55;55;54;53;51;49;47;45;43;42;40;38;35;32;29;25;22;19;18;16;15;14;13;11;59;4985
"351000 CANDIDO MOTA";348;355;368;379;381;374;379;388;386;390;399;403;404;407;402;398;400;400;398;399;402;405;410;410;405;401;399;398;403;411;420;428;437;445;449;454;456;457;454;451;448;444;439;431;422;412;404;399;398;401;405;408;410;413;414;414;414;411;404;395;384;373;362;350;338;325;310;294;276;259;241;224;207;193;179;167;155;145;134;125;846;30426
"351010 CANDIDO RODRIGUES";31;30;30;31;30;29;30;31;30;30;31;30;30;32;32;33;35;36;37;38;39;40;40;40;39;36;34;34;35;37;39;40;43;44;44;43;43;43;43;43;44;44;44;43;42;41;40;38;38;38;39;39;39;40;41;40;40;42;42;42;42;41;41;39;37;34;31;29;27;26;25;24;23;23;21;20;20;19;19;21;131;2944
"351015 CANITAR";113;111;110;110;108;104;103;103;100;98;97;95;94;95;96;97;101;104;106;107;110;112;114;116;115;116;116;114;112;108;103;97;93;92;92;92;92;93;93;93;92;93;93;92;91;88;87;84;81;77;73;68;65;62;61;60;58;56;55;52;47;44;42;40;39;37;34;33;32;30;28;26;25;23;21;19;18;16;14;11;87;6279
"351020 CAPAO BONITO";620;622;639;659;671;668;684;701;690;685;683;676;673;687;703;722;754;769;767;754;738;724;716;709;703;701;700;698;695;692;688;684;683;687;694;702;708;715;724;734;745;755;755;744;722;696;670;648;631;619;607;593;579;568;555;543;530;518;506;493;481;468;456;440;423;403;382;363;343;326;309;293;276;260;242;223;204;186;167;152;961;47757
"351030 CAPELA DO ALTO";285;299;316;330;333;325;326;327;319;314;310;303;296;294;291;288;293;300;313;333;358;383;406;420;425;427;426;424;419;412;403;393;385;381;379;377;375;371;366;359;353;346;338;331;322;312;303;296;287;280;271;262;255;250;248;245;243;240;236;230;224;218;211;202;192;181;169;158;147;138;129;122;113;103;95;86;78;71;62;58;347;22836
"351040 CAPIVARI";648;651;671;691;697;689;700;713;700;698;700;696;693;702;708;717;738;748;747;743;738;737;742;745;748;754;762;767;768;766;760;757;759;769;786;806;822;834;836;832;826;818;806;790;770;749;729;712;701;691;681;670;660;650;642;633;624;612;594;575;552;531;509;488;466;443;420;395;370;346;324;301;280;261;243;225;210;194;181;170;1039;51419
"351050 CARAGUATATUBA";1698;1766;1866;1953;1994;1982;2021;2064;2033;2024;2029;2005;1978;1976;1958;1944;1962;1959;1934;1908;1885;1873;1877;1882;1887;1900;1918;1934;1947;1955;1958;1961;1975;2000;2033;2068;2098;2125;2147;2166;2185;2200;2193;2158;2104;2036;1970;1910;1861;1821;1778;1731;1686;1642;1600;1558;1518;1480;1448;1419;1391;1365;1338;1311;1278;1240;1196;1142;1079;1008;935;863;794;730;670;613;556;495;440;376;2558;136319
"351060 CARAPICUIBA";4775;5030;5350;5654;5825;5837;5982;6120;6009;5944;5904;5786;5699;5727;5759;5827;5995;6113;6177;6240;6317;6407;6486;6474;6384;6277;6181;6095;6028;5983;5941;5910;5936;6042;6206;6390;6553;6674;6724;6713;6678;6628;6533;6382;6198;5993;5790;5609;5465;5344;5218;5080;4941;4800;4655;4509;4363;4212;4056;3898;3732;3579;3435;3303;3174;3040;2897;2744;2582;2414;2245;2078;1918;1764;1611;1458;1302;1139;977;800;5144;399162
"351070 CARDOSO";109;112;119;124;128;130;134;139;140;143;145;146;147;150;151;152;155;154;151;147;142;138;135;132;129;127;125;126;128;132;136;141;145;149;153;156;160;163;165;167;168;171;171;169;165;160;156;153;152;152;153;153;155;159;163;166;170;173;172;168;164;160;156;153;151;149;145;140;134;126;118;111;104;98;92;87;84;78;74;69;393;11660
"351080 CASA BRANCA";334;335;345;351;349;341;344;351;351;358;371;379;383;388;384;379;380;382;381;385;392;400;409;415;419;422;425;429;430;431;430;430;433;441;451;463;473;479;482;477;473;466;456;443;427;409;393;380;369;363;355;350;346;347;350;354;358;358;355;346;335;324;314;305;296;287;276;264;252;237;224;211;197;184;171;159;146;133;119;105;715;28954
"351090 CASSIA DOS COQUEIROS";22;25;28;30;32;32;34;34;34;35;35;35;35;35;35;34;35;35;35;36;37;38;38;38;37;35;34;33;33;34;35;36;37;39;38;39;39;40;40;41;42;42;42;42;41;40;38;38;38;38;39;38;39;40;41;42;43;44;44;43;40;39;37;37;36;35;34;32;31;28;25;23;21;19;18;17;16;15;15;13;119;2861
"351100 CASTILHO";229;242;259;273;280;279;285;293;291;294;297;297;294;293;289;283;282;279;275;272;271;271;271;268;263;261;258;256;255;257;258;259;262;267;272;276;281;286;289;293;296;299;301;301;300;297;295;293;290;288;283;279;275;272;272;270;269;266;259;252;242;233;225;219;213;208;200;192;181;169;155;143;131;121;112;104;98;89;82;74;474;20282
"351110 CATANDUVA";1240;1284;1356;1416;1440;1426;1451;1482;1463;1463;1477;1469;1458;1460;1446;1437;1452;1457;1455;1458;1470;1490;1521;1551;1580;1612;1648;1679;1703;1720;1732;1742;1760;1789;1826;1863;1894;1919;1935;1943;1948;1950;1934;1896;1839;1776;1714;1665;1636;1622;1610;1595;1585;1578;1572;1567;1561;1543;1515;1476;1429;1383;1338;1296;1254;1208;1158;1104;1046;988;931;874;821;770;723;675;628;581;536;492;3619;119403
"351120 CATIGUA";70;73;79;84;88;88;92;95;96;96;98;96;98;97;98;98;100;100;98;96;92;90;90;88;89;90;91;93;94;97;99;100;104;107;111;114;118;119;120;120;120;119;116;114;110;106;102;100;99;99;99;100;100;99;98;97;95;93;91;87;83;80;75;73;71;67;65;63;61;58;56;54;51;48;44;40;33;27;20;13;157;7149
"351130 CEDRAL";160;158;162;165;165;160;161;163;161;162;166;167;167;167;166;164;163;163;159;156;154;153;153;156;161;168;175;182;188;193;196;200;205;209;213;215;218;219;220;220;219;218;213;206;196;185;175;166;161;159;158;155;153;150;146;142;137;133;130;128;126;124;121;117;113;107;102;96;92;88;84;81;78;73;69;65;60;56;51;48;320;12454
"351140 CERQUEIRA CESAR";269;273;284;293;297;293;298;305;300;299;301;299;297;300;302;304;311;314;313;310;310;309;312;314;315;317;320;326;334;343;353;361;367;370;370;367;362;357;351;345;338;332;323;313;302;290;281;272;266;262;258;255;251;247;243;240;236;232;228;224;219;215;209;202;194;184;174;164;155;147;139;131;123;115;108;99;91;84;76;71;486;21544
"351150 CERQUILHO";489;513;545;572;584;580;591;605;597;598;602;598;593;593;589;586;594;600;604;612;623;639;651;655;650;642;638;636;640;648;659;669;683;700;722;742;759;773;783;788;791;791;782;762;735;702;671;645;627;616;607;597;586;574;561;548;535;523;511;501;490;479;468;455;440;422;402;384;365;347;330;312;294;275;256;236;216;195;175;155;977;45683
"351160 CESARIO LANGE";219;233;248;261;268;266;271;277;271;271;271;267;263;262;260;258;262;265;269;276;284;292;302;305;302;297;294;293;294;300;304;308;313;317;319;320;321;320;317;313;308;304;297;289;280;269;259;251;242;235;228;220;214;211;210;210;209;208;204;199;193;187;180;173;165;157;149;141;134;128;123;118;112;105;99;91;82;74;65;58;374;19108
"351170 CHARQUEADA";198;204;213;222;223;221;223;226;222;221;220;218;216;214;213;212;214;217;217;220;224;229;232;234;232;231;229;230;233;238;242;247;251;253;251;251;249;247;244;242;240;238;236;233;228;223;219;214;212;209;206;202;199;196;193;188;185;181;177;172;168;164;159;154;149;142;136;129;122;115;108;101;93;87;79;73;66;58;52;47;314;15790
"351190 CLEMENTINA";99;98;101;103;103;102;102;104;103;105;106;107;108;109;107;107;109;108;106;104;102;100;99;97;95;94;94;95;97;103;108;115;120;122;123;122;120;118;115;112;108;105;102;98;94;90;88;85;83;81;80;78;78;78;81;82;84;85;84;81;78;74;71;69;67;64;62;58;56;52;49;45;42;39;35;33;29;26;22;19;157;7134
"351200 COLINA";211;224;240;256;265;267;273;277;269;260;251;239;231;229;231;237;246;253;257;258;261;263;266;265;264;261;260;260;262;266;271;276;281;284;288;290;290;289;289;289;287;287;283;276;268;259;252;247;247;250;255;258;260;259;254;249;242;236;228;220;212;203;195;187;179;172;164;155;146;138;132;124;117;110;104;99;93;87;81;77;436;18777
"351210 COLOMBIA";84;88;92;97;99;99;102;104;104;105;106;106;105;105;104;101;101;100;97;92;89;86;85;84;84;86;87;88;89;89;90;91;92;93;94;95;96;97;98;100;101;101;102;103;103;102;100;98;98;95;91;88;87;85;85;85;86;86;84;82;78;75;71;68;65;62;57;54;50;47;44;40;38;35;33;31;30;28;27;27;115;6741
"351220 CONCHAL";439;430;434;437;431;418;417;417;407;401;401;396;393;399;403;409;421;432;440;447;456;465;475;479;475;470;467;465;464;466;468;470;469;467;461;452;443;437;433;432;433;434;430;420;405;389;373;360;352;349;346;342;338;333;326;319;312;303;294;283;272;262;251;239;227;215;203;189;179;169;161;152;143;134;125;116;107;98;89;83;550;28691
"351230 CONCHAS";166;173;184;194;199;198;204;209;209;211;214;213;213;214;212;211;213;212;213;212;212;213;213;211;205;199;195;192;194;198;203;209;213;218;219;220;222;222;222;223;223;223;222;219;215;211;206;203;202;201;201;199;199;201;203;203;206;207;207;206;205;202;198;193;185;176;166;157;148;139;132;124;116;108;100;91;83;76;69;65;459;15626
"351240 CORDEIROPOLIS";300;314;332;348;354;351;358;363;355;350;348;340;335;334;332;333;339;344;347;352;360;367;377;382;386;388;392;394;397;400;401;401;402;403;405;405;404;404;403;403;405;404;400;390;375;358;341;328;321;318;315;311;306;298;289;280;269;260;251;243;234;227;218;209;200;190;179;169;160;153;145;138;131;123;114;106;95;85;76;68;489;24674
"351250 COROADOS";50;57;64;71;75;77;80;83;82;80;78;74;72;71;70;70;70;69;68;65;63;63;63;63;67;71;75;79;81;80;79;78;77;77;78;79;79;80;81;84;86;89;89;89;87;85;83;80;80;79;77;76;74;74;74;73;73;71;70;67;65;63;61;59;58;56;55;53;50;48;44;41;39;36;33;30;27;23;19;15;143;5517
"351260 CORONEL MACEDO";49;49;50;52;53;52;53;55;55;56;58;59;59;60;60;61;61;62;61;61;60;59;59;59;59;59;59;59;58;57;57;56;56;55;57;57;57;59;61;62;62;65;65;64;63;62;61;59;58;57;55;54;53;54;56;59;61;62;63;63;61;59;58;56;54;51;49;46;43;41;38;35;33;31;28;27;26;24;23;23;111;4404
"351270 CORUMBATAI";53;55;57;59;59;59;60;62;61;60;59;58;57;58;58;59;60;61;61;62;63;64;66;64;62;60;57;57;58;62;66;69;72;74;73;71;69;68;66;64;62;60;58;56;55;55;54;53;52;52;51;50;50;50;52;52;53;53;52;51;50;48;47;44;41;38;35;31;30;29;29;27;28;26;24;22;19;17;15;14;78;4246
"351280 COSMOPOLIS";744;758;790;815;819;805;816;833;828;838;857;864;866;872;863;853;858;858;855;860;869;883;898;908;912;917;924;931;942;954;965;974;984;992;998;1000;1001;1000;998;996;995;994;985;968;945;918;891;869;850;836;820;803;787;774;763;752;740;724;702;676;645;616;588;563;539;515;489;462;436;408;380;354;328;303;278;254;230;204;177;151;1078;61488
"351290 COSMORAMA";105;106;109;113;114;111;113;114;111;110;108;107;105;106;107;108;111;114;116;119;121;124;127;128;127;126;124;122;122;120;119;119;119;121;123;127;130;131;132;131;129;127;125;122;119;116;112;110;108;107;107;106;106;106;105;105;105;105;104;105;104;103;102;100;97;93;90;84;81;79;77;74;71;67;63;58;52;46;40;35;286;8731
"351300 COTIA";3421;3638;3896;4127;4247;4245;4339;4433;4354;4312;4290;4201;4116;4090;4045;4014;4051;4056;4023;3997;3985;3994;4016;4013;3990;3973;3970;3977;3998;4034;4071;4117;4201;4337;4510;4693;4855;4977;5039;5042;5024;4980;4889;4737;4545;4328;4115;3924;3770;3646;3527;3404;3287;3180;3078;2983;2889;2796;2700;2603;2503;2406;2311;2215;2111;2001;1883;1763;1639;1516;1395;1279;1169;1064;964;869;776;686;605;527;3505;275279
"351310 CRAVINHOS";387;392;406;421;429;428;438;448;441;438;439;434;433;442;452;465;486;500;505;506;506;507;511;511;509;507;506;504;503;501;498;496;496;503;513;524;534;543;549;554;557;559;555;541;521;498;475;459;450;447;447;447;445;442;439;434;430;423;416;407;395;385;372;359;343;324;305;285;266;248;232;216;200;185;171;157;144;133;123;117;736;34253
"351320 CRISTAIS PAULISTA";126;128;132;136;138;135;137;138;135;132;130;129;126;126;126;127;130;132;131;129;129;129;128;129;128;128;128;127;128;130;130;132;134;137;143;148;152;155;154;151;149;145;141;136;133;129;125;122;120;119;118;117;116;116;115;115;114;114;113;112;110;109;106;101;96;89;82;75;69;64;60;56;52;47;43;39;37;35;34;34;202;9352
"351330 CRUZALIA";22;22;23;24;24;22;23;24;24;26;27;27;28;28;27;26;25;24;24;23;23;23;23;25;25;26;28;29;29;29;29;29;28;27;27;27;26;26;28;29;31;32;33;34;33;31;30;29;28;28;28;27;28;27;30;32;34;36;37;36;36;34;33;32;30;28;25;24;22;20;19;18;16;16;14;12;12;10;10;10;86;2160
"351340 CRUZEIRO";895;911;948;981;989;977;994;1018;1011;1022;1041;1048;1050;1059;1054;1048;1058;1062;1057;1055;1059;1064;1072;1072;1062;1054;1049;1044;1042;1042;1042;1043;1051;1070;1097;1125;1151;1173;1190;1198;1206;1210;1205;1186;1157;1124;1091;1061;1037;1017;997;977;966;966;975;989;1003;1007;1001;984;959;935;908;878;845;806;766;723;682;640;599;559;521;482;443;405;368;333;298;270;1866;77423
"351350 CUBATAO";1492;1537;1610;1679;1713;1703;1738;1778;1749;1741;1743;1723;1711;1725;1733;1748;1793;1821;1832;1841;1853;1870;1883;1874;1840;1806;1774;1751;1740;1740;1744;1747;1757;1771;1787;1801;1811;1819;1821;1821;1821;1820;1805;1774;1731;1681;1634;1593;1562;1538;1513;1484;1459;1438;1418;1399;1376;1343;1298;1240;1175;1112;1053;998;946;893;839;785;730;676;625;577;531;488;448;409;372;337;302;271;1763;116677
"351360 CUNHA";277;271;274;276;275;269;270;274;269;268;268;268;268;273;279;284;295;303;304;304;304;306;306;307;304;303;301;300;301;302;304;304;305;307;308;309;311;313;315;321;326;331;334;333;327;321;315;312;312;316;320;323;325;328;331;330;330;327;320;310;297;284;272;261;251;240;229;217;206;193;180;169;157;148;137;128;118;109;99;90;568;22524
"351370 DESCALVADO";329;345;368;388;400;400;410;420;413;409;407;401;394;397;398;401;412;419;421;424;427;433;440;443;444;445;447;449;454;460;465;471;480;491;503;517;527;534;535;531;526;520;512;502;492;481;470;461;455;449;444;438;433;428;425;422;418;413;407;398;388;378;368;358;345;331;316;301;285;270;255;241;226;213;198;184;169;154;140;127;966;32759
"351380 DIADEMA";4321;4573;4885;5176;5340;5359;5504;5652;5580;5561;5573;5513;5469;5517;5553;5615;5776;5900;5991;6097;6227;6370;6496;6526;6470;6391;6326;6280;6269;6292;6321;6353;6419;6526;6658;6792;6906;6986;7018;7006;6985;6949;6860;6710;6520;6307;6100;5927;5806;5722;5637;5535;5417;5276;5112;4936;4758;4577;4397;4220;4039;3865;3690;3513;3328;3132;2933;2742;2562;2396;2241;2090;1940;1786;1630;1473;1315;1159;1003;869;5556;406600
"351385 DIRCE REIS";18;17;17;17;18;17;18;19;19;19;19;20;20;20;21;21;22;22;22;20;19;17;17;17;17;17;18;19;19;19;18;19;19;19;21;21;22;22;23;23;23;23;25;24;25;25;23;24;25;25;25;24;25;26;27;27;28;27;27;26;23;21;19;19;19;19;19;19;18;18;16;15;14;14;13;13;11;11;10;8;65;1660
"351390 DIVINOLANDIA";129;126;127;128;128;123;123;124;121;120;122;121;121;122;123;125;127;132;134;137;141;146;150;152;150;148;147;146;148;150;152;155;159;162;167;171;174;177;179;180;181;181;180;177;169;162;156;153;153;157;161;164;166;166;161;157;152;149;146;147;147;146;147;146;146;145;141;137;131;123;114;105;97;89;82;75;67;59;53;43;282;11380
"351400 DOBRADA";103;111;119;126;129;128;131;134;134;136;139;141;140;139;136;132;132;129;128;128;131;134;137;140;139;141;143;144;145;147;148;149;151;154;158;161;164;166;164;160;157;151;145;138;129;121;112;106;103;101;100;100;100;99;96;95;93;90;87;82;78;74;70;67;65;63;61;58;55;51;47;44;40;38;35;32;30;27;24;20;135;8890
"351410 DOIS CORREGOS";313;317;329;339;342;336;342;350;349;353;361;364;364;366;363;357;358;356;349;342;336;333;331;328;325;325;326;328;332;338;345;351;359;369;379;388;396;399;399;396;390;384;378;371;365;359;353;347;341;333;325;316;309;304;300;297;294;291;287;282;275;269;263;256;249;240;231;219;207;193;180;167;155;144;134;125;117;109;103;97;666;25058
"351420 DOLCINOPOLIS";21;21;21;23;24;25;26;27;26;26;26;25;26;27;29;31;33;34;33;31;28;25;24;23;26;28;30;32;33;33;31;29;29;28;28;29;28;28;28;28;29;29;30;30;31;31;32;32;33;34;35;35;35;35;33;32;32;31;32;32;34;34;34;33;30;26;23;21;19;18;17;16;16;15;14;13;13;13;15;17;79;2246
"351430 DOURADO";74;78;83;87;90;91;94;97;96;95;95;94;95;96;98;100;104;107;108;108;109;109;110;111;112;112;113;113;114;113;112;111;112;115;119;123;126;129;132;131;131;132;131;129;126;123;120;119;116;116;115;113;113;113;112;113;113;113;112;110;108;107;104;101;97;93;88;83;80;75;72;68;64;60;56;52;47;43;40;37;240;8301
"351440 DRACENA";473;486;510;529;535;528;535;545;535;534;537;535;530;531;529;528;537;543;548;557;569;583;600;614;625;635;646;656;665;670;673;676;680;688;697;705;713;718;723;726;731;734;731;718;700;678;658;642;633;630;628;626;623;621;620;619;615;612;608;602;593;585;574;559;542;521;497;471;445;417;391;367;343;321;300;280;262;246;233;222;1530;46575
"351450 DUARTINA";134;136;141;145;147;144;146;149;147;147;147;147;147;148;149;150;153;156;156;156;157;159;161;162;161;162;162;163;165;165;167;167;169;170;172;174;174;176;177;179;181;183;184;184;183;181;179;178;177;176;175;173;172;173;174;175;177;177;174;170;166;162;157;152;149;145;141;135;129;122;115;108;102;96;91;86;81;75;70;65;421;12601
"351460 DUMONT";128;126;126;127;126;122;123;124;120;120;120;119;119;123;126;129;136;142;147;153;160;166;171;170;165;159;153;147;146;147;147;149;151;156;162;168;173;175;175;169;162;157;150;143;139;136;132;128;125;120;115;111;107;105;104;103;104;103;101;97;93;89;87;83;80;77;73;70;65;62;57;53;48;45;42;38;34;30;27;23;169;9552
"351470 ECHAPORA";89;89;90;92;90;87;87;87;84;85;86;85;85;84;82;80;80;80;79;81;84;86;89;90;90;90;91;90;90;89;89;88;87;88;88;89;89;89;88;85;83;81;81;79;80;81;82;83;84;84;84;84;84;84;84;84;85;84;82;80;78;75;72;69;66;63;60;56;53;52;51;48;46;45;41;38;33;30;26;22;185;6333
"351480 ELDORADO";207;207;212;216;218;214;217;222;218;219;220;220;218;220;221;220;223;222;216;207;198;190;184;181;180;179;179;179;178;177;174;172;171;172;173;174;176;179;183;187;192;196;197;195;187;180;172;166;163;164;164;165;165;162;158;153;149;144;140;134;130;126;122;119;116;113;110;107;101;96;90;85;79;75;72;68;65;60;56;52;353;13464
"351490 ELIAS FAUSTO";236;241;248;257;259;256;259;264;258;256;256;252;249;251;252;253;260;264;266;266;269;272;276;277;277;275;276;274;274;272;271;269;269;268;269;271;270;271;270;272;273;273;272;268;263;255;249;243;239;235;231;227;223;219;215;212;209;206;201;197;192;188;183;174;165;154;144;132;123;115;108;100;92;84;77;69;62;55;51;47;309;17879
"351492 ELISIARIO";23;29;33;38;41;42;45;46;46;45;44;42;41;40;40;40;40;40;39;37;37;35;36;37;40;43;44;47;48;48;47;47;46;47;48;49;50;50;50;51;51;52;52;51;51;50;48;48;47;46;45;44;44;43;43;42;41;40;39;37;36;33;33;32;33;33;32;33;31;28;25;23;21;19;18;18;16;15;14;11;84;3193
"351495 EMBAUBA";24;24;25;25;25;25;26;27;28;30;31;32;33;34;34;32;33;32;30;28;26;25;23;24;24;24;25;27;28;29;30;32;33;35;36;37;38;40;40;39;37;36;35;35;34;34;33;33;33;33;32;32;32;33;33;34;34;35;35;35;33;33;32;31;29;28;26;26;24;23;21;20;19;17;15;14;12;11;10;8;77;2380
"351500 EMBU DAS ARTES";3207;3388;3611;3816;3926;3930;4028;4128;4067;4044;4040;3980;3928;3940;3939;3956;4041;4097;4123;4157;4203;4260;4313;4311;4261;4201;4146;4097;4056;4027;3997;3973;3980;4032;4117;4211;4293;4355;4383;4378;4366;4340;4279;4171;4029;3870;3712;3575;3467;3381;3297;3202;3105;3002;2893;2783;2675;2570;2473;2382;2292;2207;2122;2037;1946;1846;1745;1640;1536;1431;1329;1230;1134;1038;942;847;750;651;556;462;2802;260055
"351510 EMBU-GUACU";816;865;925;980;1012;1015;1044;1073;1058;1054;1054;1038;1023;1026;1025;1027;1047;1055;1053;1051;1050;1051;1056;1053;1042;1032;1023;1012;1000;986;969;955;952;964;988;1016;1044;1067;1086;1100;1113;1122;1119;1100;1068;1029;989;955;929;907;887;864;842;819;796;776;754;734;716;699;682;667;648;629;604;577;547;515;483;449;417;385;356;327;299;272;247;221;199;179;1055;68663
"351512 EMILIANOPOLIS";37;36;35;35;36;35;36;36;36;35;34;33;34;34;36;38;40;42;43;42;42;42;41;39;38;35;34;32;32;34;34;36;39;39;38;38;38;38;38;39;40;41;42;42;42;42;42;42;43;44;45;47;47;49;50;51;51;51;50;47;44;41;38;36;34;33;31;31;29;29;29;28;28;27;26;25;23;22;18;16;113;3088
"351515 ENGENHEIRO COELHO";296;297;302;306;304;296;296;296;287;281;278;273;271;275;279;286;297;311;323;339;356;373;386;390;385;378;369;361;355;351;347;343;339;338;336;336;333;328;322;311;301;290;279;267;254;242;230;221;216;214;213;212;209;205;200;196;190;184;177;170;161;153;144;135;127;117;109;101;93;87;82;77;73;69;65;61;57;55;51;51;298;19566
"351518 ESPIRITO SANTO DO PINHAL";399;410;431;448;454;449;458;469;466;471;480;482;484;491;491;493;505;515;524;538;555;574;590;597;595;590;585;582;580;579;578;578;579;582;587;591;595;600;605;611;621;628;631;628;620;609;600;593;594;598;602;604;604;600;591;583;572;559;547;533;518;504;489;475;458;440;420;400;380;359;338;318;298;279;260;241;222;203;185;166;1197;41258
"351519 ESPIRITO SANTO DO TURVO";64;64;66;67;67;65;64;66;65;65;66;66;65;66;65;64;64;64;63;64;66;67;69;69;69;69;68;68;68;66;66;66;65;65;64;64;63;63;62;62;61;61;61;59;58;56;54;52;52;51;50;48;48;47;46;46;45;44;43;42;41;39;38;37;35;34;32;30;28;27;26;24;23;21;19;18;16;15;13;13;51;4223
"351520 ESTRELA D'OESTE";94;97;103;109;113;113;115;118;116;116;116;114;112;114;115;118;122;126;129;132;135;139;141;142;141;139;138;136;134;132;131;131;130;132;135;138;140;143;145;148;150;152;152;149;144;138;133;128;126;125;123;122;122;122;125;127;129;129;127;122;116;110;105;101;98;96;93;90;86;81;77;72;68;64;59;55;51;46;39;32;278;9504
"351530 ESTRELA DO NORTE";32;32;34;35;36;36;36;38;38;39;41;41;41;41;41;40;40;38;38;38;37;37;37;36;35;34;33;33;33;35;37;38;39;41;42;41;41;41;40;39;38;37;36;35;34;33;33;34;34;35;37;38;39;40;41;41;42;41;40;40;38;36;35;32;30;26;22;20;19;18;18;18;17;16;15;13;12;11;10;10;81;2749
"351535 EUCLIDES DA CUNHA PAULISTA";102;101;103;105;105;104;107;111;112;116;120;124;126;129;129;128;128;127;121;113;104;97;92;90;92;95;98;101;102;104;104;104;104;105;104;104;104;104;105;107;108;110;113;115;117;120;123;125;127;128;128;129;127;126;123;121;117;114;109;105;100;96;91;87;83;78;74;69;64;59;54;50;47;44;42;40;39;38;39;39;220;8169
"351540 FARTURA";203;205;213;218;219;214;217;221;218;220;224;225;225;226;224;223;226;225;226;226;226;228;229;227;223;218;214;213;213;220;227;233;240;247;253;258;262;264;264;263;261;258;253;248;241;233;226;221;217;214;214;212;211;210;210;210;211;211;209;209;207;205;201;198;189;181;172;162;153;145;137;130;122;115;107;99;93;85;79;76;451;16906
"351550 FERNANDOPOLIS";758;788;830;869;887;881;895;909;888;874;865;845;830;833;836;846;871;893;911;932;958;988;1014;1027;1026;1022;1021;1019;1023;1029;1034;1040;1047;1058;1070;1082;1091;1101;1113;1125;1140;1154;1151;1128;1089;1044;1001;969;954;951;954;956;954;950;942;932;922;910;897;884;869;853;836;817;794;767;737;704;669;634;599;566;533;501;470;440;409;379;350;323;2273;72534
"351560 FERNANDO PRESTES";63;63;64;66;67;66;69;69;70;69;70;71;69;71;73;74;77;78;78;79;78;78;76;76;74;74;72;73;74;76;78;80;83;84;85;85;86;87;90;94;98;102;104;103;98;93;89;85;84;85;86;87;87;85;83;80;78;74;72;72;71;70;68;66;62;59;55;52;51;51;52;52;52;51;49;46;42;39;35;32;227;6036
"351565 FERNAO";22;23;22;23;24;24;25;25;25;23;21;20;20;20;22;23;25;27;26;24;22;20;19;18;20;21;21;23;23;24;25;25;25;25;24;24;23;23;24;24;24;26;26;26;26;26;26;26;25;23;23;21;19;18;17;16;15;14;16;16;18;18;19;20;18;16;15;14;14;14;15;15;14;14;14;12;11;9;8;7;47;1678
"351570 FERRAZ DE VASCONCELOS";2454;2536;2659;2771;2819;2795;2844;2897;2842;2818;2812;2771;2735;2747;2750;2766;2831;2875;2895;2921;2955;2998;3042;3056;3040;3019;2999;2976;2952;2925;2892;2862;2853;2875;2917;2967;3006;3028;3021;2992;2955;2917;2865;2799;2725;2648;2576;2512;2464;2425;2383;2336;2285;2231;2170;2107;2042;1973;1901;1826;1747;1671;1595;1521;1445;1367;1283;1197;1111;1024;940;859;782;709;640;574;510;448;391;337;2063;185267
"351580 FLORA RICA";13;14;15;16;16;17;17;18;18;18;18;18;17;18;18;19;21;21;20;18;18;16;16;15;15;15;16;16;16;17;17;18;19;19;19;18;18;18;18;18;19;19;20;19;19;18;18;18;19;20;22;23;24;24;25;25;25;25;25;24;23;23;21;20;20;18;18;17;17;17;17;17;17;17;16;15;14;12;11;9;66;1528
"351590 FLOREAL";19;20;21;24;25;27;27;28;29;28;27;27;26;27;30;31;35;36;35;33;31;29;28;28;27;28;29;29;30;30;31;31;32;32;32;31;31;32;33;34;36;36;38;40;39;40;40;40;40;40;39;39;39;39;42;44;45;47;47;46;45;43;43;41;42;41;40;40;38;37;35;33;31;30;28;27;26;23;21;19;142;2804
"351600 FLORIDA PAULISTA";131;135;142;146;147;144;146;148;145;146;147;148;148;149;149;149;152;157;163;171;180;191;202;213;220;227;234;238;242;242;241;239;235;231;224;218;210;204;201;199;199;199;198;195;190;185;179;174;172;170;169;167;165;165;163;163;162;161;159;156;153;149;145;140;132;125;118;111;104;100;96;93;88;84;79;74;69;65;60;58;349;13237
"351610 FLORINEA";23;28;31;36;38;38;39;41;40;39;38;37;36;36;35;34;35;35;37;38;41;44;47;52;58;65;70;76;81;84;86;87;88;88;89;88;88;86;85;84;83;81;79;75;71;65;61;56;53;51;49;46;45;44;43;42;42;41;41;40;39;39;38;37;35;34;32;30;29;26;25;23;21;21;19;17;15;14;12;11;60;3886
"351620 FRANCA";4320;4431;4619;4803;4884;4843;4920;4995;4872;4790;4738;4635;4568;4607;4659;4748;4921;5054;5137;5216;5305;5411;5513;5545;5517;5476;5443;5426;5437;5470;5504;5532;5564;5597;5622;5633;5630;5623;5611;5595;5590;5578;5523;5415;5269;5103;4950;4832;4765;4736;4714;4679;4640;4588;4522;4450;4371;4282;4180;4066;3939;3814;3685;3553;3409;3252;3086;2915;2745;2580;2421;2265;2115;1966;1820;1675;1533;1394;1256;1137;7792;360819
"351630 FRANCISCO MORATO";2743;2720;2762;2802;2788;2720;2731;2756;2688;2661;2659;2629;2613;2639;2656;2684;2759;2806;2822;2835;2851;2876;2908;2910;2897;2879;2862;2841;2819;2795;2763;2731;2711;2705;2707;2711;2707;2695;2670;2637;2604;2567;2515;2444;2365;2278;2196;2124;2068;2022;1976;1928;1879;1830;1779;1730;1680;1636;1598;1566;1532;1499;1459;1409;1346;1273;1193;1112;1029;947;866;786;708;632;555;481;408;337;278;222;1481;170486
"351640 FRANCO DA ROCHA";1862;1938;2042;2139;2185;2175;2216;2258;2212;2188;2176;2136;2107;2119;2131;2156;2219;2267;2302;2341;2388;2440;2489;2500;2483;2458;2435;2418;2411;2412;2413;2415;2427;2451;2481;2513;2536;2553;2562;2563;2563;2555;2522;2456;2366;2262;2160;2067;1990;1926;1862;1796;1727;1658;1587;1519;1453;1394;1344;1302;1263;1228;1194;1158;1120;1076;1029;977;921;862;800;739;679;617;558;496;432;362;299;225;1618;148679
"351650 GABRIEL MONTEIRO";26;28;29;32;33;34;35;36;36;36;36;36;35;35;35;34;34;34;33;32;32;31;30;30;30;29;28;30;30;32;34;35;38;39;40;41;41;42;41;40;39;38;38;38;39;40;40;41;43;44;45;46;46;46;46;44;43;42;40;39;36;34;33;31;31;31;31;30;30;29;28;27;26;25;24;22;20;18;16;13;99;2833
"351660 GALIA";66;68;72;75;77;75;77;80;80;81;82;82;82;82;82;81;82;81;79;77;75;73;72;72;74;76;77;79;80;81;81;82;82;84;87;89;91;94;96;99;102;105;106;106;105;102;100;98;96;94;92;91;89;88;88;87;87;86;85;84;82;81;79;78;78;76;75;73;70;67;65;62;59;56;52;48;44;39;34;28;217;6559
"351670 GARCA";504;503;514;526;528;517;524;534;527;529;536;537;539;548;552;557;573;583;588;594;600;607;616;615;608;600;594;590;591;594;599;605;610;615;619;622;625;629;635;643;653;663;667;664;656;645;635;625;616;609;600;591;580;571;561;552;543;534;526;518;510;501;493;485;474;461;446;428;409;388;366;345;323;302;282;260;237;214;192;168;1209;43532
"351680 GASTAO VIDIGAL";27;30;33;37;40;43;45;48;48;47;47;45;44;46;47;48;51;51;51;48;45;42;41;39;38;38;37;37;36;36;37;37;38;40;44;47;50;53;54;53;52;51;50;49;47;47;45;44;44;43;43;43;43;43;44;43;44;44;43;43;42;42;40;39;37;35;33;33;31;31;31;30;29;29;27;26;23;22;21;19;100;3343
"351685 GAVIAO PEIXOTO";70;70;72;73;73;71;72;73;71;70;70;69;68;68;68;68;70;70;70;68;68;68;68;68;67;67;68;69;70;72;74;76;78;78;78;76;75;74;73;73;73;72;72;70;68;65;62;60;60;59;59;59;58;58;58;57;56;55;54;52;50;49;46;44;41;38;35;32;30;28;27;25;24;22;21;19;18;16;15;15;96;4762
"351690 GENERAL SALGADO";94;102;111;121;127;129;133;137;136;135;134;130;128;128;127;127;129;129;130;129;130;130;130;130;128;127;125;125;128;128;131;134;136;141;146;150;153;156;156;155;152;149;147;146;146;147;148;148;148;147;146;144;144;144;149;153;156;157;156;152;147;142;137;133;129;126;119;115;110;105;99;94;89;83;78;74;68;63;57;52;322;10576
"351700 GETULINA";93;97;103;107;109;109;112;115;114;116;118;118;120;122;122;123;127;131;133;135;138;143;149;154;159;164;168;173;176;177;178;179;180;180;181;183;183;183;182;181;179;179;176;171;166;159;152;147;143;139;136;133;130;128;126;124;124;122;122;120;118;117;115;111;107;102;95;90;84;80;78;73;70;66;61;58;53;49;46;43;276;10503
"351710 GLICERIO";53;54;55;57;56;54;54;56;55;56;58;58;57;58;56;54;54;53;51;53;54;54;55;54;53;50;48;47;47;48;49;52;53;54;55;56;56;56;56;57;58;59;60;60;59;59;58;58;59;60;61;62;64;64;62;60;58;57;57;56;56;55;54;55;54;52;50;49;46;43;39;36;33;30;27;25;22;20;17;15;126;4251
"351720 GUAICARA";149;152;160;164;166;164;166;170;167;169;172;172;171;171;169;166;167;165;163;162;162;162;163;163;161;161;161;161;163;162;163;163;165;167;170;174;177;178;180;178;178;176;173;169;163;156;151;147;146;146;147;147;147;146;145;142;139;137;132;127;122;117;113;109;107;104;99;95;88;81;72;66;59;55;49;47;45;42;41;38;227;11429
"351730 GUAIMBE";66;68;71;75;76;76;78;80;80;80;80;79;79;80;81;81;83;84;84;83;81;80;79;78;76;75;73;72;72;72;73;73;74;75;77;78;79;81;81;83;84;86;86;83;79;76;71;68;67;68;70;70;71;71;70;69;68;67;67;67;66;65;64;63;61;59;57;54;50;46;42;40;36;34;32;31;30;29;29;29;155;5626
"351740 GUAIRA";490;481;486;495;495;486;495;507;502;505;514;517;523;536;547;558;577;588;586;578;570;564;561;560;558;561;562;565;569;572;574;577;584;597;613;629;643;654;656;653;649;643;634;623;610;596;583;573;567;565;562;557;552;544;534;524;513;502;489;476;461;447;432;416;398;379;358;338;319;300;283;267;250;235;217;202;185;169;156;144;826;40366
"351750 GUAPIACU";259;269;283;296;301;299;303;307;300;296;295;289;284;284;284;284;292;298;303;310;321;330;339;344;345;343;343;342;341;340;339;337;336;338;343;346;349;351;351;350;348;346;341;333;322;310;298;290;285;282;281;277;274;268;260;251;242;234;227;222;217;211;206;200;192;184;175;166;158;150;142;134;126;118;110;101;93;84;75;67;459;21723
"351760 GUAPIARA";216;220;227;236;239;237;243;250;248;250;254;253;254;256;257;258;264;265;261;255;249;245;241;239;236;235;234;234;235;238;241;243;245;245;244;242;240;240;241;244;249;252;255;254;251;246;241;238;235;235;234;232;231;229;229;227;225;222;219;214;207;201;194;187;179;169;160;151;143;135;127;120;112;104;96;88;80;72;64;56;377;17494
"351770 GUARA";242;241;245;252;256;254;259;266;261;259;259;258;258;265;274;284;299;308;311;311;312;311;309;305;297;290;283;275;269;265;261;256;255;258;265;272;279;285;289;290;291;291;289;285;279;271;264;258;252;249;245;241;236;232;227;223;219;214;210;205;200;195;191;185;179;173;166;159;152;145;137;131;124;116;108;97;88;77;65;55;382;19094
"351780 GUARACAI";72;72;74;76;76;76;78;80;80;82;85;86;88;90;92;92;95;96;95;94;93;93;92;90;88;86;84;84;84;85;86;88;88;92;95;97;100;103;105;106;107;110;110;112;113;113;113;115;116;118;120;121;121;120;119;116;114;111;110;108;106;104;102;100;98;96;93;89;86;81;76;71;67;63;60;57;55;51;49;45;319;7673
"351790 GUARACI";116;117;122;126;129;128;131;136;137;141;147;151;154;157;155;154;154;153;151;148;146;144;144;143;141;141;141;140;141;143;144;146;148;153;159;164;169;173;172;169;164;160;155;151;149;147;144;143;143;141;140;139;137;136;135;134;132;130;128;124;121;117;113;109;106;101;97;93;89;86;82;78;74;70;66;61;55;50;44;38;272;10582
"351800 GUARANI D'OESTE";20;21;21;23;23;23;24;25;25;26;26;26;26;27;26;26;26;27;25;23;21;20;18;19;20;21;23;25;26;26;26;25;26;26;27;27;26;27;27;27;28;27;28;28;28;29;29;29;29;30;30;30;31;31;31;30;29;29;30;29;29;28;27;26;25;23;21;20;19;18;18;18;17;17;15;14;12;12;10;10;73;2009
"351810 GUARANTA";88;89;91;92;90;88;88;89;90;94;100;103;105;106;103;99;97;94;92;94;96;98;99;99;97;94;92;90;88;87;86;84;85;87;89;93;96;98;99;98;98;97;96;95;95;93;91;91;89;86;83;79;77;76;74;72;71;71;70;69;69;68;67;66;65;64;63;60;58;54;51;49;45;42;39;34;31;26;22;18;145;6556
"351820 GUARARAPES";310;332;361;384;398;401;413;425;421;422;424;420;413;412;406;402;404;404;400;397;395;397;400;401;400;401;403;408;413;420;428;435;445;459;474;491;504;514;515;511;504;496;488;477;466;456;446;440;439;441;443;445;447;446;446;445;441;436;427;415;401;387;373;356;340;321;303;286;270;254;242;230;218;207;197;186;176;168;160;157;1002;32041
"351830 GUARAREMA";351;372;397;421;434;435;448;461;456;455;455;451;444;446;446;447;456;461;461;460;460;461;461;457;448;437;429;423;424;429;435;443;449;458;466;472;476;481;487;490;493;497;494;486;474;459;445;433;426;425;420;417;413;408;400;392;384;376;366;357;346;335;325;316;307;297;287;274;262;248;235;221;207;194;181;166;152;136;121;105;630;31753
"351840 GUARATINGUETA";1371;1402;1463;1518;1539;1522;1546;1576;1550;1543;1547;1532;1520;1528;1528;1532;1565;1583;1588;1595;1608;1626;1649;1654;1650;1645;1644;1649;1664;1689;1714;1738;1764;1791;1816;1836;1853;1868;1880;1891;1905;1917;1912;1887;1848;1801;1757;1723;1705;1697;1690;1680;1668;1653;1636;1617;1596;1571;1544;1513;1476;1439;1396;1345;1285;1216;1145;1075;1012;955;903;852;801;749;695;641;589;540;494;464;2948;121517
"351850 GUAREI";154;162;170;176;178;175;175;177;171;166;164;161;158;159;159;163;170;178;189;205;221;238;256;271;282;292;301;306;309;307;304;299;295;291;286;282;276;271;267;265;263;260;256;249;239;230;219;211;203;196;189;183;178;173;169;166;162;160;156;152;147;142;138;133;129;124;119;113;106;98;91;83;77;71;66;61;58;53;49;45;304;15250
"351860 GUARIBA";475;483;501;519;525;520;530;544;540;543;551;553;555;564;566;569;581;587;585;580;578;579;581;581;580;581;581;584;587;590;593;595;603;617;634;652;666;675;677;671;663;652;636;612;585;553;524;501;488;481;477;472;467;463;456;449;443;433;423;410;394;379;363;347;329;309;288;268;246;226;207;190;173;158;144;132;122;115;109;106;663;38532
"351870 GUARUJA";3581;3742;3963;4169;4276;4270;4366;4464;4385;4347;4333;4262;4206;4226;4238;4271;4378;4449;4481;4516;4562;4620;4680;4687;4648;4600;4558;4516;4476;4441;4400;4364;4356;4386;4444;4510;4567;4615;4648;4664;4685;4697;4671;4595;4484;4352;4227;4121;4047;3997;3947;3886;3825;3766;3703;3639;3569;3486;3385;3270;3141;3015;2886;2756;2620;2474;2321;2168;2019;1874;1737;1605;1477;1354;1234;1119;1008;904;804;722;4691;297946
"351880 GUARULHOS";16288;17046;18047;18976;19447;19398;19808;20217;19825;19614;19507;19146;18861;18932;18979;19137;19628;19978;20174;20394;20679;21018;21339;21384;21184;20937;20729;20573;20506;20533;20567;20613;20768;21067;21455;21855;22187;22415;22491;22428;22334;22197;21896;21400;20775;20076;19404;18833;18429;18139;17852;17509;17130;16685;16181;15645;15106;14570;14046;13539;13024;12526;12017;11493;10926;10320;9693;9066;8455;7867;7305;6765;6240;5726;5222;4726;4246;3775;3330;2942;18829;1344369
"351885 GUATAPARA";93;95;99;104;106;105;108;110;110;111;112;111;111;112;112;111;113;113;110;106;104;100;99;99;100;101;103;104;104;103;101;100;100;100;101;103;104;106;107;109;110;112;113;111;110;108;105;104;100;97;93;89;87;85;87;89;90;90;90;87;83;80;78;75;75;74;72;70;67;64;60;56;52;48;45;41;36;31;27;20;146;7457
"351890 GUZOLANDIA";51;51;53;54;54;54;55;57;58;58;60;61;61;63;63;63;63;63;61;59;56;55;54;53;55;57;60;60;61;60;59;58;58;59;60;61;63;64;65;66;68;69;69;68;65;62;59;57;55;55;55;56;55;55;57;57;58;58;58;56;56;55;54;52;51;49;47;43;41;36;32;27;25;22;21;20;20;21;22;23;113;4368
"351900 HERCULANDIA";132;126;126;126;123;121;122;124;121;120;120;118;119;123;128;133;141;144;144;141;138;135;133;131;131;131;132;133;132;131;129;128;128;129;132;135;137;139;138;137;136;134;133;132;132;132;132;131;129;126;121;118;115;112;114;115;116;116;116;113;109;106;102;98;93;88;82;77;72;68;63;59;54;51;47;45;42;39;38;38;231;9286
"351905 HOLAMBRA";197;195;200;206;209;206;210;213;209;206;205;202;200;203;207;212;220;224;224;221;217;215;215;214;215;216;218;218;217;215;211;209;210;215;226;238;250;258;261;262;261;259;257;251;247;242;236;230;223;216;207;199;191;184;180;175;171;166;161;155;147;141;136;131;127;123;118;113;108;100;92;84;78;72;66;60;55;48;43;36;297;15055
"351907 HORTOLANDIA";2931;3072;3251;3409;3478;3453;3508;3568;3491;3451;3431;3367;3313;3313;3306;3317;3391;3452;3499;3569;3656;3759;3869;3943;3983;4016;4053;4083;4107;4125;4127;4127;4138;4165;4203;4235;4251;4248;4219;4167;4113;4051;3962;3840;3699;3547;3403;3281;3192;3129;3069;3001;2930;2848;2760;2668;2575;2483;2396;2310;2223;2138;2051;1959;1859;1752;1639;1524;1408;1293;1183;1079;980;888;802;721;645;575;516;465;2962;240963
"351910 IACANGA";131;132;137;141;142;139;141;143;141;142;144;144;144;144;143;140;141;140;138;136;135;136;136;137;137;137;139;140;142;143;146;148;150;154;159;162;167;170;172;172;174;174;174;172;168;163;160;156;151;148;143;138;135;134;135;136;137;137;133;127;119;111;105;102;100;100;99;96;92;86;79;72;68;63;60;57;53;50;46;40;245;10623
"351920 IACRI";67;69;73;76;77;77;78;81;79;79;80;79;78;79;79;80;82;83;83;84;84;85;86;86;86;85;84;84;84;83;82;82;82;82;83;84;85;86;85;84;84;84;84;84;85;86;87;88;88;86;85;84;82;82;85;85;86;88;88;87;85;84;81;78;74;69;64;60;55;54;53;52;50;48;44;41;38;34;33;32;191;6273
"351925 IARAS";90;86;86;87;86;84;85;88;88;90;93;95;97;100;101;102;104;104;103;101;98;96;95;95;96;97;101;104;107;111;115;120;124;131;137;143;150;155;158;158;158;158;158;157;158;157;157;154;149;142;132;123;116;112;110;109;108;106;102;98;92;87;83;79;75;71;67;63;59;55;50;46;42;38;34;30;27;22;18;14;95;8072
"351930 IBATE";450;453;467;480;486;480;488;495;483;476;472;463;458;464;471;481;499;510;513;514;513;514;517;515;509;504;500;500;502;509;517;524;532;542;549;556;561;561;558;549;540;530;518;506;491;477;464;452;443;435;426;417;408;398;388;379;367;357;346;334;321;309;296;282;266;249;231;214;198;183;168;155;143;132;121;111;102;94;89;86;527;33088
"351940 IBIRA";134;137;144;150;153;152;155;158;154;151;148;145;142;143;144;146;151;153;151;149;147;145;145;147;149;153;158;162;163;164;164;165;167;170;176;181;185;189;190;191;191;189;187;181;174;167;160;155;151;151;151;150;150;150;150;149;150;149;148;147;144;142;140;137;132;128;123;116;109;102;95;89;83;79;74;70;67;64;64;64;388;11881
"351950 IBIRAREMA";70;73;79;83;87;88;92;94;92;90;88;85;84;85;86;89;92;94;94;93;91;90;90;89;88;88;87;87;86;85;85;83;83;85;87;89;91;93;94;93;92;91;91;91;92;93;92;93;93;93;91;91;90;90;91;91;91;89;87;83;78;73;69;65;63;60;58;55;53;51;50;48;46;43;42;40;37;34;30;26;211;6549
"351960 IBITINGA";814;810;826;839;833;809;809;817;798;793;799;795;791;794;790;786;799;807;813;825;841;861;880;890;889;889;889;893;898;907;915;923;934;949;965;979;990;997;1001;1000;998;994;982;959;930;896;864;838;818;806;794;781;769;759;748;738;729;716;700;680;659;638;616;595;572;547;520;492;463;433;404;376;351;326;304;282;264;245;228;213;1367;61031
"351970 IBIUNA";1023;1041;1082;1117;1129;1115;1131;1151;1129;1122;1124;1112;1100;1104;1105;1107;1128;1138;1135;1131;1130;1132;1134;1125;1105;1084;1068;1056;1050;1051;1054;1057;1068;1086;1109;1132;1154;1171;1179;1180;1180;1178;1169;1155;1137;1115;1095;1074;1056;1038;1016;992;973;954;938;923;910;894;879;862;845;827;808;786;761;730;697;662;625;586;548;510;474;437;401;366;331;295;261;228;1451;77516
"351980 ICEM";64;73;82;89;95;96;98;100;99;97;97;95;93;92;91;92;94;97;103;112;123;133;141;145;145;143;141;139;137;134;132;129;127;127;126;127;128;128;128;129;131;132;131;128;122;114;108;103;100;100;101;102;103;101;100;97;95;92;88;84;80;76;73;72;72;72;73;71;68;64;59;54;51;47;44;42;38;35;31;25;170;7970
"351990 IEPE";83;87;92;97;100;100;102;105;104;103;103;101;100;100;100;101;104;104;103;102;101;101;101;102;104;105;105;105;105;104;101;100;98;99;101;103;106;107;109;109;107;107;107;107;106;106;104;104;106;108;110;111;113;113;111;109;108;106;104;102;100;98;96;93;89;86;82;78;73;68;63;59;54;51;48;45;43;41;38;37;241;7789
"352000 IGARACU DO TIETE";284;283;291;298;299;294;299;306;304;307;313;317;318;323;323;324;330;331;327;323;320;317;318;318;319;321;323;326;329;332;335;338;343;350;360;370;378;384;386;385;383;380;376;370;362;355;347;342;340;340;339;338;337;335;333;329;325;321;315;308;299;289;277;261;241;219;197;176;162;149;139;131;122;112;101;93;85;79;76;82;411;23622
"352010 IGARAPAVA";313;319;331;343;347;343;350;357;353;354;358;357;356;359;359;360;366;368;366;363;361;360;362;361;359;357;358;360;367;377;389;398;409;417;423;427;429;430;427;424;420;414;408;398;387;376;365;357;351;347;344;341;339;339;341;345;347;347;344;339;332;323;314;302;287;271;255;238;224;211;200;190;179;167;156;146;136;128;120;117;820;27182
"352020 IGARATA";137;138;143;147;150;148;151;153;149;146;145;141;139;140;144;147;152;156;157;155;154;154;154;153;152;151;151;149;149;150;149;149;151;152;154;156;158;161;162;165;166;168;167;163;157;148;142;137;132;133;133;134;134;133;132;129;127;126;125;124;124;123;121;118;113;108;102;96;90;85;81;76;71;66;60;54;48;43;37;33;223;10694
"352030 IGUAPE";348;355;370;386;395;395;406;422;421;427;436;439;441;446;448;449;456;455;444;429;413;399;388;377;367;360;354;349;346;343;341;340;343;351;361;374;387;397;405;409;413;417;420;422;422;422;422;421;420;419;416;411;407;404;401;399;397;393;386;380;372;364;356;349;342;333;323;310;296;279;262;246;230;214;200;186;172;157;142;126;861;30084
"352040 ILHABELA";413;435;463;487;500;499;510;522;516;514;517;513;508;510;507;506;513;517;517;519;522;528;534;535;530;526;524;523;526;530;536;542;554;571;593;617;638;653;662;664;663;658;647;627;602;573;545;518;496;478;460;442;425;409;395;381;369;357;345;332;320;308;296;283;267;251;235;220;207;196;185;173;164;152;140;127;114;101;88;78;502;35423
"352042 ILHA COMPRIDA";136;144;154;163;169;170;175;180;178;179;178;176;173;173;172;170;171;170;165;158;152;147;142;138;135;134;133;131;131;130;130;132;134;139;146;154;161;168;173;178;182;186;189;188;186;184;181;178;175;174;172;171;171;173;178;185;193;199;205;210;215;220;224;225;225;224;221;213;203;189;175;159;144;130;116;102;88;71;57;39;320;13482
"352044 ILHA SOLTEIRA";238;250;268;282;291;292;300;310;310;313;318;319;319;323;323;324;330;336;338;341;346;351;358;361;360;358;358;358;357;354;352;348;347;345;345;344;344;345;350;356;365;373;380;386;389;391;393;396;398;401;403;402;400;399;395;390;384;377;367;357;345;333;321;311;301;290;279;266;254;240;227;216;204;193;182;173;163;154;144;135;740;26379
"352050 INDAIATUBA";2957;3087;3261;3415;3480;3451;3504;3559;3479;3434;3412;3345;3285;3276;3257;3251;3305;3340;3357;3385;3431;3494;3562;3598;3606;3613;3634;3672;3737;3825;3917;4010;4120;4249;4386;4517;4628;4705;4737;4727;4700;4658;4577;4455;4302;4134;3969;3819;3694;3588;3481;3372;3272;3183;3106;3034;2965;2896;2828;2760;2687;2618;2541;2457;2355;2243;2122;2001;1882;1767;1657;1550;1445;1342;1239;1138;1038;942;854;779;4965;259423
"352060 INDIANA";61;63;65;66;67;65;66;67;66;66;66;65;65;65;64;63;64;65;67;68;70;72;73;73;72;69;68;68;68;70;72;74;75;76;76;75;75;74;74;75;75;76;76;75;73;72;70;69;71;72;73;75;75;75;73;71;69;67;65;64;63;62;61;59;56;54;51;48;46;43;41;39;37;34;32;30;28;25;23;22;133;5176
"352070 INDIAPORA";36;39;41;44;46;46;48;50;50;51;53;54;53;53;52;50;49;48;47;45;44;43;43;42;43;43;43;45;47;48;49;51;52;53;54;55;55;56;56;58;59;59;60;60;59;56;56;55;55;56;57;58;59;59;57;55;54;54;54;58;61;63;66;64;61;56;51;47;45;43;42;41;40;38;35;32;29;29;27;29;146;4120
"352080 INUBIA PAULISTA";42;41;41;42;43;42;42;43;43;43;44;44;44;46;46;47;49;49;50;51;52;52;52;52;50;48;46;45;44;42;42;42;43;46;49;52;55;58;58;58;57;56;55;54;54;55;53;54;54;53;53;51;51;51;52;52;52;52;52;52;50;49;48;46;44;41;39;36;34;32;30;28;26;24;22;20;18;17;16;14;117;3692
"352090 IPAUSSU";181;182;187;192;193;189;192;197;196;198;203;205;206;208;207;206;208;209;207;205;204;202;204;204;202;202;202;201;199;196;194;192;192;194;198;202;205;209;209;209;207;206;204;201;199;195;191;188;185;180;176;171;167;164;165;166;166;165;165;162;159;156;152;146;138;129;120;112;104;99;95;92;86;82;76;71;67;63;61;61;330;14013
"352100 IPERO";475;496;525;549;557;550;557;564;552;544;541;532;521;517;511;507;513;517;521;529;540;553;570;585;594;605;617;626;632;636;635;635;635;636;637;637;635;630;622;614;605;594;581;564;544;522;501;482;465;449;433;417;404;397;393;390;389;384;376;364;350;337;323;311;298;285;270;253;236;217;198;180;163;149;137;125;114;104;98;90;450;36794
"352110 IPEUNA";82;85;91;97;100;100;103;105;101;99;97;94;92;92;93;96;98;100;103;104;105;107;110;111;111;112;112;110;108;105;101;99;97;97;99;102;103;106;108;107;108;108;107;105;101;97;93;90;89;88;87;86;86;84;82;80;78;76;73;71;69;66;64;62;60;59;57;55;52;49;45;42;39;37;34;32;30;27;25;21;150;6906
"352115 IPIGUA";77;83;89;94;96;93;95;97;97;101;104;105;104;102;96;90;85;81;78;79;80;81;85;85;87;88;89;90;91;92;93;93;94;96;98;101;103;104;104;102;100;98;97;94;93;93;91;91;91;91;91;91;90;91;90;89;88;86;84;81;79;76;72;70;68;64;61;59;56;52;49;46;43;40;37;34;30;27;24;21;151;6681
"352120 IPORANGA";53;54;57;60;61;61;64;66;66;68;69;69;69;71;71;70;70;69;66;62;58;55;52;51;51;52;52;53;54;56;57;58;60;60;59;59;58;58;59;59;60;61;62;61;61;61;59;58;57;56;53;51;49;48;47;46;45;45;44;45;45;45;45;44;41;39;36;34;31;28;24;22;20;18;17;16;15;15;16;17;97;4151
"352130 IPUA";189;187;190;196;199;196;200;203;198;195;191;188;187;192;200;209;222;231;235;234;234;233;233;232;232;228;228;227;226;224;224;223;222;225;228;231;235;237;238;239;240;242;240;237;231;225;218;212;206;200;195;188;183;178;174;170;167;162;159;154;150;145;140;133;126;119;112;105;98;93;89;84;78;73;68;60;55;49;43;39;234;14715
"352140 IRACEMAPOLIS";274;276;284;292;294;289;291;296;290;287;289;287;285;289;291;294;302;309;314;319;326;334;340;340;338;334;331;328;329;331;334;338;343;354;363;375;385;392;394;392;388;383;373;359;342;323;306;291;284;281;280;279;279;279;279;279;278;274;267;257;245;232;221;209;199;187;176;164;152;142;132;122;113;104;97;90;85;79;75;71;420;22249
"352150 IRAPUA";76;79;84;89;92;93;95;98;97;96;96;95;94;95;95;97;100;101;102;102;101;101;102;100;99;97;97;96;95;95;95;96;96;98;100;102;105;106;107;107;107;106;106;103;101;97;94;92;90;89;89;87;86;85;83;83;81;81;80;80;80;81;80;79;78;75;72;70;67;63;59;55;52;48;44;40;36;32;27;24;174;7027
"352160 IRAPURU";64;64;66;67;68;67;67;69;68;68;69;69;70;72;74;77;81;85;89;91;96;99;106;112;118;126;134;138;140;138;135;131;127;125;124;123;122;119;117;113;110;107;104;101;99;98;96;95;94;92;91;90;88;88;90;90;92;92;90;88;85;83;80;78;76;74;72;70;67;66;63;60;57;56;52;50;46;42;37;34;254;7285
"352170 ITABERA";242;242;248;253;254;248;251;254;249;248;249;248;246;248;249;251;258;261;262;262;263;264;267;268;268;268;268;267;266;265;263;261;261;263;268;274;279;283;286;287;287;287;285;279;271;261;253;246;241;238;235;232;229;226;223;221;218;214;210;206;200;195;188;182;177;171;164;157;147;139;129;121;111;103;95;88;80;72;64;56;403;18316
"352180 ITAI";358;359;370;380;382;376;379;386;379;376;377;374;370;372;372;371;377;378;372;365;358;354;352;353;354;360;364;367;367;366;361;359;360;367;381;395;408;419;424;425;425;423;416;407;394;379;366;354;344;338;330;324;319;315;314;313;311;307;300;291;280;270;260;250;241;231;221;209;196;181;167;152;139;127;117;106;97;87;78;69;450;25865
"352190 ITAJOBI";217;211;212;213;211;206;206;208;203;202;203;201;202;206;209;214;223;229;235;239;245;250;256;258;258;258;258;257;254;251;248;245;243;243;246;248;251;252;252;252;251;251;247;244;238;232;227;223;220;220;218;217;215;213;210;207;204;200;197;194;191;188;185;182;178;173;169;164;158;152;146;140;134;126;118;109;99;87;75;62;507;17046
"352200 ITAJU";52;51;52;54;54;54;55;56;54;52;50;47;46;48;49;51;54;56;56;55;52;51;50;49;49;50;50;50;49;49;49;49;50;51;52;54;55;56;56;53;51;49;48;47;48;48;48;48;47;45;43;40;40;38;41;42;43;44;44;44;42;42;41;41;41;40;40;39;37;34;30;28;26;23;22;21;20;18;18;16;90;3677
"352210 ITANHAEM";1231;1299;1389;1472;1522;1533;1587;1649;1653;1679;1715;1722;1720;1730;1717;1701;1708;1691;1643;1588;1532;1484;1447;1411;1379;1354;1336;1324;1319;1323;1330;1342;1365;1399;1444;1492;1536;1576;1606;1630;1650;1667;1668;1649;1616;1573;1532;1497;1471;1453;1436;1416;1405;1399;1399;1405;1409;1416;1421;1427;1428;1429;1425;1418;1401;1374;1337;1288;1225;1152;1073;993;915;840;767;692;617;536;463;376;2522;113758
"352215 ITAOCA";43;45;47;50;52;53;55;56;55;52;51;48;46;46;48;50;52;53;53;51;48;46;45;43;43;43;42;41;40;40;39;39;38;41;43;46;48;50;51;51;50;50;50;50;51;52;53;54;54;53;51;50;48;45;43;40;38;37;37;38;39;39;40;39;37;35;32;29;28;28;26;26;25;24;22;20;18;16;15;15;91;3471
"352220 ITAPECERICA DA SERRA";2009;2125;2268;2398;2467;2469;2534;2602;2576;2577;2593;2570;2546;2551;2539;2532;2569;2586;2586;2593;2607;2629;2651;2641;2603;2561;2525;2488;2456;2428;2400;2378;2382;2422;2489;2569;2639;2692;2714;2707;2691;2671;2636;2584;2520;2450;2380;2319;2268;2224;2176;2120;2061;1994;1921;1846;1770;1698;1632;1573;1514;1458;1403;1347;1285;1220;1151;1082;1012;943;874;808;743;678;615;550;487;421;359;297;1984;164436
"352230 ITAPETININGA";2050;2088;2164;2236;2260;2232;2265;2306;2263;2248;2252;2230;2216;2241;2258;2285;2353;2405;2436;2469;2510;2555;2600;2612;2595;2571;2549;2532;2519;2514;2506;2499;2500;2516;2538;2559;2574;2582;2583;2574;2565;2551;2515;2452;2369;2276;2186;2109;2052;2011;1973;1931;1895;1861;1831;1805;1778;1753;1727;1702;1674;1645;1606;1554;1487;1408;1326;1245;1170;1101;1037;975;912;847;780;712;648;586;531;493;3216;162540
"352240 ITAPEVA";1224;1241;1283;1326;1343;1329;1351;1374;1346;1332;1327;1308;1295;1310;1326;1348;1393;1423;1433;1440;1445;1454;1465;1457;1436;1412;1391;1375;1364;1360;1358;1357;1361;1375;1393;1412;1428;1441;1449;1454;1457;1458;1444;1410;1361;1305;1252;1210;1181;1167;1155;1141;1129;1121;1113;1105;1095;1077;1050;1013;970;928;884;839;792;743;694;650;614;586;562;538;511;481;444;407;369;329;286;255;1643;92708
"352250 ITAPEVI";3169;3369;3600;3816;3936;3941;4027;4098;3986;3898;3817;3687;3583;3568;3568;3601;3696;3757;3781;3801;3829;3871;3922;3936;3919;3899;3885;3874;3869;3870;3866;3863;3880;3925;3987;4052;4101;4120;4102;4047;3983;3910;3817;3701;3573;3438;3308;3194;3108;3039;2971;2892;2807;2706;2593;2476;2360;2250;2146;2051;1958;1872;1786;1703;1617;1528;1435;1341;1243;1143;1046;953;864;780;700;623;547;471;401;329;2091;238270
"352260 ITAPIRA";771;794;832;866;880;872;885;901;882;871;867;853;842;848;853;865;892;914;929;947;969;993;1022;1041;1052;1062;1075;1084;1093;1100;1105;1108;1114;1125;1139;1152;1161;1170;1177;1184;1194;1199;1191;1164;1125;1078;1035;1003;989;989;994;995;993;988;976;962;947;931;917;900;883;865;844;821;792;759;723;687;652;618;585;552;518;484;447;410;372;334;296;262;1954;73718
"352265 ITAPIRAPUA PAULISTA";74;71;70;70;69;68;68;69;66;63;61;58;58;60;65;69;76;80;82;83;82;82;81;80;76;73;71;68;66;65;63;62;61;62;65;66;68;69;69;66;64;61;60;58;58;58;57;57;57;54;52;50;48;47;46;45;43;42;41;39;36;35;33;31;29;26;24;22;21;22;22;22;21;22;21;19;18;17;16;16;68;4353
"352270 ITAPOLIS";459;462;478;493;498;491;499;507;498;494;494;487;483;489;493;499;514;524;526;527;529;533;540;547;553;560;568;575;577;577;577;575;580;589;605;621;636;646;650;647;643;639;630;615;598;579;562;550;547;550;554;558;560;562;561;559;555;548;535;516;495;474;454;437;421;405;388;370;352;333;315;298;282;267;252;237;222;208;193;178;1191;40793
"352280 ITAPORANGA";155;164;175;185;191;191;198;206;207;211;217;219;219;221;219;216;217;214;208;202;195;191;186;182;178;175;172;172;174;176;181;185;190;196;202;206;212;216;217;218;218;217;214;211;207;203;199;195;192;189;186;184;181;178;177;175;174;172;172;172;171;170;168;166;163;159;153;146;138;130;121;112;105;96;89;82;74;67;61;54;350;14450
"352290 ITAPUI";220;213;212;213;208;200;199;200;195;196;197;198;199;201;201;202;204;206;205;203;203;203;205;206;208;210;213;214;213;211;208;204;204;203;205;206;208;209;208;206;205;202;199;196;193;189;186;183;179;175;171;166;161;158;155;152;149;146;145;144;143;141;139;135;129;122;116;109;102;96;91;84;78;71;64;56;49;42;35;29;279;13783
"352300 ITAPURA";47;48;50;53;53;52;54;55;55;56;57;57;58;57;56;56;57;56;56;55;55;55;55;55;53;50;50;48;49;51;52;54;55;55;54;53;54;53;53;54;55;57;58;58;58;59;59;59;59;59;59;58;58;56;56;54;52;52;52;54;54;54;54;53;50;46;43;39;37;36;35;33;31;28;25;23;20;18;16;15;97;4085
"352310 ITAQUAQUECETUBA";5315;5511;5783;6037;6151;6108;6217;6333;6208;6143;6113;6003;5913;5928;5929;5960;6092;6176;6203;6235;6281;6343;6398;6369;6269;6153;6049;5960;5896;5860;5827;5798;5805;5863;5955;6052;6128;6167;6146;6072;5984;5890;5765;5610;5438;5258;5085;4938;4831;4751;4668;4571;4467;4346;4210;4068;3922;3778;3635;3498;3355;3217;3072;2919;2752;2573;2388;2205;2030;1862;1703;1552;1408;1269;1135;1008;891;782;687;614;3449;377333
"352320 ITARARE";607;608;624;644;653;648;660;673;657;647;639;625;618;627;641;660;689;706;705;696;684;674;671;668;669;670;672;673;670;663;655;647;644;649;661;675;686;694;694;690;685;679;672;664;658;650;644;636;627;616;603;588;574;565;558;552;546;537;526;513;497;482;467;452;436;419;401;381;362;344;327;308;290;271;253;233;211;189;167;145;998;46162
"352330 ITARIRI";232;231;239;244;245;240;244;251;249;253;259;261;262;265;263;260;262;260;254;246;240;233;228;221;215;210;205;202;200;200;202;203;205;210;215;221;225;229;229;227;224;220;217;214;211;208;204;200;196;191;186;182;177;177;179;181;183;183;180;176;170;164;158;153;148;142;136;129;123;116;110;103;98;91;85;78;71;63;56;49;378;15850
"352340 ITATIBA";1398;1446;1517;1578;1600;1579;1599;1625;1591;1578;1578;1558;1538;1540;1534;1533;1563;1586;1604;1631;1668;1710;1754;1779;1785;1787;1794;1804;1816;1833;1848;1866;1896;1940;1996;2053;2103;2142;2167;2177;2182;2180;2153;2096;2018;1929;1842;1768;1715;1680;1647;1613;1581;1554;1526;1500;1474;1449;1422;1394;1363;1332;1294;1244;1183;1113;1041;974;915;867;822;778;731;680;623;566;507;451;396;358;2518;123573
"352350 ITATINGA";258;258;264;270;270;265;269;275;271;272;277;279;281;287;289;294;302;310;314;320;325;332;338;340;340;339;336;334;331;328;324;318;316;314;314;314;313;311;307;301;296;289;283;275;267;258;251;244;241;238;234;231;228;224;218;213;207;201;193;185;177;169;161;154;147;140;132;125;118;110;104;97;91;85;79;72;67;61;54;49;319;19387
"352360 ITIRAPINA";166;175;187;194;194;189;190;191;187;187;190;190;189;188;185;182;183;188;199;217;240;263;286;305;318;329;339;345;347;345;337;330;325;323;322;323;321;316;308;298;287;275;264;251;239;226;215;205;200;196;194;190;188;185;182;179;175;171;165;158;149;142;135;130;127;124;120;115;110;103;95;89;83;77;72;65;60;53;46;37;311;16479
"352370 ITIRAPUA";87;86;86;86;86;83;84;86;85;86;87;88;88;90;89;89;92;92;91;90;89;87;88;88;88;88;87;87;85;83;80;77;75;75;77;79;82;84;83;82;80;78;78;78;79;80;81;82;80;77;74;70;68;66;66;64;65;64;61;59;55;53;51;51;52;54;54;54;53;50;47;45;41;39;37;35;33;30;27;21;153;5900
"352380 ITOBI";103;103;104;107;106;103;104;105;103;103;103;103;103;104;105;106;109;111;112;114;117;119;122;124;124;124;124;123;123;122;121;120;121;123;126;131;134;137;137;135;132;129;127;123;120;117;114;110;106;100;94;89;85;84;86;89;91;94;96;96;98;97;96;93;89;81;76;70;65;63;60;57;54;49;45;41;37;34;31;31;188;8155
"352390 ITU";2135;2182;2274;2354;2379;2347;2380;2423;2383;2376;2391;2374;2358;2369;2362;2363;2404;2429;2439;2456;2483;2520;2561;2579;2576;2571;2571;2568;2563;2557;2546;2538;2547;2580;2633;2689;2739;2779;2805;2816;2827;2831;2812;2764;2693;2610;2530;2462;2415;2382;2349;2309;2268;2221;2169;2115;2060;2006;1953;1902;1847;1793;1735;1668;1591;1505;1416;1327;1242;1161;1086;1012;940;869;798;727;660;597;538;492;3335;173416
"352400 ITUPEVA";954;998;1054;1101;1119;1103;1114;1127;1098;1082;1073;1048;1025;1015;999;988;995;1000;1005;1020;1041;1067;1093;1106;1106;1103;1104;1106;1114;1126;1137;1149;1163;1181;1200;1215;1227;1237;1246;1252;1257;1259;1241;1203;1147;1081;1016;960;914;878;845;813;784;760;741;724;707;687;662;631;598;566;537;507;479;452;423;395;371;350;328;308;287;265;241;216;191;165;137;112;887;70016
"352410 ITUVERAVA";485;470;470;473;467;455;458;465;459;461;471;474;480;490;498;508;524;535;536;534;532;533;535;535;531;529;528;526;523;521;517;515;518;529;545;563;581;597;612;624;637;647;647;634;610;582;554;532;518;512;508;503;497;492;486;478;472;466;463;459;455;452;446;436;423;407;389;371;351;332;314;296;278;261;244;228;212;196;184;173;1101;38853
"352420 JABORANDI";64;66;69;72;74;73;75;78;80;82;84;86;88;90;90;89;90;90;89;89;88;88;88;87;85;84;83;83;82;84;85;86;89;92;96;100;103;106;106;105;102;100;97;95;93;92;90;89;88;87;86;85;84;85;86;88;88;88;87;83;80;77;72;69;66;62;59;55;52;49;46;43;41;38;35;32;30;27;24;21;160;6369
"352430 JABOTICABAL";750;771;809;844;860;854;872;894;884;886;895;893;892;904;910;920;945;964;974;986;1002;1020;1039;1049;1049;1049;1049;1051;1054;1058;1060;1063;1072;1088;1110;1131;1150;1167;1180;1190;1200;1206;1200;1178;1143;1102;1062;1030;1011;1001;992;983;974;963;954;946;935;922;905;888;866;845;823;799;773;745;712;679;648;617;586;556;527;496;464;430;396;361;326;294;2049;73925
"352440 JACAREI";2687;2838;3032;3206;3296;3296;3379;3468;3428;3427;3445;3411;3375;3378;3356;3342;3384;3400;3385;3378;3382;3403;3436;3448;3442;3439;3447;3461;3487;3522;3554;3590;3644;3722;3814;3907;3988;4050;4085;4097;4102;4097;4061;3986;3881;3762;3645;3541;3457;3389;3318;3241;3174;3118;3070;3028;2982;2926;2852;2766;2669;2575;2483;2396;2306;2212;2110;2006;1901;1798;1697;1596;1496;1395;1292;1185;1077;963;847;733;4737;246699
"352450 JACI";101;104;108;113;114;113;114;115;112;109;107;103;100;100;100;101;105;107;109;112;114;117;120;120;118;117;115;114;113;114;115;115;116;119;123;126;129;131;130;127;123;120;117;114;114;113;114;112;108;103;97;91;87;83;82;82;81;81;80;79;77;75;72;69;65;60;55;50;47;43;40;38;36;34;30;28;26;25;24;25;128;7568
"352460 JACUPIRANGA";229;229;236;243;249;248;253;258;251;246;243;235;232;236;240;248;259;263;258;250;239;229;223;219;216;215;215;215;214;213;213;213;214;216;219;223;227;232;235;239;243;247;249;248;243;238;232;227;223;219;215;211;208;205;204;204;201;199;195;188;180;173;166;160;156;150;143;137;130;124;117;111;104;97;91;84;77;69;61;53;414;16531
"352470 JAGUARIUNA";743;753;777;799;802;785;791;799;779;769;767;757;748;755;758;764;786;804;818;835;857;883;908;921;925;926;928;932;939;948;957;965;975;987;1001;1012;1020;1028;1034;1039;1044;1047;1035;1009;968;921;875;837;808;789;770;751;731;709;687;664;642;623;607;594;582;570;555;534;509;480;450;420;392;367;343;321;299;278;256;236;217;200;187;179;1105;59365
"352480 JALES";525;533;555;572;576;566;572;583;574;576;583;582;579;582;578;575;583;587;588;592;600;609;622;630;634;639;644;650;656;661;667;672;681;694;711;726;741;755;766;776;786;794;796;790;776;760;745;732;723;717;710;702;697;695;695;696;696;693;685;671;653;635;617;599;578;555;531;505;478;451;424;400;376;354;335;316;298;281;267;256;1575;50038
"352490 JAMBEIRO";84;86;89;91;92;91;92;94;92;91;91;89;89;88;87;86;86;87;86;85;85;85;85;85;85;84;84;85;85;86;88;89;90;91;90;90;89;90;90;93;95;99;100;100;98;97;95;92;91;88;85;83;80;80;80;81;82;82;82;80;77;75;73;71;68;66;63;59;57;54;51;48;46;43;39;34;30;26;22;17;142;6456
"352500 JANDIRA";1465;1553;1658;1747;1788;1779;1810;1845;1809;1793;1790;1760;1733;1728;1715;1708;1735;1761;1791;1836;1897;1959;2014;2032;2016;1990;1965;1941;1922;1909;1896;1884;1889;1917;1961;2011;2052;2080;2088;2074;2055;2031;1994;1940;1878;1810;1746;1693;1660;1639;1622;1598;1569;1531;1484;1433;1380;1325;1265;1204;1140;1080;1023;970;920;870;819;764;708;651;593;540;490;445;403;365;329;293;260;226;1327;121374
"352510 JARDINOPOLIS";571;587;614;640;650;646;657;668;655;646;643;631;623;627;630;639;656;669;673;676;680;686;698;705;709;714;720;725;727;726;723;720;721;726;735;744;751;756;759;759;758;756;745;725;698;668;637;611;591;575;561;546;532;522;515;508;500;492;482;470;456;442;428;411;395;376;355;336;318;301;286;272;255;237;219;199;179;159;137;119;854;45911
"352520 JARINU";527;538;560;577;580;568;572;578;565;559;559;551;542;538;530;523;525;524;522;522;525;532;539;540;536;532;530;533;541;556;571;586;600;613;622;629;633;634;633;628;624;617;607;591;570;550;529;510;494;479;465;450;438;426;417;410;401;393;383;372;360;348;337;325;312;297;282;267;251;235;220;206;191;177;162;147;134;118;104;91;596;37359
"352530 JAU";1501;1530;1593;1654;1681;1669;1702;1739;1713;1707;1716;1703;1697;1719;1734;1755;1807;1839;1850;1858;1867;1883;1902;1902;1887;1872;1863;1862;1870;1891;1913;1938;1976;2027;2089;2152;2208;2252;2277;2283;2285;2281;2258;2213;2152;2083;2016;1960;1920;1894;1868;1839;1815;1795;1778;1762;1746;1726;1701;1670;1633;1595;1555;1510;1455;1394;1327;1255;1181;1107;1033;963;896;830;770;710;653;599;551;509;3506;137875
"352540 JERIQUARA";52;55;59;62;64;63;64;66;64;63;62;60;59;59;59;59;60;60;61;61;64;64;66;66;66;65;64;63;62;60;57;56;55;55;57;59;61;61;62;61;60;58;56;55;55;56;54;54;52;49;47;44;41;40;40;40;39;39;38;37;34;32;31;30;29;28;27;25;23;22;20;18;17;15;13;13;11;11;11;10;72;3882
"352550 JOANOPOLIS";153;154;159;164;168;166;170;174;173;174;177;176;177;179;179;180;182;183;178;172;166;160;159;158;158;160;164;167;172;176;181;185;189;194;197;198;200;202;203;201;201;199;197;193;188;181;176;172;172;172;173;173;173;171;169;166;163;160;157;157;155;152;150;144;138;131;123;117;111;107;104;100;96;90;85;77;71;63;55;49;347;13006
"352560 JOAO RAMALHO";52;55;61;64;67;68;69;72;71;71;71;70;69;70;68;66;65;64;62;60;59;58;57;58;59;59;61;62;63;64;64;65;66;67;67;68;68;68;68;68;68;67;67;65;64;62;60;59;59;59;58;58;58;57;56;54;53;52;51;49;48;45;44;43;42;40;38;37;34;31;29;26;24;21;20;19;17;16;15;14;87;4450
"352570 JOSE BONIFACIO";472;472;485;495;496;486;491;498;488;485;486;484;481;486;488;492;505;515;519;524;531;539;549;554;555;557;558;559;562;564;565;565;569;577;585;595;601;605;605;602;599;593;583;567;546;524;504;487;478;473;470;465;463;461;460;460;458;454;445;433;419;403;389;375;360;345;329;310;292;272;254;236;220;205;193;180;168;158;148;141;819;37384
"352580 JULIO MESQUITA";61;61;63;64;64;61;61;62;61;60;60;58;57;57;57;56;58;58;61;63;65;66;69;69;66;64;62;60;59;58;57;57;56;58;59;60;62;62;64;64;62;62;61;60;58;56;54;53;53;54;54;55;55;55;55;55;54;54;52;52;51;50;48;46;45;43;41;38;35;33;31;29;27;26;25;24;23;23;23;24;99;4338
"352585 JUMIRIM";43;45;46;49;50;49;49;50;48;45;42;39;38;38;39;42;44;47;48;48;48;49;49;48;47;45;43;43;43;44;47;47;48;49;48;47;46;46;46;46;47;47;47;46;43;41;39;37;37;37;37;37;37;36;36;34;33;32;32;31;32;31;31;30;29;26;25;22;21;19;17;16;15;13;13;12;12;12;13;14;81;3078
"352590 JUNDIAI";4914;5086;5350;5574;5653;5584;5658;5750;5637;5599;5605;5538;5472;5469;5428;5402;5475;5522;5543;5595;5682;5797;5932;6026;6081;6140;6220;6321;6454;6612;6771;6927;7102;7295;7490;7671;7820;7936;8006;8033;8047;8030;7923;7706;7405;7062;6731;6448;6244;6105;5983;5853;5734;5624;5522;5426;5331;5229;5115;4992;4855;4724;4589;4447;4289;4113;3925;3731;3537;3348;3165;2987;2814;2641;2468;2293;2119;1943;1774;1619;11678;449739
"352600 JUNQUEIROPOLIS";206;215;229;240;244;243;249;255;255;258;263;265;264;264;261;258;258;256;253;249;246;246;249;256;264;274;285;297;309;319;327;334;339;340;339;334;329;325;324;325;328;332;331;325;315;304;293;286;281;282;283;283;282;281;280;276;273;267;258;247;236;224;214;208;204;201;196;191;182;173;163;154;144;137;129;121;113;103;94;80;612;20732
"352610 JUQUIA";224;229;237;246;251;250;256;262;258;258;259;256;254;257;259;263;269;273;271;267;262;258;253;243;231;219;206;198;194;195;197;201;205;212;219;226;233;239;244;247;250;254;255;253;251;247;243;240;236;233;229;224;222;221;222;223;224;225;223;221;218;213;208;202;194;185;176;166;157;148;139;131;122;115;108;101;94;88;84;81;481;17688
"352620 JUQUITIBA";355;372;393;413;423;422;432;442;434;431;430;422;416;417;416;417;425;428;430;430;430;432;432;424;411;395;381;370;366;367;369;374;379;387;396;404;413;418;420;418;416;413;409;405;399;394;388;385;383;382;380;379;375;368;361;352;343;334;327;320;312;306;298;289;278;266;253;240;226;213;198;184;171;158;144;131;117;103;88;76;482;28380
"352630 LAGOINHA";54;52;53;54;53;53;54;57;56;57;58;59;59;62;63;65;67;68;67;65;63;62;60;59;61;62;63;64;64;62;61;60;60;60;61;62;66;67;70;73;77;79;82;80;78;74;72;70;72;77;82;86;88;88;86;82;77;74;72;71;70;69;69;66;64;61;58;55;51;49;46;44;41;39;38;36;34;33;33;33;194;5186
"352640 LARANJAL PAULISTA";339;339;347;353;354;346;350;355;348;347;348;347;345;350;353;357;368;376;381;386;392;399;406;406;402;397;394;391;391;392;394;395;399;404;409;415;419;423;423;421;421;418;412;402;390;375;362;350;340;334;328;322;319;316;315;314;314;313;311;307;300;294;288;279;268;257;244;231;220;209;199;189;179;169;158;146;135;124;112;104;744;26973
"352650 LAVINIA";33;43;54;60;61;59;57;57;57;57;60;63;63;63;59;55;55;62;76;98;128;160;193;225;252;278;301;316;323;322;315;307;298;290;282;274;264;253;242;230;217;205;191;176;160;145;131;119;110;104;100;95;91;87;85;81;79;77;73;71;69;67;64;62;60;57;54;50;48;45;43;41;39;37;36;33;32;31;30;30;171;9941
"352660 LAVRINHAS";96;100;106;112;113;113;115;118;116;115;115;112;111;111;110;109;110;110;108;107;106;106;106;106;108;109;112;112;112;110;107;106;105;106;108;111;114;116;117;116;115;115;114;111;109;106;102;100;98;97;95;93;91;89;86;82;79;76;74;72;70;68;66;63;61;58;54;50;46;43;39;35;32;30;28;26;24;23;23;22;104;7269
"352670 LEME";1213;1231;1277;1318;1333;1316;1337;1365;1348;1348;1361;1359;1358;1374;1380;1391;1425;1447;1453;1460;1470;1488;1509;1521;1524;1528;1535;1541;1550;1559;1566;1573;1586;1611;1641;1671;1694;1706;1702;1686;1663;1638;1604;1559;1508;1455;1404;1361;1329;1305;1283;1259;1239;1223;1207;1195;1180;1159;1129;1090;1047;1004;963;926;892;855;816;774;733;690;650;609;569;530;491;451;411;370;326;283;1980;100915
"352680 LENCOIS PAULISTA";829;845;879;908;916;901;912;927;912;911;917;911;906;911;908;910;926;938;944;954;967;986;1005;1014;1015;1015;1016;1018;1021;1026;1030;1033;1041;1056;1074;1093;1107;1117;1119;1115;1110;1102;1086;1061;1030;995;962;935;915;900;887;872;860;848;838;827;816;802;787;767;745;723;697;668;636;599;561;525;491;461;435;409;382;354;327;299;273;248;225;210;1274;67975
"352690 LIMEIRA";3322;3386;3518;3642;3687;3645;3702;3773;3709;3692;3706;3677;3662;3706;3738;3786;3902;3991;4052;4119;4202;4297;4387;4419;4401;4373;4353;4352;4379;4433;4490;4547;4613;4689;4767;4835;4889;4929;4947;4946;4944;4933;4881;4777;4639;4482;4333;4211;4132;4082;4038;3987;3939;3894;3848;3801;3753;3698;3632;3558;3473;3387;3294;3192;3073;2938;2789;2630;2465;2295;2128;1967;1814;1669;1532;1400;1276;1157;1054;960;6433;300151
"352700 LINDOIA";85;86;89;92;92;90;90;93;91;91;92;91;90;91;90;89;90;91;91;92;93;94;95;95;93;90;90;88;90;91;93;96;98;102;104;107;109;111;112;112;112;112;110;108;104;100;95;94;93;96;98;101;102;102;100;98;95;93;92;91;89;88;86;83;79;74;70;64;62;59;57;55;52;47;45;40;37;33;29;27;191;7132
"352710 LINS";852;882;929;966;979;964;975;990;972;968;973;963;952;951;942;933;944;954;969;995;1028;1065;1097;1110;1106;1098;1090;1085;1082;1084;1084;1086;1094;1112;1137;1163;1186;1203;1213;1214;1215;1212;1200;1175;1141;1103;1068;1039;1020;1010;1001;991;984;980;980;979;977;970;955;932;904;877;850;824;797;767;734;700;665;629;594;557;523;488;453;417;382;344;306;269;2177;76579
"352720 LORENA";1070;1078;1113;1147;1157;1142;1158;1179;1159;1152;1156;1146;1139;1153;1163;1176;1207;1228;1232;1233;1234;1240;1253;1258;1258;1260;1264;1268;1272;1277;1277;1279;1284;1295;1309;1323;1333;1343;1352;1360;1370;1376;1366;1336;1288;1232;1179;1137;1110;1095;1085;1074;1068;1067;1070;1073;1075;1071;1055;1030;999;967;935;904;874;840;803;764;725;686;649;612;575;539;503;467;431;395;358;325;2073;87508
"352725 LOURDES";21;21;23;24;24;24;25;26;26;24;24;23;23;24;23;24;25;26;26;26;26;26;26;25;24;23;22;22;21;21;20;20;20;21;23;25;27;29;30;29;30;30;30;30;29;28;27;27;27;28;29;29;30;30;28;27;26;26;25;24;24;23;23;23;24;24;25;25;24;24;22;21;20;19;19;18;17;16;14;12;66;2005
"352730 LOUVEIRA";693;732;777;812;824;811;817;822;795;777;763;741;719;710;699;692;701;712;730;759;797;838;875;900;907;911;914;915;911;905;894;885;883;892;909;928;943;951;950;940;926;910;883;844;796;745;697;655;625;604;585;567;550;532;512;494;475;459;444;429;414;401;387;373;358;342;323;305;285;263;243;222;205;186;171;155;141;127;114;101;743;51725
"352740 LUCELIA";213;211;216;219;218;212;214;218;216;219;226;230;232;236;234;234;237;240;242;244;248;253;259;265;270;273;279;283;287;290;292;294;298;303;310;316;323;327;330;332;334;335;334;331;328;322;317;314;310;309;306;302;300;297;296;294;292;288;281;273;263;254;244;233;223;212;200;188;178;168;159;150;142;134;126;118;110;104;97;92;565;20466
"352750 LUCIANOPOLIS";28;27;28;29;29;28;28;30;30;30;31;31;32;32;32;32;33;33;35;35;35;36;37;37;36;35;35;34;32;31;31;30;30;31;33;35;39;41;42;41;41;40;39;38;37;35;33;32;30;29;28;27;26;25;24;23;22;22;22;23;24;24;26;27;27;28;27;27;27;27;26;25;24;23;21;19;15;11;8;5;66;2417
"352760 LUIS ANTONIO";179;176;178;180;179;174;177;180;179;183;188;190;194;197;197;198;201;202;198;193;189;184;183;185;187;191;195;198;199;198;195;193;192;194;198;202;207;208;208;205;201;198;193;187;181;175;169;164;158;155;152;147;144;140;137;134;131;129;128;126;124;123;120;114;107;97;90;81;75;70;65;61;57;52;47;41;36;33;30;30;201;12457
"352770 LUIZIANIA";62;63;67;70;72;72;73;75;73;70;69;66;64;64;65;66;68;69;68;66;64;63;61;61;62;65;66;68;68;68;68;68;69;71;74;77;81;81;79;76;71;67;64;61;59;57;56;55;55;55;56;57;58;59;60;62;62;63;63;63;61;59;57;54;51;46;42;38;35;34;32;31;29;28;25;23;21;20;19;19;132;4811
"352780 LUPERCIO";48;49;52;55;56;57;58;61;60;61;61;60;60;60;60;59;60;59;58;55;53;50;49;48;47;47;48;48;50;52;53;55;57;57;57;57;56;57;58;60;62;65;65;65;61;57;53;50;49;49;49;50;50;51;51;52;52;53;52;52;49;47;45;44;45;43;43;41;39;35;32;30;27;25;23;22;22;21;19;18;111;4077
"352790 LUTECIA";29;31;33;36;37;36;36;38;39;39;39;39;39;38;37;36;35;34;34;33;33;34;34;33;33;33;33;33;33;35;36;38;39;41;41;41;41;41;40;39;39;38;37;37;37;37;36;36;35;34;33;33;32;34;35;36;37;39;39;39;37;36;36;34;32;30;28;26;24;21;20;18;17;16;15;14;14;14;14;15;80;2713
"352800 MACATUBA";222;222;228;233;233;227;229;234;232;235;239;241;243;244;242;239;242;242;241;239;240;241;243;244;244;247;248;249;251;253;256;256;259;263;267;272;275;277;277;275;271;268;263;254;243;232;222;215;212;212;214;216;218;219;220;221;221;218;215;206;197;188;179;169;159;148;137;127;119;112;105;99;93;86;79;73;67;62;55;52;408;17118
"352810 MACAUBAL";86;84;85;86;85;84;86;87;85;85;86;86;86;87;88;91;93;94;94;93;91;90;89;90;90;90;91;92;93;94;94;95;96;99;102;105;108;110;110;111;112;113;111;109;106;104;101;100;99;102;104;107;108;109;109;107;107;106;105;105;104;104;102;101;98;94;90;86;82;77;72;69;64;60;58;54;52;49;46;45;330;7652
"352820 MACEDONIA";48;44;43;43;43;42;44;45;44;44;43;44;44;47;50;53;56;57;57;56;52;50;48;46;46;44;44;43;43;44;44;45;46;48;49;51;53;54;56;59;62;64;64;64;63;62;60;59;58;58;58;57;58;58;58;59;59;60;59;58;57;56;54;53;50;48;45;41;41;40;38;37;35;34;32;29;26;24;21;18;137;4026
"352830 MAGDA";19;25;29;32;35;37;37;39;40;41;42;42;41;41;39;36;34;34;34;36;36;38;40;40;39;37;35;35;36;39;41;44;46;46;43;42;39;39;38;41;45;46;48;50;50;50;49;49;49;49;48;48;47;47;46;45;43;43;44;44;44;45;45;45;43;42;39;38;35;34;32;31;28;27;26;25;24;22;22;22;128;3244
"352840 MAIRINQUE";617;636;667;693;700;690;699;712;703;704;711;709;706;706;699;693;699;703;705;713;725;741;756;763;762;762;761;759;759;758;757;756;760;773;790;809;826;837;841;839;836;831;820;800;776;748;722;700;684;673;663;650;640;630;620;612;603;591;577;562;545;528;511;492;470;448;424;400;378;356;335;314;292;271;248;225;201;178;154;133;832;50872
"352850 MAIRIPORA";1114;1173;1246;1312;1343;1339;1369;1403;1383;1379;1382;1365;1346;1344;1333;1325;1340;1346;1342;1343;1348;1358;1371;1369;1354;1339;1326;1319;1319;1325;1333;1342;1358;1382;1413;1443;1470;1494;1512;1526;1539;1549;1544;1521;1485;1441;1397;1361;1337;1320;1306;1287;1266;1245;1222;1198;1174;1149;1124;1100;1074;1046;1015;978;935;887;835;781;728;676;626;578;531;487;444;404;367;332;302;279;1620;95718
"352860 MANDURI";124;123;126;128;127;124;125;128;126;128;132;133;134;137;135;135;135;136;135;134;134;134;135;135;135;136;136;137;139;141;143;146;148;150;150;151;150;150;149;148;147;146;144;141;138;134;132;130;131;135;138;140;141;139;136;131;125;121;117;115;113;112;108;105;100;94;89;84;81;80;78;77;74;71;67;63;57;51;45;40;283;10005
"352870 MARABA PAULISTA";35;39;45;48;49;47;47;46;46;46;48;49;50;48;45;42;41;43;50;62;77;91;103;111;113;115;114;112;108;102;95;89;82;79;75;72;69;67;65;65;65;64;65;65;65;64;64;63;62;61;60;59;59;58;59;60;60;60;58;56;53;50;48;46;43;41;39;37;34;32;30;28;25;24;22;20;18;16;14;11;78;4666
"352880 MARACAI";153;156;163;169;173;171;173;177;173;172;172;169;166;167;167;169;172;175;175;175;175;177;178;177;175;174;173;171;171;173;173;174;177;180;186;192;198;201;204;205;204;204;203;199;195;189;185;182;180;179;178;177;176;176;175;175;173;170;166;159;151;144;138;133;130;126;122;118;113;106;100;93;87;82;77;72;67;61;55;48;286;12975
"352885 MARAPOAMA";45;43;43;43;43;41;41;42;40;39;39;38;37;38;39;40;41;42;43;43;44;44;45;46;46;46;46;46;47;48;50;50;52;53;52;52;53;52;52;53;53;53;53;52;51;48;45;45;44;44;44;44;44;44;43;42;41;40;38;38;36;36;35;35;33;32;31;29;28;27;24;23;22;20;19;19;17;16;15;14;76;3290
"352890 MARIAPOLIS";41;42;42;44;44;43;44;45;45;45;46;45;45;46;46;45;46;46;45;45;44;44;43;43;43;43;43;43;44;47;49;51;52;53;52;52;52;51;51;52;52;52;52;50;49;47;45;43;43;43;43;44;45;47;51;54;56;58;58;57;54;51;49;47;44;42;40;37;35;33;31;29;27;24;23;22;21;19;18;18;108;3603
"352900 MARILIA";2909;2987;3122;3233;3260;3204;3230;3267;3189;3153;3143;3093;3045;3037;3010;2996;3040;3078;3115;3176;3258;3353;3452;3519;3549;3574;3599;3613;3611;3595;3566;3539;3533;3561;3615;3677;3730;3774;3808;3831;3855;3873;3862;3815;3741;3651;3563;3479;3404;3334;3257;3176;3108;3058;3025;3000;2973;2937;2889;2828;2757;2687;2613;2534;2445;2344;2235;2124;2011;1901;1793;1689;1586;1484;1382;1280;1178;1076;977;890;6474;244332
"352910 MARINOPOLIS";18;17;17;17;18;17;17;19;19;19;20;19;21;21;21;22;23;24;24;24;24;24;24;25;24;23;23;23;24;24;23;23;23;23;24;25;26;27;27;28;27;28;28;28;28;28;28;29;29;30;31;31;31;31;31;31;31;31;31;32;31;31;30;30;27;26;23;21;19;18;17;16;14;14;12;11;10;8;8;9;48;1901
"352920 MARTINOPOLIS";284;288;299;309;311;308;313;319;314;314;318;318;316;319;320;322;328;334;336;340;343;350;357;363;369;374;379;383;385;384;382;379;378;381;385;391;395;397;394;390;385;379;372;364;353;342;333;327;325;328;333;336;340;343;345;345;346;341;334;323;309;297;282;271;261;250;238;225;213;199;187;175;163;153;141;130;120;109;98;88;676;25348
"352930 MATAO";806;846;899;949;977;978;1003;1028;1013;1008;1007;994;983;990;995;1006;1033;1052;1059;1066;1076;1090;1110;1124;1133;1143;1156;1168;1179;1189;1196;1203;1217;1242;1274;1305;1331;1352;1362;1363;1362;1356;1339;1308;1268;1221;1178;1143;1122;1113;1104;1095;1088;1081;1075;1069;1062;1050;1031;1007;977;948;917;888;855;818;779;737;693;650;605;562;520;479;439;400;360;321;283;248;1774;81230
"352940 MAUA";5190;5337;5578;5788;5861;5788;5871;5976;5871;5846;5870;5822;5783;5824;5832;5861;6000;6116;6213;6347;6513;6697;6872;6953;6945;6916;6895;6881;6886;6909;6925;6939;6983;7064;7167;7267;7341;7376;7360;7298;7224;7138;7006;6818;6596;6359;6135;5953;5837;5767;5707;5630;5546;5446;5327;5199;5063;4916;4752;4577;4388;4205;4022;3842;3655;3459;3253;3046;2843;2645;2455;2271;2094;1921;1753;1587;1428;1271;1118;983;6352;432548
"352950 MENDONCA";83;81;81;81;80;76;76;77;76;77;78;79;79;79;79;78;79;78;78;78;78;79;80;80;81;81;82;83;84;88;91;94;96;98;99;101;101;100;100;99;97;96;94;90;87;84;80;77;76;76;76;76;77;78;79;79;79;79;76;72;67;63;59;58;57;57;56;56;54;52;49;47;44;42;40;38;36;33;30;25;163;6122
"352960 MERIDIANO";43;45;49;53;56;56;58;61;60;60;60;60;59;60;60;61;62;63;63;62;61;61;62;62;61;62;61;62;61;61;62;61;61;61;62;62;63;64;66;67;68;70;72;72;71;70;69;69;68;67;65;65;63;62;62;62;60;60;61;60;58;56;55;54;52;49;46;45;42;38;35;32;30;28;27;25;24;24;23;23;132;4608
"352965 MESOPOLIS";21;23;24;25;25;24;24;26;26;27;28;30;30;30;29;28;27;27;26;28;28;29;31;31;29;27;25;24;24;25;26;25;26;27;27;27;28;28;28;28;29;29;29;29;29;29;29;30;28;26;24;22;21;21;23;24;25;27;27;27;26;25;24;23;22;21;20;19;18;16;15;13;13;12;10;10;10;9;9;9;57;1980
"352970 MIGUELOPOLIS";275;268;269;270;267;259;261;265;260;263;268;271;274;279;282;284;292;297;297;297;298;298;301;301;299;296;294;291;286;279;270;264;262;267;278;291;304;313;316;315;310;305;302;297;293;289;286;282;278;273;267;260;255;252;250;248;247;243;238;230;219;209;202;193;186;179;171;162;153;144;136;128;120;112;104;96;88;80;70;62;353;19893
"352980 MINEIROS DO TIETE";139;139;142;146;147;145;147;151;149;150;152;153;153;155;156;156;159;160;158;154;153;150;150;149;149;151;152;153;154;156;159;161;163;168;173;179;184;187;189;189;188;187;185;180;175;169;162;158;154;152;149;148;145;144;144;144;143;143;141;139;136;134;131;128;125;122;119;113;107;101;94;87;79;73;65;58;50;42;35;26;258;11513
"352990 MIRACATU";257;264;276;288;293;291;296;303;299;298;299;295;292;292;290;288;291;290;284;278;272;268;263;259;253;248;244;240;238;236;235;235;237;241;246;251;257;262;265;267;267;268;268;266;262;259;254;252;249;246;243;239;237;236;238;239;239;239;235;229;220;214;206;199;193;186;177;169;161;152;144;135;128;119;110;101;92;82;72;62;427;19095
"353000 MIRA ESTRELA";32;33;36;38;38;38;38;39;39;38;39;37;38;37;36;35;34;34;33;32;32;32;32;32;33;33;34;35;36;37;39;40;40;41;41;40;40;41;41;42;43;45;45;46;47;46;47;47;47;47;46;45;45;44;45;45;45;45;46;47;48;48;48;49;49;47;46;45;43;41;39;37;34;31;27;24;20;16;13;8;77;3168
"353010 MIRANDOPOLIS";219;232;251;267;278;279;289;298;300;302;307;308;307;309;308;307;313;314;311;307;305;305;312;328;347;372;397;422;442;460;474;487;500;513;525;536;543;548;546;540;533;525;513;499;482;465;449;435;424;416;408;401;396;393;392;392;391;388;379;366;351;335;321;306;292;278;264;249;239;228;220;212;204;195;185;175;165;154;142;133;912;28915
"353020 MIRANTE DO PARANAPANEMA";175;181;191;201;207;207;215;222;221;223;225;224;223;225;226;225;229;228;223;215;208;201;196;191;186;182;179;177;179;183;188;193;198;203;206;210;213;216;219;220;223;226;228;228;229;228;228;229;231;234;236;238;240;244;248;250;253;252;248;240;230;219;210;199;191;183;173;163;154;145;136;128;120;113;105;99;92;86;80;75;506;16374
"353030 MIRASSOL";799;805;829;851;854;837;842;850;828;816;811;797;786;788;787;789;804;813;815;816;820;828;841;851;857;865;876;888;903;919;934;948;964;980;997;1013;1024;1033;1040;1044;1048;1050;1043;1025;998;967;938;914;899;891;883;874;865;857;848;838;827;813;794;771;743;716;690;663;634;604;572;540;511;484;458;432;406;378;351;321;291;260;228;200;1530;64097
"353040 MIRASSOLANDIA";62;62;62;63;63;61;61;62;62;62;63;64;65;66;65;64;63;64;63;64;63;64;65;66;66;67;67;68;67;66;63;62;61;63;65;68;69;71;71;70;68;66;66;65;66;66;68;67;67;65;63;60;58;58;58;59;59;58;58;56;53;50;48;47;47;45;44;43;41;38;37;35;32;31;29;28;27;26;23;21;141;4720
"353050 MOCOCA";729;750;787;823;840;838;858;879;866;864;866;858;853;862;869;880;904;920;925;926;930;937;946;949;945;942;941;941;943;947;951;955;965;983;1006;1030;1051;1069;1082;1090;1097;1102;1097;1076;1046;1010;977;950;933;926;919;911;907;907;910;912;914;911;901;882;859;836;814;791;767;740;710;680;649;617;587;555;524;491;456;419;381;341;299;258;1821;69583
"353060 MOGI DAS CRUZES";5662;5850;6135;6390;6491;6435;6552;6695;6607;6606;6657;6618;6575;6608;6586;6580;6687;6746;6760;6789;6845;6920;6999;7001;6935;6860;6801;6757;6741;6750;6761;6779;6830;6923;7047;7171;7279;7361;7408;7421;7429;7422;7349;7195;6981;6734;6498;6297;6151;6046;5947;5834;5728;5628;5528;5431;5328;5210;5071;4915;4741;4571;4401;4231;4050;3857;3650;3438;3223;3008;2802;2602;2411;2227;2051;1880;1716;1554;1399;1262;8479;459893
"353070 MOGI GUACU";1823;1877;1964;2039;2061;2033;2058;2092;2050;2038;2043;2021;2000;2002;1990;1986;2019;2042;2056;2082;2120;2168;2223;2264;2289;2314;2343;2367;2386;2400;2405;2411;2431;2470;2523;2577;2620;2647;2649;2627;2600;2569;2523;2462;2393;2321;2251;2190;2147;2114;2081;2045;2015;1990;1967;1947;1925;1895;1856;1807;1750;1695;1642;1591;1540;1485;1422;1352;1273;1190;1105;1024;947;877;815;754;697;638;587;532;3187;157711
"353080 MOGI MIRIM";1012;1044;1096;1144;1165;1158;1180;1206;1188;1185;1190;1179;1170;1177;1178;1182;1207;1222;1224;1228;1235;1248;1266;1277;1283;1290;1301;1313;1324;1337;1348;1359;1378;1408;1446;1486;1519;1545;1557;1558;1557;1551;1534;1501;1459;1412;1367;1333;1311;1301;1295;1285;1276;1268;1258;1249;1238;1223;1203;1178;1150;1120;1090;1056;1020;979;934;887;839;789;742;694;648;602;556;511;466;420;378;337;2306;95136
"353090 MOMBUCA";63;63;65;65;65;63;63;63;60;58;58;56;54;53;53;52;53;53;54;53;53;53;53;54;56;55;56;57;56;55;53;51;51;51;53;54;55;56;56;55;54;52;51;50;50;49;47;47;48;47;47;48;48;47;47;47;47;47;45;44;41;40;38;35;33;30;28;25;23;21;20;19;17;16;15;15;13;13;13;14;66;3747
"353100 MONCOES";17;18;20;21;22;23;24;25;25;25;25;24;24;24;24;24;26;25;24;22;20;18;17;17;17;16;17;18;18;18;19;19;21;22;24;25;27;29;29;29;28;27;28;28;29;29;29;30;30;30;29;29;29;29;30;30;30;31;31;31;31;30;31;30;29;28;26;25;23;22;20;19;18;17;16;15;15;14;14;15;80;1987
"353110 MONGAGUA";556;631;709;781;830;851;887;918;908;900;892;869;847;839;833;831;843;845;837;827;819;816;820;826;834;844;854;854;842;818;787;759;745;750;772;802;831;852;859;856;850;844;842;842;847;852;858;858;849;831;808;784;766;756;754;757;761;771;790;813;839;861;872;867;843;807;767;731;702;680;658;633;596;549;490;423;349;269;191;120;1144;62398
"353120 MONTE ALEGRE DO SUL";77;83;91;98;101;103;105;108;105;104;103;101;99;97;97;96;98;99;99;100;102;103;105;106;106;107;108;109;110;112;113;115;118;122;127;131;135;137;138;138;137;135;133;131;128;125;124;121;120;119;118;117;116;117;118;120;120;121;122;124;125;125;124;121;116;109;102;94;88;82;76;71;66;62;56;52;50;48;48;51;267;8705
"353130 MONTE ALTO";514;524;546;565;573;566;574;583;570;563;562;552;547;551;554;561;578;590;596;604;612;623;638;647;654;659;666;673;679;685;689;693;703;719;742;765;784;798;804;801;796;789;777;758;735;712;689;673;667;669;673;675;676;674;672;666;660;652;640;626;609;593;575;558;540;519;496;473;449;425;402;379;356;333;311;288;265;242;219;197;1466;48881
"353140 MONTE APRAZIVEL";248;250;258;266;268;265;269;276;273;274;278;278;279;283;285;287;293;297;296;296;295;297;299;296;293;291;288;289;293;299;306;313;321;331;341;349;357;362;364;363;361;359;354;346;337;327;319;311;308;305;304;302;301;300;298;298;296;292;287;279;270;261;254;247;241;236;228;221;212;202;192;182;172;164;154;145;134;123;112;98;710;22708
"353150 MONTE AZUL PAULISTA";203;202;206;211;211;208;212;217;214;214;217;217;218;222;225;229;237;241;240;237;235;232;234;238;243;249;256;263;267;270;272;274;276;280;285;289;292;295;296;296;295;294;291;282;274;263;253;247;246;249;255;257;260;261;257;254;250;246;241;236;230;224;216;208;198;187;175;165;157;153;148;142;138;131;123;115;106;97;88;82;567;18584
"353160 MONTE CASTELO";55;54;55;57;56;56;56;56;55;54;54;52;52;52;53;53;55;56;56;54;53;53;52;52;52;54;54;55;54;55;54;54;54;55;56;58;59;61;63;64;67;68;69;67;65;62;58;56;54;55;54;54;54;54;55;55;56;56;57;56;56;56;56;54;52;50;49;46;43;39;37;34;32;30;27;25;25;24;24;22;139;4295
"353170 MONTEIRO LOBATO";41;46;52;56;58;59;61;63;64;65;67;68;68;66;63;60;57;54;51;50;50;49;49;47;47;46;46;44;45;46;47;48;50;53;56;59;61;64;65;64;64;64;62;62;60;59;57;57;55;54;52;51;51;52;54;57;59;61;62;61;60;59;56;55;53;51;48;45;42;38;34;31;28;25;23;23;22;22;22;24;105;4225
"353180 MONTE MOR";861;897;944;983;998;985;999;1016;997;991;991;980;965;960;947;936;943;944;941;944;952;965;980;987;986;985;987;990;993;1000;1005;1010;1021;1036;1056;1074;1089;1103;1119;1131;1144;1151;1143;1110;1060;1001;943;893;857;831;809;786;761;736;709;682;657;635;616;601;586;571;554;535;510;483;452;423;394;367;339;313;287;262;238;212;188;164;143;125;866;64828
"353190 MORRO AGUDO";373;377;390;404;409;404;411;420;415;414;417;416;415;420;421;425;434;439;437;432;428;426;426;425;423;423;424;424;425;424;424;426;429;439;451;465;476;483;482;474;465;454;443;432;422;412;403;395;388;384;378;371;365;359;352;346;338;330;319;308;295;282;269;257;245;233;221;208;197;186;175;165;157;146;135;126;115;104;94;84;512;28940
"353200 MORUNGABA";185;185;189;195;194;191;193;196;191;188;186;184;182;185;187;189;196;200;202;203;203;204;207;208;207;207;208;208;208;208;208;208;209;210;211;213;215;217;217;219;220;221;220;217;211;204;198;191;187;184;179;175;172;169;166;162;160;157;152;146;140;134;129;125;120;117;113;107;103;99;95;90;86;80;74;67;60;52;43;33;257;13831
"353205 MOTUCA";42;45;49;53;55;56;58;60;59;57;57;54;53;54;54;55;58;58;57;55;53;53;52;52;54;56;58;59;59;59;58;58;58;58;58;59;59;60;61;63;66;68;69;68;67;65;63;60;59;57;55;53;52;52;53;53;53;53;53;52;52;51;49;47;45;41;38;34;32;31;30;29;28;26;23;20;18;16;14;13;91;4135
"353210 MURUTINGA DO SUL";35;37;39;40;41;41;42;44;43;43;42;41;41;41;42;43;46;46;47;48;48;48;47;47;44;42;40;39;38;39;39;40;41;42;43;44;44;46;47;49;50;52;53;54;54;54;54;54;56;57;59;60;62;64;65;66;67;66;66;63;59;56;53;51;49;49;47;46;43;41;39;36;35;33;31;31;30;29;27;27;151;3848
"353215 NANTES";35;37;38;39;40;40;41;41;41;41;41;41;41;41;41;40;41;40;39;37;36;37;36;36;36;37;38;39;39;40;39;40;40;41;40;40;40;40;40;40;41;41;42;40;39;36;35;35;35;36;38;39;39;41;39;38;37;36;34;32;30;27;26;24;22;21;19;17;16;16;14;13;13;12;11;11;10;9;10;9;56;2708
"353220 NARANDIBA";73;81;89;95;98;98;100;102;100;98;98;95;92;90;86;82;80;79;79;80;82;86;88;90;91;91;91;90;90;87;83;81;79;80;82;85;87;89;89;88;86;84;82;80;79;76;74;72;72;71;70;69;68;67;66;64;62;60;59;58;57;54;53;50;46;41;37;33;31;30;29;29;28;27;24;22;20;18;17;17;98;5704
"353230 NATIVIDADE DA SERRA";77;82;88;93;93;93;95;97;97;97;100;100;99;98;95;90;87;84;82;82;82;83;84;83;81;79;77;75;76;77;78;80;82;85;87;91;93;95;98;100;102;104;105;104;100;97;93;91;91;93;97;99;101;103;103;103;102;101;101;99;97;94;93;91;90;89;86;84;80;76;71;66;62;58;54;51;47;43;39;34;216;7125
"353240 NAZARE PAULISTA";235;235;241;245;244;237;240;244;240;242;247;248;247;250;247;245;247;248;247;248;249;251;253;250;246;242;239;239;242;250;258;267;274;280;285;288;288;289;288;288;287;285;281;274;266;255;246;240;240;240;243;245;247;247;246;245;242;239;233;225;215;207;198;190;181;173;164;156;149;142;135;128;121;114;106;98;89;79;68;60;472;18414
"353250 NEVES PAULISTA";120;115;115;114;112;107;108;108;106;108;110;110;111;112;112;111;113;113;111;109;107;107;107;107;110;112;114;117;119;121;121;123;126;132;140;149;157;163;165;163;160;157;153;148;145;142;139;137;136;136;135;135;135;135;136;135;136;136;134;132;130;127;124;121;117;112;107;102;98;94;90;86;82;78;73;69;64;59;54;49;390;9813
"353260 NHANDEARA";85;89;95;100;104;104;109;113;115;117;120;122;122;124;124;122;124;124;122;119;116;114;112;110;108;107;105;106;107;109;112;115;119;124;130;135;141;146;149;151;152;155;154;151;147;141;136;132;132;133;134;136;138;142;146;150;154;156;156;153;148;144;140;136;133;130;126;121;117;111;106;101;96;92;87;83;79;75;70;65;415;10143
"353270 NIPOA";62;65;69;73;75;75;76;77;74;72;70;66;64;63;63;64;65;66;66;65;65;65;66;66;67;67;68;70;72;74;75;77;78;80;79;79;79;79;78;77;77;75;75;73;72;71;69;67;66;65;62;61;60;58;57;57;55;53;51;50;46;43;41;39;37;34;32;31;29;28;28;26;26;24;23;23;22;20;19;19;104;4799
"353280 NOVA ALIANCA";88;87;89;90;89;87;88;88;87;87;87;87;87;88;89;89;92;93;94;95;97;97;98;100;99;99;98;97;97;95;92;90;90;91;92;94;95;97;98;100;101;101;101;100;99;97;94;92;92;90;89;86;85;84;84;84;84;83;81;79;76;73;71;70;70;69;69;66;63;58;52;46;42;38;36;34;31;30;27;25;200;6749
"353282 NOVA CAMPINA";127;131;135;140;143;141;143;145;141;139;137;134;132;132;133;136;141;143;145;147;148;151;152;153;149;146;142;139;137;136;134;134;134;133;134;134;133;134;132;131;130;128;126;122;119;115;111;108;104;102;100;97;95;94;93;91;90;88;86;84;80;76;72;69;64;58;53;50;45;42;41;39;36;33;31;28;26;24;24;23;107;8655
"353284 NOVA CANAA PAULISTA";20;18;18;18;18;18;18;20;20;21;21;21;22;23;25;25;27;28;28;27;26;25;24;23;22;21;21;20;19;18;18;17;18;19;20;21;23;25;27;29;29;31;31;31;32;30;29;29;30;30;29;28;29;29;28;28;27;28;29;31;33;33;35;35;35;32;31;30;29;29;28;28;27;26;24;21;18;16;14;12;91;2087
"353286 NOVA CASTILHO";10;10;12;14;15;15;16;17;17;18;18;18;18;18;17;16;16;15;14;14;13;12;11;11;12;13;13;14;14;15;15;16;16;17;17;16;15;15;15;16;15;14;15;14;14;13;12;12;13;15;15;16;17;18;17;16;15;14;14;13;12;11;11;11;10;11;11;11;11;9;8;7;7;6;6;6;5;5;5;5;28;1082
"353290 NOVA EUROPA";121;122;126;129;130;127;128;132;131;134;137;139;139;140;138;135;136;135;132;130;129;128;128;129;129;131;131;132;134;134;134;134;136;139;143;148;151;154;157;158;158;159;159;156;153;148;144;140;136;131;126;122;117;115;113;111;110;108;106;103;101;98;94;92;89;85;81;77;73;67;62;57;52;49;45;43;41;38;36;36;190;9521
"353300 NOVA GRANADA";232;243;258;267;270;265;268;272;267;267;269;267;263;261;255;250;248;248;250;257;266;277;285;288;282;278;272;269;269;271;273;276;280;286;292;297;302;306;311;313;317;318;316;310;299;288;276;267;261;257;254;252;249;246;243;240;238;235;231;228;225;219;215;208;199;189;180;170;161;154;147;141;133;126;118;110;101;93;85;80;544;19793
"353310 NOVA GUATAPORANGA";28;29;29;30;29;29;29;28;28;27;27;26;26;26;25;26;26;27;28;28;28;30;30;29;29;27;26;26;26;25;25;25;25;27;27;28;30;30;30;31;31;31;32;32;31;32;31;31;31;29;27;26;25;25;25;26;26;27;28;28;29;30;31;31;31;29;28;27;25;23;21;19;18;16;15;14;14;13;12;13;82;2200
"353320 NOVA INDEPENDENCIA";53;56;58;61;61;61;61;62;60;59;59;58;57;57;58;57;60;62;66;70;74;79;84;88;91;95;96;97;96;92;87;82;79;78;79;80;80;81;81;80;79;77;74;72;67;62;57;53;52;51;51;51;50;50;47;46;44;43;42;43;42;42;41;39;36;32;29;27;24;24;23;21;20;20;18;16;15;14;14;15;69;4587
"353325 NOVAIS";57;61;65;70;71;72;73;74;73;72;70;68;67;66;66;66;67;67;66;65;65;64;65;66;68;69;71;72;75;78;78;80;80;81;79;78;75;75;73;73;71;71;69;68;64;61;57;54;52;52;52;52;51;50;49;48;46;44;42;41;38;37;34;32;31;28;27;25;24;23;23;23;22;21;20;19;18;15;13;12;96;4496
"353330 NOVA LUZITANIA";36;34;34;34;34;33;35;35;35;35;34;35;35;36;38;40;42;43;44;41;40;38;37;35;35;34;33;33;33;34;34;36;37;39;40;41;43;43;45;45;46;47;47;47;47;46;44;44;45;44;45;44;44;42;40;36;35;32;32;33;33;35;36;36;35;34;32;31;29;27;25;23;22;20;19;17;16;13;13;12;76;2912
"353340 NOVA ODESSA";694;725;767;803;819;813;826;842;827;822;822;811;800;801;797;794;806;815;820;829;842;860;877;888;890;890;893;898;904;913;923;933;946;965;988;1012;1032;1050;1066;1078;1090;1098;1093;1072;1038;996;957;922;897;880;864;847;830;815;801;787;773;758;743;725;705;686;663;636;605;569;533;497;466;437;412;386;360;331;303;274;245;217;189;170;1175;62726
"353350 NOVO HORIZONTE";443;453;473;491;499;495;504;516;511;512;519;519;517;521;519;519;527;529;524;518;512;511;513;515;517;521;527;533;540;548;555;560;569;578;589;597;604;609;612;613;612;611;606;595;580;565;550;539;534;531;529;526;523;519;515;509;504;498;490;479;468;457;444;433;418;401;384;365;345;324;304;285;266;250;233;217;201;185;172;160;1036;39395
"353360 NUPORANGA";93;95;100;103;103;101;103;104;103;103;104;102;101;101;99;97;98;98;96;95;94;94;96;97;100;102;105;107;111;114;117;120;121;121;119;117;114;112;111;111;113;114;114;110;105;98;92;88;87;91;95;98;101;103;103;101;100;98;96;93;89;86;82;79;77;75;72;69;65;60;56;51;47;44;40;37;33;30;26;22;175;7497
"353370 OCAUCU";61;62;64;65;63;61;60;61;60;62;63;64;63;63;60;57;56;55;55;57;59;62;64;64;64;62;61;60;58;57;56;54;53;55;57;59;60;62;63;62;61;59;59;57;57;57;56;56;56;55;54;53;53;53;54;55;54;55;55;54;52;50;50;50;50;49;49;47;45;42;38;34;32;29;27;25;22;19;17;15;139;4398
"353380 OLEO";21;24;27;29;31;31;31;33;33;34;34;34;35;34;34;32;32;31;32;31;32;33;34;35;35;36;37;38;37;36;34;32;31;31;31;30;30;30;31;33;34;36;37;37;37;36;35;34;34;34;33;33;33;33;33;34;33;35;35;35;35;35;35;35;34;32;32;29;29;27;26;24;22;21;19;17;16;14;11;10;81;2564
"353390 OLIMPIA";667;681;711;736;745;736;746;759;746;743;746;741;734;737;734;732;743;747;743;739;739;741;751;760;770;782;797;811;827;841;854;866;880;895;911;924;935;938;935;927;916;903;882;854;820;785;752;725;711;703;700;694;689;681;669;657;646;634;622;610;597;584;569;553;533;511;487;464;447;432;418;404;388;368;346;321;294;265;235;208;1508;56135
"353400 ONDA VERDE";60;61;63;67;68;68;70;72;72;70;69;67;67;68;71;72;74;76;75;72;71;67;67;65;65;64;64;64;66;67;67;69;70;72;76;78;80;80;80;78;75;74;72;70;70;70;69;68;66;64;61;58;56;55;56;56;58;58;57;56;53;50;48;45;43;40;37;34;33;31;29;29;27;25;24;22;20;18;16;15;88;4788
"353410 ORIENTE";68;69;73;76;77;76;77;80;78;77;77;76;75;76;75;76;78;79;80;81;83;84;85;84;81;78;75;74;74;75;78;80;83;88;92;96;100;102;101;97;93;89;84;81;78;76;75;75;74;76;78;79;80;82;84;85;85;86;88;90;90;91;90;88;83;76;70;64;58;54;50;46;43;39;36;34;31;31;31;35;208;6220
"353420 ORINDIUVA";86;87;89;91;91;88;88;89;87;88;89;89;89;89;86;84;84;83;83;83;84;85;85;85;83;81;80;81;82;86;90;94;98;103;106;109;111;112;111;108;105;102;99;97;95;94;91;89;88;86;84;81;78;76;74;72;70;67;64;62;57;55;52;50;48;46;45;43;41;38;36;34;30;29;26;24;21;19;15;12;113;6125
"353430 ORLANDIA";426;434;452;470;479;477;489;501;495;494;497;494;492;500;508;518;536;548;550;550;550;552;556;559;560;563;565;568;570;573;573;575;578;585;596;607;616;623;626;626;625;624;616;601;581;559;539;525;522;526;533;539;542;544;540;536;530;522;515;504;492;480;463;444;420;393;367;342;322;304;290;276;260;244;226;206;187;170;152;144;962;39698
"353440 OSASCO";8379;8858;9452;10005;10310;10325;10573;10806;10597;10470;10389;10168;9993;10020;10047;10142;10417;10609;10710;10817;10959;11142;11352;11472;11509;11542;11591;11634;11680;11729;11751;11775;11858;12019;12228;12440;12609;12716;12738;12681;12606;12504;12304;11986;11589;11152;10735;10387;10145;9984;9836;9667;9503;9333;9155;8972;8781;8569;8326;8058;7765;7476;7176;6861;6520;6150;5771;5401;5057;4739;4443;4158;3874;3588;3299;3013;2735;2467;2203;2002;13124;751926
"353450 OSCAR BRESSANE";18;21;23;25;24;25;25;28;29;32;34;35;37;37;35;32;30;28;28;28;28;28;29;27;26;25;23;22;24;25;27;29;31;31;31;32;33;33;34;35;37;38;39;39;38;35;34;33;33;34;34;35;35;37;38;38;38;38;38;36;35;33;31;31;30;29;28;28;28;30;29;30;29;29;28;26;24;21;18;14;108;2533
"353460 OSVALDO CRUZ";282;304;329;350;361;362;371;381;374;372;372;367;362;362;362;363;372;382;393;409;429;449;467;473;471;464;459;454;450;446;444;441;439;442;444;448;451;454;458;462;468;473;473;470;460;451;441;434;433;435;437;439;441;441;443;442;442;441;437;432;424;418;409;399;386;371;355;338;320;302;285;268;253;237;222;208;195;183;172;163;1139;32255
"353470 OURINHOS";1227;1257;1315;1366;1384;1371;1396;1429;1416;1425;1447;1448;1446;1456;1449;1442;1460;1467;1462;1460;1465;1475;1487;1491;1485;1478;1476;1475;1475;1474;1474;1475;1485;1508;1540;1574;1603;1625;1639;1644;1647;1649;1639;1617;1586;1551;1516;1489;1471;1460;1449;1435;1422;1412;1403;1393;1380;1362;1333;1295;1252;1210;1169;1132;1095;1055;1012;966;920;873;828;783;737;691;646;599;550;500;447;394;2610;107449
"353475 OUROESTE";120;122;128;132;134;133;134;138;137;138;140;139;140;141;140;138;140;140;138;136;135;134;136;136;135;136;137;138;140;141;141;144;147;151;156;161;167;169;169;167;164;161;157;155;153;150;149;147;145;143;140;138;136;134;132;129;127;125;123;122;121;120;117;114;110;104;98;92;87;82;78;74;69;64;60;54;50;46;42;40;250;10350
"353480 OURO VERDE";125;120;118;118;116;111;112;113;111;110;111;110;110;112;113;114;117;118;117;113;110;105;105;104;105;106;108;109;111;110;111;111;112;113;113;114;114;114;114;114;114;114;112;112;110;108;106;106;106;106;106;106;106;104;102;101;98;96;94;92;89;86;84;80;75;71;65;61;59;55;53;51;49;45;42;39;35;32;30;29;210;7931
"353490 PACAEMBU";84;97;111;119;122;119;119;119;118;118;121;121;120;118;115;111;111;117;130;152;180;209;242;276;308;338;367;386;392;388;375;362;348;338;330;323;314;305;297;290;284;278;267;254;238;219;204;190;180;176;172;170;168;166;165;163;163;162;159;157;153;150;146;140;133;126;118;111;103;98;93;89;84;80;74;71;66;63;61;61;426;15091
"353500 PALESTINA";150;148;150;151;150;145;145;148;145;147;150;151;152;154;152;150;151;150;149;147;144;145;146;146;147;149;152;154;156;158;159;162;166;170;176;181;186;189;189;186;183;179;175;171;167;163;160;157;155;153;150;149;148;147;146;146;147;145;144;140;136;132;128;124;120;115;110;105;101;99;96;93;90;85;80;74;69;62;56;50;362;11658
"353510 PALMARES PAULISTA";126;128;133;137;138;137;138;140;138;140;141;141;141;143;143;143;145;147;148;149;150;152;153;154;152;151;149;149;149;152;153;155;157;160;163;166;167;169;171;172;174;174;173;168;161;152;144;138;132;128;126;122;120;118;117;117;116;114;110;105;99;92;87;80;75;69;65;59;55;51;49;45;43;39;37;34;31;28;27;25;165;9904
"353520 PALMEIRA D'OESTE";89;86;88;89;89;88;90;92;92;94;98;99;101;105;107;109;111;114;114;111;110;109;108;107;105;105;104;102;102;102;101;102;101;103;105;108;109;113;115;119;123;127;131;133;135;135;136;137;138;139;138;137;138;139;143;146;149;151;151;148;145;141;136;130;123;116;108;101;95;90;86;83;79;75;71;68;66;64;63;65;376;9151
"353530 PALMITAL";210;211;218;225;230;228;235;242;240;241;245;244;244;249;255;260;269;273;271;266;261;257;256;255;256;259;260;262;263;262;260;259;260;263;268;272;278;282;286;289;293;297;299;299;297;295;294;290;285;278;272;264;259;257;259;261;264;264;262;257;250;243;238;234;232;229;224;218;210;201;190;181;171;162;153;145;135;125;115;102;656;20124
"353540 PANORAMA";204;208;217;226;229;227;231;234;231;230;230;227;225;225;225;224;227;227;224;221;218;216;216;216;217;218;221;221;221;217;213;209;207;206;207;208;208;209;211;212;213;216;218;216;215;213;211;210;208;208;206;204;201;196;190;184;178;173;167;163;158;155;150;146;142;138;133;129;123;118;111;105;99;92;87;80;72;63;54;45;302;15255
"353550 PARAGUACU PAULISTA";484;506;537;563;575;570;581;591;580;577;577;568;559;557;552;548;554;558;558;563;570;581;592;600;603;607;610;615;618;622;623;624;627;632;638;643;646;647;645;642;638;634;630;622;614;604;597;589;583;576;569;559;552;548;546;545;542;536;525;511;494;476;458;439;421;399;378;357;338;323;309;294;278;262;245;228;210;192;172;158;1054;42548
"353560 PARAIBUNA";232;233;239;243;242;236;237;239;236;235;237;237;237;237;235;234;235;237;237;237;241;244;247;248;245;242;239;239;241;245;249;254;258;258;256;253;248;246;246;249;254;258;260;257;250;242;233;229;227;230;233;235;238;241;245;248;250;250;247;240;232;223;214;206;199;191;182;173;164;153;143;134;125;117;108;100;93;86;78;71;470;18012
"353570 PARAISO";71;70;72;74;73;72;73;73;73;74;76;78;78;80;79;79;80;79;79;78;78;78;79;79;79;78;78;79;80;81;82;83;86;89;93;95;98;101;103;104;105;104;103;102;98;93;90;87;85;85;85;84;84;84;84;83;82;81;80;78;76;74;72;70;68;66;62;60;56;53;48;45;42;39;37;34;33;30;30;28;178;6212
"353580 PARANAPANEMA";287;290;297;305;306;300;301;301;291;285;280;272;267;267;267;270;277;283;287;290;296;303;309;311;311;310;309;306;302;296;289;281;278;279;285;290;297;301;304;305;305;305;302;298;291;284;276;268;261;254;246;238;231;228;227;227;227;226;222;215;208;201;194;186;178;169;161;151;140;129;118;108;98;89;82;74;69;63;59;55;296;19644
"353590 PARANAPUA";55;54;52;55;55;55;57;57;55;52;48;46;44;45;49;54;59;63;64;63;61;60;58;56;55;54;54;54;54;54;55;55;55;55;56;56;55;57;56;58;60;62;62;62;60;58;56;54;54;54;53;53;53;52;51;49;48;48;48;49;50;51;51;49;47;44;40;37;36;36;34;34;32;30;27;23;20;17;14;12;120;4090
"353600 PARAPUA";112;113;118;122;124;124;126;130;128;128;128;126;125;128;129;131;136;138;139;137;136;135;136;137;138;139;141;142;142;139;136;134;133;136;141;147;153;157;159;159;160;160;158;156;153;149;146;144;144;146;148;149;150;151;151;151;150;150;149;149;148;146;144;139;135;128;121;114;109;104;100;95;89;84;78;73;66;61;57;53;398;10838
"353610 PARDINHO";93;93;98;101;101;101;102;105;105;106;108;109;109;111;111;111;113;114;115;115;116;116;116;114;110;105;102;100;96;96;96;96;97;99;99;101;102;104;105;107;108;109;110;108;106;103;99;98;96;96;95;94;92;91;88;86;83;81;77;74;71;68;65;64;63;61;60;58;54;51;47;43;39;37;35;33;31;30;28;26;153;7209
"353620 PARIQUERA-ACU";243;249;259;271;276;276;281;289;285;285;286;283;281;284;285;289;296;299;297;291;287;282;280;278;275;274;274;271;266;259;251;245;243;248;261;276;289;300;308;310;312;312;311;306;300;292;284;276;269;263;257;249;242;237;231;226;221;216;210;205;200;195;190;185;179;174;167;159;152;145;137;130;123;115;108;101;93;85;77;68;520;19604
"353625 PARISI";28;30;34;36;37;38;39;40;40;39;38;37;36;37;37;36;38;38;38;37;37;37;38;37;36;35;34;34;35;37;38;40;40;42;43;42;43;42;42;42;42;42;42;42;40;39;39;37;37;36;35;34;34;35;36;38;38;38;39;38;37;37;35;34;34;33;32;32;30;28;26;23;22;21;20;19;18;18;17;16;83;2883
"353630 PATROCINIO PAULISTA";193;196;206;213;216;213;218;222;220;219;221;220;219;220;220;219;223;223;223;221;220;221;222;219;216;213;211;210;210;214;218;221;223;222;220;217;213;209;210;214;218;221;221;218;209;199;191;183;178;177;177;175;174;174;174;173;172;170;166;162;156;150;144;141;136;131;125;119;113;105;98;92;84;77;71;65;59;53;46;39;303;14687
"353640 PAULICEIA";92;101;110;119;124;125;129;132;130;130;129;126;123;121;119;117;116;115;114;112;111;111;110;110;110;110;110;111;111;110;110;110;111;112;114;117;119;119;119;118;116;115;113;111;109;107;104;102;102;102;102;102;102;101;101;99;98;97;96;95;93;91;90;88;84;79;74;69;65;60;55;50;46;42;38;35;33;30;29;29;132;8023
"353650 PAULINIA";1210;1290;1387;1476;1529;1539;1585;1630;1613;1609;1612;1591;1572;1574;1567;1567;1589;1596;1581;1564;1550;1544;1545;1535;1519;1509;1505;1514;1538;1577;1622;1670;1722;1782;1845;1904;1957;1999;2026;2040;2048;2049;2028;1982;1917;1843;1766;1696;1635;1581;1528;1472;1419;1373;1332;1294;1256;1219;1175;1131;1085;1042;999;954;910;862;813;764;718;672;629;588;547;504;462;418;375;332;287;246;1679;111214
"353657 PAULISTANIA";34;31;30;30;29;28;28;28;28;27;26;26;26;26;28;29;31;32;33;31;30;28;28;28;28;28;29;29;29;30;30;30;30;30;31;32;31;31;32;31;30;30;29;29;30;31;32;32;32;31;30;29;28;28;27;27;26;25;25;23;21;20;18;19;19;18;18;18;16;15;13;12;11;9;10;10;10;11;11;12;60;2101
"353660 PAULO DE FARIA";79;81;84;86;84;84;85;86;88;90;93;95;97;99;98;97;98;97;98;100;103;105;106;107;106;103;102;101;101;103;106;108;110;111;111;110;109;110;109;109;110;111;111;110;109;108;107;106;105;105;104;105;104;105;107;107;108;108;106;102;97;92;89;84;81;77;74;71;67;65;64;61;58;56;53;48;44;40;35;30;243;7616
"353670 PEDERNEIRAS";533;552;579;607;620;617;631;647;640;640;644;638;634;640;640;643;657;663;661;658;655;656;661;665;668;673;679;681;679;674;664;657;657;666;683;703;722;733;738;733;726;719;709;698;686;673;661;648;638;627;614;601;589;580;574;568;561;551;538;522;503;485;467;448;429;407;386;364;342;322;302;283;265;246;228;209;192;174;158;142;981;46007
"353680 PEDRA BELA";77;76;77;79;81;80;81;82;81;80;79;78;76;78;80;81;86;87;85;82;79;77;76;77;80;83;85;89;92;94;94;96;97;99;101;104;106;107;105;106;104;103;102;100;98;96;95;93;93;92;91;90;89;89;88;88;86;85;83;80;77;75;74;73;74;74;74;74;71;67;63;59;54;50;47;43;39;34;30;23;169;6642
"353690 PEDRANOPOLIS";25;25;27;28;29;29;30;32;32;33;34;34;34;36;35;36;36;36;35;34;34;33;31;30;28;28;27;26;27;28;29;29;31;32;33;35;35;37;38;40;41;42;44;44;45;46;45;45;45;43;40;38;37;37;38;39;40;41;42;43;44;44;44;44;43;42;40;39;36;34;32;28;26;24;22;20;19;16;15;14;103;2835
"353700 PEDREGULHO";200;201;206;212;214;211;215;219;216;216;217;217;217;220;224;228;236;240;241;240;239;237;236;234;229;225;221;219;219;222;225;228;232;235;238;242;242;244;246;247;247;246;244;237;228;217;207;199;194;194;193;193;192;191;188;185;182;179;177;176;176;175;173;169;164;157;150;143;134;125;115;106;99;90;82;75;69;62;58;53;380;15874
"353710 PEDREIRA";469;480;500;520;528;523;532;543;532;527;528;522;518;525;532;541;561;577;589;602;618;635;651;658;657;655;653;653;658;664;671;678;686;695;704;712;718;722;726;728;730;731;726;710;690;666;644;627;617;614;612;610;607;604;599;596;589;579;565;547;526;505;483;463;442;420;396;373;349;325;303;281;261;242;224;207;193;178;166;156;1021;44368
"353715 PEDRINHAS PAULISTA";28;29;30;31;33;33;34;35;34;34;32;31;31;31;32;33;34;35;35;35;35;35;34;35;37;37;39;40;40;39;38;37;38;38;39;39;40;41;40;41;41;40;41;40;40;39;39;39;40;42;43;45;46;46;46;44;43;43;41;41;39;37;37;36;35;33;31;30;29;27;25;23;22;20;19;18;17;16;16;15;85;2861
"353720 PEDRO DE TOLEDO";102;121;140;158;172;178;188;195;192;187;183;174;167;164;163;163;166;165;160;154;147;141;138;135;133;133;134;136;140;148;155;162;166;169;168;167;164;162;160;160;160;160;159;154;147;140;133;130;131;137;143;148;153;154;153;151;149;147;146;148;150;150;149;146;140;133;124;116;109;102;96;89;83;76;70;62;56;51;47;44;231;11477
"353730 PENAPOLIS";710;734;774;807;819;809;821;838;827;829;837;834;826;825;815;803;807;808;808;813;823;836;848;852;845;837;831;829;832;838;845;852;863;879;895;912;926;940;951;958;968;975;973;961;940;915;892;872;858;851;845;835;829;824;821;817;814;806;798;785;770;753;736;714;690;660;628;595;563;530;500;470;441;413;387;361;337;314;294;279;1842;63192
"353740 PEREIRA BARRETO";255;267;285;301;308;307;314;323;319;322;328;326;323;322;317;310;310;307;301;297;295;296;299;300;301;303;307;311;318;327;336;343;349;351;348;344;340;337;339;343;350;358;363;363;362;359;357;356;358;362;366;368;369;369;366;361;356;349;339;327;314;301;288;277;266;254;243;230;219;209;199;191;181;173;163;154;145;135;126;117;721;24693
"353750 PEREIRAS";104;109;117;124;127;127;130;134;132;130;129;126;124;125;123;123;125;124;123;121;120;118;119;118;118;117;118;118;119;121;123;125;127;130;133;134;136;136;134;131;127;123;120;117;115;113;112;111;111;113;112;114;114;113;112;111;110;108;107;105;103;101;98;96;91;87;82;77;73;70;67;64;61;57;53;49;44;40;36;33;194;8816
"353760 PERUIBE";797;822;863;900;917;915;940;971;973;989;1015;1025;1029;1037;1030;1020;1025;1017;996;971;948;929;913;894;872;853;837;826;821;821;824;830;839;858;881;907;931;952;969;982;995;1006;1008;999;981;960;939;920;907;897;887;876;866;860;855;852;851;850;850;851;852;852;851;845;833;815;793;764;731;693;653;612;570;530;488;446;403;355;310;260;1793;69598
"353770 PIACATU";55;59;63;67;67;66;68;69;70;72;74;75;75;75;73;71;70;68;69;71;73;76;77;78;77;76;74;74;73;74;75;75;76;78;81;84;87;89;90;89;89;87;87;84;82;79;77;75;73;72;71;69;69;71;74;78;80;83;81;79;73;70;66;62;62;61;60;57;55;50;44;41;37;35;32;32;30;30;29;27;172;5638
"353780 PIEDADE";616;636;667;695;708;703;717;733;722;719;722;714;708;712;713;716;731;740;742;744;747;754;763;768;766;767;768;770;773;776;778;781;785;794;805;816;825;832;835;835;836;836;830;818;803;785;769;755;745;740;733;725;719;713;707;702;696;690;682;673;663;652;636;613;584;549;514;479;447;418;391;364;339;314;288;262;241;219;202;194;1266;54488
"353790 PILAR DO SUL";377;378;389;398;398;389;393;401;396;398;404;405;404;409;406;405;410;413;412;414;417;421;425;424;419;412;408;403;399;397;395;393;394;396;402;407;412;415;416;414;411;409;406;402;398;394;390;387;383;379;373;365;359;354;351;346;343;338;332;324;316;308;298;289;278;264;251;238;226;215;204;194;183;172;160;148;136;123;111;101;589;28416
"353800 PINDAMONHANGABA";2178;2222;2310;2389;2415;2382;2414;2452;2403;2383;2382;2350;2323;2331;2327;2331;2376;2399;2397;2394;2397;2410;2434;2440;2434;2431;2433;2437;2446;2462;2474;2489;2516;2557;2608;2660;2705;2742;2770;2787;2804;2811;2788;2729;2640;2535;2433;2341;2266;2206;2146;2086;2037;2003;1981;1967;1952;1932;1904;1868;1825;1783;1737;1686;1627;1560;1485;1407;1325;1243;1161;1080;1000;918;838;757;675;592;512;436;3002;169868
"353810 PINDORAMA";141;147;156;164;168;169;173;179;178;180;183;184;185;186;186;185;188;188;187;186;186;185;187;188;187;187;188;189;190;193;195;199;202;209;216;223;229;234;239;242;245;248;247;242;236;226;218;213;210;211;213;215;214;210;203;195;187;181;176;174;174;172;170;166;161;154;148;143;138;134;130;126;122;115;109;100;91;80;70;60;482;14890
"353820 PINHALZINHO";155;161;172;180;186;187;191;196;193;193;194;192;190;192;192;194;199;201;201;200;199;200;200;200;198;197;196;195;195;195;194;195;196;200;204;209;213;218;222;228;233;237;239;237;232;226;219;214;209;207;203;201;199;198;199;200;202;203;204;203;202;201;198;195;190;182;174;167;160;152;146;138;129;121;111;101;91;80;69;59;415;15369
"353830 PIQUEROBI";34;34;35;36;38;38;39;40;40;41;40;40;41;42;43;44;46;47;47;45;42;41;40;39;40;40;39;40;41;42;43;44;45;47;47;48;48;49;50;49;50;49;50;49;48;46;45;44;45;46;48;48;51;51;53;54;54;54;53;51;47;45;42;40;38;35;33;30;29;27;25;24;23;21;21;20;19;18;17;18;102;3347
"353850 PIQUETE";117;123;131;140;146;148;155;162;163;164;167;166;166;170;171;175;180;181;178;173;167;162;159;158;156;156;157;158;159;162;165;166;169;171;171;172;172;174;174;177;178;180;181;179;177;173;172;170;171;173;175;178;181;183;185;186;189;188;188;185;182;178;173;168;163;156;149;142;134;124;116;107;100;93;86;80;75;69;64;60;377;12869
"353860 PIRACAIA";273;285;301;315;322;319;326;332;324;322;320;316;311;313;314;316;324;331;337;346;356;367;376;377;372;364;358;355;358;366;377;387;396;399;399;395;391;392;396;405;419;430;435;431;418;404;388;377;374;376;380;381;381;375;365;355;344;334;328;323;318;314;309;302;294;282;272;261;251;242;233;223;212;199;184;168;149;128;107;86;679;26764
"353870 PIRACICABA";4630;4856;5148;5411;5539;5517;5625;5734;5621;5561;5534;5436;5356;5372;5379;5418;5555;5661;5731;5820;5935;6075;6231;6336;6393;6448;6511;6569;6626;6679;6718;6755;6825;6944;7090;7238;7356;7430;7444;7402;7342;7263;7125;6918;6665;6389;6123;5892;5718;5585;5462;5336;5231;5149;5087;5036;4984;4921;4836;4731;4610;4491;4365;4228;4074;3901;3715;3527;3342;3163;2989;2819;2647;2472;2295;2113;1932;1747;1566;1404;9957;431059
"353880 PIRAJU";344;348;361;375;380;377;385;395;391;392;396;396;396;402;404;407;417;422;419;415;412;409;407;406;403;401;400;400;402;405;408;412;417;423;430;437;442;446;447;444;442;439;435;431;424;419;413;408;403;396;389;381;377;380;385;393;400;403;400;391;379;366;355;345;337;328;318;305;293;279;263;248;231;216;199;184;166;146;125;103;839;30307
"353890 PIRAJUI";217;223;235;245;246;241;244;248;245;247;252;254;255;257;255;254;258;264;271;283;299;315;335;352;369;384;399;409;415;416;413;408;406;405;406;404;403;400;397;394;391;387;380;366;350;332;316;300;288;278;271;264;258;257;259;263;265;268;270;271;271;270;266;258;247;232;217;202;188;175;164;153;142;131;119;109;100;93;88;88;595;22865
"353900 PIRANGI";124;123;126;130;131;129;132;134;132;131;131;130;129;132;134;136;140;142;143;142;140;140;142;145;149;153;158;161;162;161;157;155;154;155;158;162;165;167;170;170;170;169;168;165;161;157;153;151;151;152;154;155;155;155;153;151;148;146;142;138;134;129;125;121;118;114;109;105;101;96;91;86;81;76;72;67;62;58;52;47;361;11074
"353910 PIRAPORA DO BOM JESUS";287;291;301;310;314;311;315;318;310;303;299;290;285;286;289;294;304;310;310;308;306;305;307;305;304;303;303;301;298;293;287;281;278;276;279;281;285;287;288;290;291;292;291;285;277;268;258;250;243;239;234;228;222;213;203;192;181;171;164;159;152;147;141;134;126;116;107;100;91;85;79;73;68;63;57;51;46;42;38;36;215;18520
"353920 PIRAPOZINHO";309;314;326;335;335;327;329;334;330;334;340;341;342;342;337;333;335;337;342;350;363;374;386;390;387;382;377;374;374;375;376;378;378;377;374;371;367;366;366;368;373;379;380;379;375;370;365;363;364;368;372;374;374;373;369;363;356;348;338;327;316;304;291;279;266;252;237;221;208;194;182;170;158;147;136;127;117;108;100;94;673;26065
"353930 PIRASSUNUNGA";846;867;906;939;948;935;947;967;955;959;973;972;969;971;962;954;962;965;963;968;978;992;1006;1012;1010;1007;1006;1010;1018;1033;1047;1062;1080;1101;1126;1149;1168;1185;1194;1198;1202;1202;1191;1165;1128;1086;1046;1014;994;985;978;971;965;964;964;966;966;961;950;932;910;887;861;832;797;759;719;681;647;617;591;565;537;507;477;445;413;382;352;331;2158;75408
"353940 PIRATININGA";175;187;201;212;219;218;222;225;220;217;217;211;206;202;198;192;193;191;189;188;189;191;192;191;187;183;181;179;179;183;187;193;199;207;217;226;236;246;257;265;276;282;285;279;267;250;234;220;211;205;201;196;191;187;185;183;180;178;175;173;171;168;165;162;158;153;148;141;133;124;116;107;100;91;84;76;69;62;55;48;381;15241
"353950 PITANGUEIRAS";483;477;483;491;488;476;480;487;479;478;482;482;484;492;499;508;525;538;545;551;559;567;574;573;563;552;541;532;526;521;518;516;518;527;540;554;567;574;576;571;563;555;542;525;505;484;464;449;441;439;439;438;434;432;424;418;408;398;384;368;349;331;315;298;282;267;250;234;219;206;195;183;171;160;150;138;128;119;108;100;658;34868
"353960 PLANALTO";53;52;54;57;58;58;60;62;61;61;61;61;60;62;63;65;67;69;69;66;65;64;62;60;59;58;56;55;55;57;57;59;61;62;63;63;65;66;68;71;73;75;76;75;71;67;64;62;60;60;59;59;59;59;58;58;58;57;57;55;54;52;51;49;47;45;42;39;36;34;31;28;26;24;22;20;19;17;17;17;105;4482
"353970 PLATINA";41;42;43;44;45;44;43;44;44;45;45;46;46;45;44;44;43;42;41;41;40;40;39;39;39;40;40;41;40;40;39;38;39;40;42;43;45;46;45;43;40;38;38;39;42;45;48;49;49;48;44;41;39;38;38;38;38;39;38;38;36;35;33;32;32;31;30;29;27;27;25;24;22;21;20;18;15;14;11;9;80;3088
"353980 POA";1201;1264;1346;1420;1457;1459;1497;1542;1533;1543;1564;1562;1556;1568;1565;1564;1591;1609;1617;1634;1657;1683;1704;1699;1671;1638;1607;1580;1559;1544;1531;1521;1524;1545;1578;1617;1652;1681;1694;1697;1698;1697;1686;1664;1638;1605;1573;1543;1518;1494;1466;1434;1402;1374;1347;1320;1292;1261;1229;1194;1157;1118;1080;1038;989;937;881;827;775;726;678;632;584;537;489;439;391;344;297;257;1676;107761
"353990 POLONI";69;68;70;72;72;69;70;71;70;72;74;74;75;75;74;72;72;71;70;71;71;72;73;74;73;72;72;72;74;76;78;80;82;84;85;86;88;87;87;86;83;81;79;78;75;73;71;70;70;71;72;71;72;72;71;69;67;67;65;66;66;66;65;65;63;61;59;55;53;50;48;46;43;41;39;37;36;35;34;33;243;5684
"354000 POMPEIA";208;224;241;256;264;266;272;279;272;268;265;258;252;252;251;252;258;262;265;270;277;283;287;286;281;275;269;265;263;264;267;270;274;282;289;297;307;315;326;336;346;356;360;355;342;327;310;297;287;279;273;267;261;259;259;260;261;261;258;251;246;238;232;227;223;216;210;201;190;178;165;152;141;132;122;115;108;101;95;88;526;20623
"354010 PONGAI";30;31;33;36;37;39;40;42;42;41;41;40;39;40;42;43;45;46;46;45;43;43;41;41;41;41;41;42;42;43;44;44;45;46;47;48;48;50;51;53;55;55;56;55;52;49;46;43;43;43;45;46;47;46;46;46;46;47;46;47;48;48;49;49;50;48;47;45;42;39;35;31;28;25;23;22;21;19;19;19;115;3473
"354020 PONTAL";541;542;553;565;567;555;560;568;557;554;557;556;555;565;570;579;597;612;620;631;645;657;668;667;658;646;636;627;623;623;624;625;628;634;639;645;648;651;650;647;643;639;631;615;596;575;554;533;512;493;472;451;435;427;422;421;419;413;403;385;366;346;328;310;293;276;257;237;218;198;179;162;147;134;122;112;103;97;93;91;537;38890
"354025 PONTALINDA";55;57;58;60;59;58;58;59;59;60;61;62;62;63;61;58;58;57;57;58;58;59;60;60;60;58;59;57;58;57;55;56;56;58;62;65;68;71;72;71;68;67;65;63;61;58;55;53;53;53;54;53;55;54;52;51;49;48;46;45;44;43;42;41;40;38;36;35;33;32;31;30;29;26;24;23;20;18;16;12;92;4208
"354030 PONTES GESTAL";24;26;28;31;32;32;33;34;34;35;35;34;35;34;32;29;27;27;25;25;25;25;25;26;28;29;30;32;34;36;36;37;39;38;37;35;34;32;33;33;35;35;35;35;33;31;29;28;29;29;31;31;33;33;33;32;33;33;32;32;32;31;31;30;29;27;25;24;23;22;21;20;19;19;19;18;18;18;18;18;79;2439
"354040 POPULINA";33;36;40;45;47;48;50;53;54;57;59;60;60;60;59;58;57;55;53;52;50;49;48;47;46;45;46;45;46;47;47;49;50;53;56;60;62;64;65;64;63;61;61;59;59;58;57;57;57;57;58;57;58;58;59;58;58;59;60;60;60;60;59;58;55;50;47;44;42;40;39;38;36;34;32;29;27;25;24;24;145;4217
"354050 PORANGABA";120;120;124;126;127;124;126;128;127;128;131;133;133;134;133;132;133;133;132;129;128;127;126;126;123;121;121;119;121;123;126;129;131;132;133;132;132;132;132;133;134;136;137;136;136;135;135;135;137;137;138;140;141;144;146;149;151;153;155;156;156;155;155;153;151;147;142;136;130;123;115;108;101;93;85;78;70;62;53;45;303;10512
"354060 PORTO FELIZ";632;669;714;752;769;764;777;789;774;766;763;747;734;731;726;725;736;750;763;785;811;841;869;883;885;883;882;881;877;873;865;860;863;875;897;920;939;952;953;943;930;916;898;877;853;828;806;787;774;764;754;742;734;725;717;710;702;691;675;655;632;611;589;570;548;526;501;475;447;418;389;361;335;310;286;264;242;219;199;179;1172;57429
"354070 PORTO FERREIRA";584;593;616;643;658;660;678;697;689;687;689;683;683;699;714;735;766;783;785;779;769;764;763;762;760;761;764;769;775;782;789;795;804;815;825;835;843;848;851;850;852;852;845;831;811;788;769;750;739;730;723;714;707;703;700;698;696;688;675;657;635;613;590;565;540;512;482;453;427;402;381;359;338;317;296;274;253;235;215;202;1403;54165
"354075 POTIM";253;263;278;288;290;284;285;287;280;277;277;275;271;271;269;266;271;280;292;311;336;360;384;398;404;407;408;408;402;395;386;377;371;368;369;370;371;370;368;363;360;354;346;333;318;300;284;271;263;259;255;252;247;240;230;220;209;200;191;183;175;168;160;152;143;133;123;114;106;99;93;87;81;75;68;61;54;47;41;37;210;20725
"354080 POTIRENDABA";215;224;238;249;255;253;257;261;256;253;251;246;240;239;237;236;239;240;241;242;244;248;252;254;254;253;254;256;259;263;268;273;277;279;281;280;279;282;288;294;304;311;312;303;286;266;246;232;224;223;225;226;227;228;227;226;226;225;222;217;212;206;201;194;187;179;170;161;152;144;137;129;122;115;108;100;92;86;79;74;538;18552
"354085 PRACINHA";8;11;16;19;20;20;20;20;20;19;19;18;19;18;18;18;19;23;29;39;49;62;73;84;93;99;105;106;103;96;87;78;70;64;59;54;49;45;41;38;35;33;32;30;29;28;28;29;28;26;25;24;22;22;22;22;22;22;21;19;18;16;14;14;15;15;15;16;16;15;15;14;14;12;12;11;10;8;7;3;31;2658
"354090 PRADOPOLIS";196;201;211;221;226;225;231;239;237;240;245;245;246;249;250;251;255;257;253;249;245;242;242;242;242;244;246;250;254;258;263;266;272;277;284;290;295;298;299;298;296;294;289;280;270;257;246;237;232;230;229;226;223;220;215;210;204;198;195;191;188;183;179;173;163;154;145;135;125;119;111;105;98;91;85;78;72;67;63;61;303;17474
"354100 PRAIA GRANDE";4049;4254;4519;4754;4872;4862;4975;5105;5051;5057;5095;5058;5011;5016;4976;4942;4988;4989;4944;4903;4877;4872;4878;4842;4774;4709;4664;4649;4677;4745;4828;4916;5024;5154;5297;5436;5558;5664;5746;5801;5851;5878;5830;5682;5459;5196;4943;4733;4591;4508;4443;4369;4296;4217;4131;4046;3968;3903;3857;3829;3802;3775;3733;3667;3567;3441;3299;3144;2978;2807;2634;2459;2286;2111;1933;1750;1564;1372;1195;1017;6711;351506
"354105 PRATANIA";65;68;73;77;81;81;83;85;83;82;80;78;77;77;79;80;84;86;86;87;87;88;88;89;90;90;90;92;91;89;86;83;82;82;82;82;82;82;81;78;77;74;73;70;69;67;65;63;63;62;62;61;60;59;57;55;53;51;49;48;46;45;43;42;41;39;38;35;33;30;27;25;22;20;18;16;15;13;12;11;71;5186
"354110 PRESIDENTE ALVES";43;44;47;49;50;48;49;51;51;52;54;55;55;55;53;51;49;47;46;46;47;47;48;47;45;44;43;42;42;44;45;46;48;50;52;55;57;59;61;61;60;61;61;60;60;58;57;56;55;54;53;51;50;50;50;48;48;48;48;48;48;49;48;48;48;47;47;45;43;40;36;33;30;28;26;24;23;20;20;18;117;3892
"354120 PRESIDENTE BERNARDES";111;117;126;134;137;136;140;144;143;144;145;146;146;147;147;147;152;155;159;165;173;182;193;204;215;227;239;249;256;259;261;261;260;260;258;256;253;250;245;239;233;228;222;216;211;206;202;198;197;195;194;193;193;194;196;198;201;201;200;198;194;190;184;176;166;155;142;133;126;121;118;115;111;106;101;95;91;87;83;85;483;14719
"354130 PRESIDENTE EPITACIO";456;467;487;509;524;525;540;556;549;547;547;540;536;545;553;565;584;592;587;574;559;547;540;533;528;527;528;529;530;532;535;538;542;550;557;565;573;582;590;599;609;619;624;622;613;604;595;586;581;578;572;567;564;562;563;565;564;559;550;534;515;497;478;461;443;424;403;382;361;338;317;296;276;257;238;221;203;186;169;154;986;41003
"354140 PRESIDENTE PRUDENTE";2635;2678;2780;2871;2896;2853;2885;2928;2864;2837;2835;2800;2776;2798;2811;2838;2919;2983;3032;3092;3164;3246;3327;3373;3384;3388;3394;3396;3396;3392;3379;3365;3366;3383;3415;3447;3474;3499;3519;3536;3561;3581;3571;3522;3444;3352;3268;3203;3175;3170;3171;3161;3150;3132;3106;3076;3039;2992;2927;2850;2761;2672;2583;2495;2401;2300;2192;2081;1970;1861;1757;1655;1559;1464;1371;1279;1191;1103;1017;942;6351;232410
"354150 PRESIDENTE VENCESLAU";358;367;384;400;405;402;409;420;418;422;430;432;431;435;433;431;436;438;436;435;436;439;442;440;437;432;431;430;435;442;450;459;470;480;494;508;520;533;546;559;572;584;592;589;578;564;551;541;537;538;539;538;540;540;542;543;543;539;531;517;500;484;467;449;431;411;389;368;349;331;316;300;284;268;251;233;216;200;181;168;1249;36568
"354160 PROMISSAO";438;438;452;465;471;468;478;490;485;487;494;493;494;504;508;516;530;535;531;522;511;502;499;497;497;502;504;508;509;509;507;505;505;506;507;509;512;514;520;528;538;547;551;548;540;528;517;507;499;493;486;478;472;468;468;467;465;462;454;444;432;419;404;386;366;343;321;300;282;268;257;246;234;220;207;192;178;167;155;149;912;36320
"354165 QUADRA";31;36;40;44;47;48;51;52;51;52;52;51;51;50;49;47;47;46;45;46;45;45;46;45;44;42;41;41;41;42;44;46;47;49;50;49;50;50;51;50;50;50;50;49;49;48;48;47;48;49;50;50;51;50;49;47;45;44;42;42;42;41;41;40;39;38;36;35;33;31;28;27;24;23;21;20;19;17;16;15;69;3467
"354170 QUATA";156;165;177;187;192;191;196;200;197;196;196;193;189;188;186;183;185;184;183;182;183;183;185;186;186;187;189;189;189;189;189;188;187;189;194;196;200;203;205;207;209;211;209;207;202;195;190;185;184;183;183;182;182;180;177;174;171;166;161;154;147;140;134;130;126;124;120;114;107;99;90;81;74;68;63;60;55;53;49;44;295;13428
"354180 QUEIROZ";41;43;46;50;51;51;52;54;53;52;52;51;49;49;49;50;50;51;51;50;49;49;49;49;49;48;48;48;47;47;45;44;45;46;48;52;55;58;59;59;58;58;56;54;51;49;46;43;43;43;42;42;41;40;39;38;36;35;34;33;32;31;29;27;26;24;22;20;18;17;15;13;13;12;11;11;11;12;13;14;70;3311
"354190 QUELUZ";129;129;132;133;134;131;131;133;129;129;130;128;129;129;129;131;134;135;136;137;139;141;144;146;148;149;149;150;147;144;138;134;130;127;125;125;124;125;127;131;135;139;140;140;137;132;128;125;123;122;121;120;120;118;117;116;114;112;109;107;104;101;98;94;90;85;79;75;71;69;66;62;58;55;51;45;39;34;28;23;199;9372
"354200 QUINTANA";108;105;106;106;104;101;100;99;96;94;93;92;91;91;92;91;95;96;98;99;102;105;107;109;109;108;108;108;104;101;98;95;95;96;101;108;113;117;117;115;112;109;105;103;102;101;99;98;96;94;92;88;86;83;81;80;78;77;76;75;73;72;71;69;66;64;61;59;55;51;48;45;42;39;36;35;33;32;31;31;177;7098
"354210 RAFARD";132;127;127;126;124;118;117;119;117;119;122;125;126;128;126;125;126;127;126;126;126;127;128;129;129;128;129;130;130;130;132;132;134;137;140;143;146;147;148;147;146;144;141;138;134;130;125;122;119;117;115;113;112;111;113;115;116;115;113;109;103;97;92;87;82;77;71;67;62;59;57;54;51;48;46;43;41;40;38;37;233;9108
"354220 RANCHARIA";342;352;369;386;393;391;399;406;398;394;390;383;377;379;379;382;392;397;398;397;396;397;400;399;396;393;390;389;390;390;391;393;395;401;409;417;425;430;432;432;430;431;428;424;420;413;409;407;405;405;403;401;402;404;409;414;416;416;408;397;380;364;348;332;317;300;282;264;247;230;215;200;186;174;162;153;144;136;130;126;811;29512
"354230 REDENCAO DA SERRA";49;50;54;55;56;56;56;58;59;60;61;63;63;63;63;61;62;60;59;58;57;56;55;54;52;51;48;48;48;49;49;50;50;51;52;52;54;54;56;59;62;65;67;68;69;68;68;68;67;66;65;63;63;62;62;62;62;61;64;65;66;67;67;67;67;65;61;59;54;51;46;42;37;34;32;29;27;25;24;22;116;4566
"354240 REGENTE FEIJO";230;237;247;257;262;260;264;269;265;264;264;261;260;261;262;263;269;273;273;273;274;278;280;281;280;280;280;280;281;280;280;280;283;287;292;297;303;307;313;317;319;322;321;315;305;294;282;274;270;269;270;270;272;273;276;279;281;281;276;267;254;244;233;223;214;203;193;182;171;160;149;139;130;120;113;106;100;95;90;85;551;20438
"354250 REGINOPOLIS";37;50;65;74;79;79;80;80;79;81;83;84;83;83;80;76;76;83;102;130;164;198;223;236;234;224;213;200;187;172;159;144;134;127;123;121;120;117;117;115;115;113;112;109;104;98;93;90;86;84;83;81;79;77;75;72;69;67;67;65;65;65;64;63;63;62;61;59;56;54;51;48;44;42;39;35;32;29;26;21;188;7818
"354260 REGISTRO";715;753;800;843;866;866;886;909;897;894;896;886;874;875;871;870;882;887;883;878;875;877;879;873;860;848;837;829;824;823;823;825;833;852;877;907;933;956;977;993;1008;1021;1020;1002;972;935;899;867;845;831;819;804;787;769;750;730;709;688;666;646;624;604;583;565;547;527;506;483;458;432;405;380;357;334;313;293;271;250;228;206;1427;61293
"354270 RESTINGA";76;81;88;93;98;99;103;106;105;104;103;101;100;99;101;102;105;106;106;103;102;99;98;97;96;96;95;95;94;91;90;88;87;89;93;96;101;104;105;105;103;102;99;96;92;88;84;81;79;81;82;82;83;84;84;83;84;82;80;76;71;67;63;59;57;54;51;48;45;40;38;35;33;29;27;24;23;20;18;15;116;6558
"354280 RIBEIRA";45;44;44;43;43;42;42;44;44;45;47;49;49;50;50;49;49;49;47;46;43;41;41;39;39;38;38;38;39;39;40;40;42;43;44;44;44;44;45;44;43;42;42;42;43;43;43;44;44;44;43;42;41;41;40;39;38;38;37;38;37;38;37;36;35;34;31;30;29;27;27;26;24;23;21;19;17;16;14;13;91;3198
"354290 RIBEIRAO BONITO";128;134;142;148;151;149;153;157;155;156;157;156;155;155;153;151;154;154;153;153;154;156;158;159;158;157;157;158;157;157;156;156;157;159;162;165;169;171;172;172;173;173;173;171;169;166;166;164;161;159;157;154;150;147;145;142;139;135;132;127;122;118;115;111;109;106;102;98;93;87;81;74;69;64;60;57;54;50;47;43;323;11310
"354300 RIBEIRAO BRANCO";314;308;309;312;307;299;301;304;297;294;294;291;290;294;297;302;311;318;316;311;308;305;303;302;300;298;296;295;293;290;289;286;283;282;282;282;281;281;280;279;280;280;277;273;266;259;252;246;241;237;233;228;224;218;213;208;203;197;190;183;175;167;159;151;144;137;129;122;114;106;100;93;87;80;74;69;64;59;54;50;239;18965
"354310 RIBEIRAO CORRENTE";56;62;68;72;74;74;75;76;76;77;76;76;75;74;72;70;68;68;69;70;74;76;78;77;75;72;68;66;65;66;66;67;68;69;69;68;68;68;68;68;68;68;68;67;64;61;59;57;56;56;56;55;56;55;54;53;53;51;50;48;47;44;43;41;40;37;35;33;32;30;29;28;27;25;24;23;21;20;18;17;89;4682
"354320 RIBEIRAO DO SUL";59;58;58;59;59;58;59;60;59;59;58;58;58;58;60;60;63;63;63;61;59;58;58;59;60;61;63;64;63;61;60;57;57;58;60;62;64;67;69;69;69;70;70;70;71;72;71;71;70;68;66;63;61;61;62;63;65;65;65;63;61;58;57;55;54;53;51;49;48;45;43;42;39;38;35;34;32;29;27;25;142;4772
"354323 RIBEIRAO DOS INDIOS";23;22;22;22;22;20;21;22;21;21;23;23;23;24;24;26;26;27;27;27;27;28;28;27;27;25;24;24;24;23;23;24;24;24;26;27;27;28;29;28;28;28;28;28;28;29;30;30;30;30;30;30;29;30;30;30;30;30;30;29;28;27;26;26;26;25;24;24;23;21;20;19;18;17;17;16;16;16;16;15;84;2074
"354325 RIBEIRAO GRANDE";98;95;95;96;96;95;97;100;101;102;106;107;109;113;115;117;120;121;118;112;106;100;97;96;96;98;101;102;103;101;100;99;99;101;104;109;113;116;119;121;124;126;125;121;116;110;104;100;99;102;104;107;108;107;105;101;96;92;90;87;83;80;78;74;71;68;64;61;59;57;55;54;52;50;47;43;38;34;29;25;183;7623
"354330 RIBEIRAO PIRES";1188;1256;1342;1420;1462;1465;1502;1543;1525;1524;1532;1517;1504;1511;1512;1517;1548;1572;1588;1609;1638;1671;1700;1706;1691;1671;1654;1644;1645;1653;1665;1679;1699;1729;1765;1802;1836;1868;1894;1917;1942;1964;1968;1952;1921;1879;1838;1800;1770;1741;1710;1675;1644;1621;1600;1583;1562;1534;1495;1445;1390;1337;1288;1247;1208;1167;1122;1073;1017;957;896;836;778;724;670;618;564;507;448;383;2426;119464
"354340 RIBEIRAO PRETO";7870;8126;8515;8836;8932;8796;8893;9024;8844;8791;8818;8741;8672;8715;8707;8734;8937;9134;9346;9653;10031;10446;10865;11161;11331;11472;11614;11725;11798;11838;11830;11814;11848;11955;12109;12262;12369;12422;12410;12332;12243;12120;11880;11498;11015;10484;9980;9553;9247;9042;8866;8686;8532;8404;8297;8202;8109;8000;7861;7695;7503;7316;7116;6901;6654;6376;6075;5761;5445;5129;4823;4526;4236;3953;3675;3400;3132;2865;2614;2390;17289;716609
"354350 RIVERSUL";81;78;80;80;81;79;80;82;81;81;82;83;83;85;85;86;88;88;86;83;80;77;76;75;75;77;78;78;78;75;74;72;71;70;69;69;69;71;72;75;77;80;81;81;78;76;73;72;70;71;70;70;72;73;74;75;76;77;78;77;76;75;72;71;66;62;58;54;49;46;43;40;37;35;32;30;29;27;26;27;146;5735
"354360 RIFAINA";47;48;50;52;53;53;55;56;54;53;52;51;50;50;53;55;58;60;61;62;61;61;61;60;59;57;54;53;51;51;50;50;50;52;56;60;63;65;66;67;67;66;64;63;60;58;55;53;52;52;52;52;52;52;53;52;51;52;51;51;50;48;48;46;44;42;39;36;34;32;31;29;27;26;24;23;21;20;20;20;110;4098
"354370 RINCAO";109;112;117;121;123;122;124;127;125;126;128;128;128;129;128;127;130;130;130;129;129;129;130;130;130;129;129;128;128;126;125;124;124;125;128;130;133;135;137;138;140;142;142;141;138;135;132;129;128;129;129;129;128;128;129;129;129;127;124;121;116;112;106;101;96;90;83;79;74;71;67;64;61;57;54;50;46;42;39;37;222;9376
"354380 RINOPOLIS";103;104;106;109;111;110;113;115;113;112;111;110;109;112;115;118;123;126;128;127;127;128;127;126;124;122;121;120;122;124;127;130;133;135;135;135;135;134;134;135;136;137;137;134;129;125;120;117;117;119;121;121;123;124;125;125;126;126;124;124;123;120;118;116;114;109;105;101;96;91;86;81;75;70;66;62;59;54;52;48;392;9497
"354390 RIO CLARO";2239;2329;2456;2561;2601;2572;2611;2662;2622;2620;2640;2624;2605;2613;2598;2586;2627;2663;2701;2765;2849;2942;3031;3078;3084;3081;3081;3083;3087;3096;3102;3107;3130;3173;3231;3290;3341;3380;3407;3418;3428;3428;3396;3323;3218;3098;2982;2884;2812;2760;2714;2664;2622;2589;2564;2542;2518;2488;2450;2402;2346;2288;2221;2142;2048;1940;1828;1720;1620;1531;1448;1369;1291;1211;1129;1047;970;897;833;793;5299;207539
"354400 RIO DAS PEDRAS";410;419;437;453;459;452;459;468;459;456;456;452;447;450;451;453;463;470;474;478;484;490;496;496;489;481;475;470;470;474;479;485;494;506;520;535;547;555;555;549;541;533;522;512;501;491;480;468;456;440;422;405;389;380;374;370;366;360;350;337;323;309;294;280;265;250;233;219;206;194;184;172;162;149;137;123;110;97;82;71;499;32172
"354410 RIO GRANDE DA SERRA";557;575;603;629;641;638;654;672;666;669;677;675;674;682;686;691;706;717;720;722;728;734;739;734;719;703;688;678;671;669;668;668;674;684;699;714;729;740;747;749;751;751;744;727;705;678;654;632;618;609;603;593;583;572;559;545;530;514;494;471;449;425;406;388;372;357;340;322;301;277;251;229;209;190;174;159;145;130;117;101;613;45677
"354420 RIOLANDIA";104;107;113;117;115;112;110;111;108;108;111;112;113;114;114;114;117;124;136;153;175;196;215;226;228;227;225;223;218;214;209;204;200;201;203;206;208;208;206;200;193;186;180;172;164;158;151;144;138;130;121;115;109;104;102;100;98;96;95;93;91;90;88;85;81;76;72;68;63;61;58;55;52;49;46;43;40;36;34;33;175;10550
"354425 ROSANA";202;203;210;217;221;221;227;235;235;238;243;245;245;250;252;255;260;262;258;251;244;238;233;228;224;221;218;216;216;216;218;219;220;222;224;226;227;231;236;242;250;258;263;267;268;269;270;270;271;272;272;271;270;270;268;267;264;260;254;246;239;231;222;213;203;192;182;171;162;154;147;140;133;124;116;107;97;88;77;70;369;17986
"354430 ROSEIRA";126;136;148;156;162;163;167;171;169;167;166;162;160;158;155;154;154;154;153;150;150;150;151;154;157;160;164;166;166;163;160;157;156;156;161;166;169;175;176;179;180;181;181;176;170;162;154;149;145;144;142;140;139;138;137;135;134;132;127;121;116;109;104;101;99;96;95;90;86;79;70;64;58;52;49;45;41;37;34;29;154;10962
"354440 RUBIACEA";34;37;39;42;42;42;44;44;44;44;42;41;41;40;39;38;38;37;37;35;33;33;32;33;34;34;35;36;37;38;39;39;40;40;40;39;38;39;39;40;43;43;44;44;43;41;40;39;39;39;38;39;39;39;38;38;38;37;36;34;32;31;29;28;26;24;23;21;19;18;17;15;13;13;11;11;9;9;8;8;58;2752
"354450 RUBINEIA";48;46;46;45;43;42;40;41;41;43;45;47;47;48;47;45;43;42;42;42;42;43;43;42;40;38;36;36;34;36;36;37;38;39;41;42;44;46;47;48;49;50;52;52;52;53;54;54;55;55;56;56;56;57;58;58;60;61;61;62;62;63;63;62;62;60;59;56;54;51;47;44;41;38;35;32;30;26;24;21;134;3866
"354460 SABINO";53;53;56;58;59;58;60;62;64;67;70;71;73;74;73;71;70;68;66;62;58;56;56;55;57;59;61;63;64;63;62;62;61;62;63;65;66;68;70;72;76;77;79;79;78;75;72;71;70;70;71;70;71;70;69;69;69;69;70;72;73;74;75;75;74;71;69;66;61;57;51;47;44;40;37;35;33;33;33;32;194;5252
"354470 SAGRES";34;34;35;35;34;33;33;33;33;35;36;36;38;36;35;33;32;30;29;30;30;31;31;31;32;32;33;34;34;34;33;33;33;33;34;35;35;35;36;36;35;36;36;36;35;34;33;33;32;33;33;32;32;32;32;30;29;29;29;31;32;32;33;33;30;28;25;23;23;22;22;22;21;21;18;16;14;12;10;10;72;2510
"354480 SALES";56;62;69;75;79;79;82;86;85;87;90;90;90;89;86;84;82;81;79;80;80;80;81;80;77;75;73;73;74;76;78;80;83;86;90;92;95;97;97;97;97;96;94;92;89;86;84;81;82;84;85;88;89;91;92;92;93;94;95;96;97;96;96;93;91;86;81;76;70;65;60;55;50;46;42;39;35;33;32;32;164;6514
"354490 SALES OLIVEIRA";127;130;138;143;145;144;147;150;148;148;148;147;146;146;146;147;150;152;152;152;153;156;158;160;161;163;165;167;168;169;168;168;170;173;178;181;186;188;190;190;188;189;185;181;175;168;162;156;153;152;151;151;150;149;147;146;144;142;139;136;133;129;126;122;118;112;107;103;97;91;86;81;77;71;67;64;61;57;54;52;297;11587
"354500 SALESOPOLIS";204;201;205;208;208;204;207;211;208;209;212;212;213;218;220;223;230;233;233;231;229;229;228;225;220;216;212;210;210;212;214;216;217;216;215;212;209;208;208;210;214;219;221;223;222;221;222;220;219;217;213;211;207;203;201;198;194;192;190;187;184;182;179;173;165;155;146;137;128;121;115;109;102;94;87;80;72;65;60;57;328;15539
"354510 SALMOURAO";66;64;65;67;68;67;68;69;67;64;62;60;59;60;62;65;69;72;73;72;72;72;71;71;70;70;68;67;66;66;64;63;63;63;64;65;66;68;69;71;73;75;75;74;71;68;65;62;61;60;59;59;58;59;59;60;59;59;60;58;58;56;55;53;52;50;48;45;43;41;40;39;36;34;33;30;28;26;24;22;143;4898
"354515 SALTINHO";97;95;95;97;97;95;96;98;95;95;94;95;95;96;99;103;107;110;111;110;110;109;110;109;109;109;109;109;109;110;110;112;113;117;122;127;133;137;139;140;141;140;138;137;133;129;126;121;118;114;111;105;102;100;100;99;99;99;100;99;99;97;96;95;92;88;84;81;78;75;73;69;65;61;55;50;44;38;31;25;221;8251
"354520 SALTO";1747;1781;1850;1909;1922;1889;1903;1923;1870;1841;1825;1787;1755;1754;1747;1750;1785;1808;1816;1828;1849;1881;1923;1958;1986;2016;2050;2082;2110;2135;2153;2169;2192;2227;2267;2305;2334;2347;2342;2320;2292;2260;2212;2148;2073;1994;1919;1854;1804;1767;1731;1694;1665;1644;1629;1617;1604;1583;1551;1509;1460;1409;1355;1297;1232;1161;1087;1013;941;874;810;749;691;634;580;529;480;438;398;373;2445;135642
"354530 SALTO DE PIRAPORA";480;516;557;593;611;612;626;643;635;636;639;631;623;622;616;612;618;622;629;639;653;670;686;690;686;679;673;667;664;660;658;655;657;665;675;687;697;704;706;703;700;696;686;670;651;629;609;593;584;581;579;574;570;565;557;548;541;532;521;512;500;488;475;459;440;418;395;370;347;324;301;281;261;242;224;208;194;181;172;165;840;44878
"354540 SALTO GRANDE";111;113;118;124;126;125;127;130;128;125;123;121;119;120;122;124;128;130;130;130;130;130;130;129;127;124;122;119;118;117;117;115;116;118;122;125;129;131;132;131;130;130;128;127;128;128;126;126;125;124;122;120;119;118;118;118;118;118;116;112;107;105;101;99;99;98;97;94;91;85;80;74;69;65;61;57;54;49;45;39;262;9238
"354550 SANDOVALINA";47;50;54;57;57;56;56;58;57;59;61;61;61;60;57;53;53;51;49;48;49;49;50;51;50;50;51;51;51;51;50;50;50;50;50;51;51;52;51;52;51;51;52;52;53;53;53;54;54;53;52;51;50;50;49;48;48;47;46;45;44;42;40;38;36;33;31;29;27;26;25;24;24;22;20;18;16;14;13;11;65;3725
"354560 SANTA ADELIA";149;155;163;171;176;176;180;185;183;181;180;178;176;178;181;184;191;195;196;197;197;199;202;201;201;201;201;201;201;200;199;199;200;203;207;212;216;221;224;225;227;227;227;225;222;218;214;210;205;200;194;188;184;181;181;181;182;180;177;172;165;159;153;148;142;137;132;126;121;116;111;107;102;97;91;84;77;69;61;53;405;14336
"354570 SANTA ALBERTINA";75;78;81;84;86;85;86;87;84;83;81;79;77;76;74;74;75;75;74;71;69;68;69;69;71;74;77;80;84;87;91;93;95;97;96;95;95;94;94;94;95;94;94;92;90;88;86;84;84;83;83;82;82;81;82;82;82;82;83;83;83;83;83;83;82;79;77;75;71;68;65;62;58;54;51;48;43;39;35;32;201;6461
"354580 SANTA BARBARA D'OESTE";2020;2100;2220;2328;2377;2362;2403;2447;2395;2366;2352;2307;2272;2275;2274;2288;2343;2384;2407;2438;2478;2532;2596;2646;2681;2719;2760;2800;2837;2871;2898;2921;2952;2991;3037;3076;3104;3123;3126;3116;3107;3091;3047;2968;2867;2753;2651;2579;2551;2559;2581;2596;2605;2605;2592;2572;2548;2517;2477;2428;2368;2307;2238;2160;2067;1961;1848;1729;1610;1490;1375;1263;1156;1051;952;858;769;686;614;556;3807;190181
"354600 SANTA BRANCA";165;164;166;168;169;166;168;172;171;173;178;179;182;186;188;190;195;197;197;196;196;195;196;195;194;191;191;191;190;191;189;188;189;191;193;196;199;202;202;202;202;202;202;202;202;201;202;201;202;205;205;205;206;204;203;201;199;196;192;188;183;179;174;169;164;156;149;142;133;125;117;108;100;93;88;82;76;70;66;62;355;14262
"354610 SANTA CLARA D'OESTE";41;39;40;38;37;34;33;33;33;34;35;36;36;37;34;32;30;30;29;30;31;32;33;34;33;33;33;32;34;34;35;36;37;37;37;38;38;38;39;39;38;39;38;38;38;37;36;35;35;34;33;33;31;31;31;30;30;30;30;30;30;30;30;30;30;29;29;27;26;24;22;20;18;18;16;16;15;15;14;14;71;2595
"354620 SANTA CRUZ DA CONCEICAO";31;35;39;42;46;47;50;52;52;52;52;52;52;52;53;52;53;53;54;53;53;53;52;52;49;46;45;43;43;44;45;48;50;53;56;60;63;66;67;68;68;69;69;68;67;66;63;63;62;63;63;63;63;64;64;64;62;62;63;63;62;62;61;60;59;56;55;52;50;47;46;43;40;38;35;33;30;26;24;21;158;4375
"354625 SANTA CRUZ DA ESPERANCA";23;24;27;29;30;29;30;32;31;32;32;31;31;31;31;30;31;30;29;28;28;25;26;27;28;30;32;33;33;31;30;27;26;27;28;30;30;32;32;31;29;28;27;27;25;25;25;24;23;24;24;24;25;25;26;28;29;30;30;29;29;27;27;25;25;23;22;20;20;20;20;19;19;19;17;15;14;12;11;9;67;2164
"354630 SANTA CRUZ DAS PALMEIRAS";361;364;377;389;394;391;398;406;399;395;394;389;387;393;399;408;423;432;433;431;429;429;431;431;431;432;434;436;437;437;438;439;445;455;471;487;500;508;507;498;486;474;461;447;435;421;409;401;395;393;391;388;385;380;374;368;363;356;347;339;329;319;308;296;283;269;253;238;223;208;195;183;171;159;147;137;127;118;111;105;655;29885
"354640 SANTA CRUZ DO RIO PARDO";589;593;612;630;632;622;631;643;635;636;645;645;644;650;649;650;661;666;666;664;666;670;675;674;667;661;655;652;653;655;658;660;667;678;691;705;717;724;727;724;719;714;705;690;671;651;634;620;612;610;610;608;605;600;596;589;582;572;560;546;530;513;498;484;471;456;441;423;406;387;368;350;332;313;292;272;249;225;199;173;1354;47572
"354650 SANTA ERNESTINA";97;91;88;86;81;76;75;75;73;76;79;82;84;87;86;86;88;89;89;90;91;93;95;97;100;102;105;106;105;105;104;101;101;100;101;101;100;100;100;99;99;97;96;93;90;87;83;82;81;81;80;80;81;80;78;76;74;72;68;66;62;59;56;54;52;50;47;45;42;38;34;31;28;26;24;23;22;22;22;22;103;6190
"354660 SANTA FE DO SUL";422;424;436;446;445;434;435;438;429;425;427;423;420;421;418;417;423;429;435;443;456;469;483;490;490;489;489;489;488;486;485;483;485;492;502;514;525;534;540;546;551;556;554;545;531;513;497;485;478;476;475;474;471;468;466;462;458;452;444;432;421;408;396;387;377;365;353;338;323;305;288;272;256;242;230;217;205;193;182;170;1030;35271
"354670 SANTA GERTRUDES";314;324;340;351;355;348;352;357;349;347;348;345;342;343;342;342;350;358;368;383;400;418;432;439;436;431;426;419;412;406;399;392;387;385;387;389;390;391;389;386;382;379;373;365;356;345;336;326;318;310;301;292;281;272;262;253;243;233;223;213;202;192;182;171;161;151;140;130;123;116;110;105;99;94;88;81;75;68;62;57;381;23923
"354680 SANTA ISABEL";626;653;690;723;738;734;750;767;760;761;771;767;764;767;764;762;774;782;787;797;810;824;836;833;818;799;783;769;764;763;764;767;773;783;798;812;823;835;845;850;858;863;860;843;819;791;764;743;733;732;732;730;725;715;702;685;670;653;639;626;610;596;578;556;530;500;469;439;413;389;368;346;324;298;271;245;217;190;163;141;1032;54544
"354690 SANTA LUCIA";73;80;87;96;100;102;106;108;105;101;98;93;90;90;91;94;97;102;102;102;103;104;105;106;108;109;111;112;112;112;111;112;112;113;114;115;115;116;117;118;119;118;118;113;106;101;94;90;89;92;96;100;102;103;101;98;97;94;91;89;87;84;81;78;73;69;65;60;55;50;45;42;38;36;33;32;31;32;32;34;151;7361
"354700 SANTA MARIA DA SERRA";76;75;76;78;77;76;77;78;78;79;80;81;82;83;82;82;83;81;79;75;72;70;68;70;72;77;79;82;82;81;79;78;77;78;81;84;87;87;86;83;78;75;71;68;68;68;67;68;67;68;68;68;68;66;65;64;63;62;61;61;62;62;61;57;52;47;42;37;34;32;31;30;28;26;24;23;21;22;21;25;120;5352
"354710 SANTA MERCEDES";35;36;38;41;43;43;45;45;45;43;42;40;39;39;40;40;43;42;42;39;37;35;34;34;36;37;38;39;40;40;39;38;39;40;42;45;45;48;47;46;44;42;40;40;40;41;42;42;42;42;41;39;38;38;40;41;41;43;42;42;41;39;38;36;34;30;28;26;24;22;21;19;18;17;15;15;15;15;15;16;90;3013
"354720 SANTANA DA PONTE PENSA";9;11;13;14;16;16;17;19;19;19;20;19;19;19;19;19;20;20;19;19;17;17;16;16;16;16;16;16;17;18;18;19;19;19;20;19;18;19;20;22;24;25;26;26;25;23;22;22;22;23;24;24;26;26;27;27;26;27;28;29;28;29;28;28;27;26;24;23;22;21;20;19;18;17;16;16;14;14;14;14;85;1709
"354730 SANTANA DE PARNAIBA";1948;2052;2182;2297;2350;2342;2396;2458;2435;2442;2467;2452;2427;2420;2387;2355;2360;2347;2316;2291;2275;2268;2266;2245;2208;2176;2151;2133;2124;2123;2127;2137;2170;2233;2321;2417;2506;2586;2649;2694;2734;2761;2752;2695;2600;2482;2365;2256;2162;2081;2002;1921;1852;1801;1765;1736;1707;1669;1618;1557;1486;1421;1358;1298;1239;1179;1115;1049;982;916;851;788;724;663;601;539;478;416;351;288;2201;154992
"354740 SANTA RITA D'OESTE";29;29;29;30;30;30;30;30;30;29;28;26;26;27;28;30;31;33;34;34;34;34;34;34;31;30;29;27;27;29;30;31;33;34;36;36;37;38;39;39;40;41;41;41;39;37;36;35;35;36;37;39;39;40;41;41;42;42;42;41;39;38;37;37;38;37;38;38;37;34;32;29;28;27;25;24;23;22;21;19;117;2780
"354750 SANTA RITA DO PASSA QUATRO";230;238;251;264;272;272;279;288;286;288;291;290;289;293;294;297;304;308;306;304;303;301;302;300;295;293;291;289;292;295;299;306;313;323;337;349;362;373;380;387;393;397;397;393;384;374;365;357;352;348;347;344;345;348;354;360;367;371;370;364;356;348;339;332;324;315;304;293;281;268;255;242;229;215;203;190;177;162;148;133;1060;25538
"354760 SANTA ROSA DE VITERBO";242;255;273;289;298;300;309;317;314;314;314;311;307;308;307;307;312;313;311;308;305;305;307;311;313;317;323;328;332;337;340;344;346;350;352;353;353;355;356;358;361;363;363;358;350;342;334;329;325;325;325;324;322;320;317;313;309;304;301;296;292;286;280;272;261;248;236;223;212;202;194;184;175;165;153;142;130;118;107;99;716;23970
"354765 SANTA SALETE";17;17;17;18;18;18;19;19;19;20;20;20;20;21;20;21;21;21;21;21;20;20;20;19;18;19;18;18;18;18;18;18;18;19;20;20;21;22;22;22;24;24;24;24;26;26;25;26;26;26;26;26;25;25;25;25;24;23;23;22;23;22;21;21;21;20;20;19;19;18;18;17;17;15;15;13;12;10;9;6;65;1672
"354770 SANTO ANASTACIO";208;203;206;209;209;204;208;212;210;213;217;218;221;225;228;232;239;243;241;240;238;237;239;240;240;241;242;242;241;239;237;234;233;234;238;242;245;248;252;254;257;260;261;260;258;254;252;251;251;254;258;262;265;271;276;282;286;287;282;272;260;248;235;223;211;197;185;174;165;158;153;148;143;137;130;123;117;111;104;101;683;18507
"354780 SANTO ANDRE";7616;7953;8427;8856;9068;9041;9241;9457;9323;9294;9328;9239;9166;9228;9246;9301;9521;9676;9762;9876;10030;10225;10440;10560;10597;10632;10694;10788;10930;11115;11302;11490;11725;12018;12339;12650;12911;13106;13204;13215;13201;13150;12983;12677;12275;11822;11388;11028;10780;10624;10485;10329;10191;10068;9953;9844;9726;9575;9376;9136;8860;8593;8323;8054;7769;7456;7119;6768;6415;6062;5721;5387;5063;4745;4430;4118;3806;3490;3175;2887;21454;770896
"354790 SANTO ANTONIO DA ALEGRIA";95;94;95;95;94;91;90;90;88;89;90;89;89;90;88;87;88;88;88;89;92;94;96;97;96;96;94;93;92;91;91;90;91;92;95;99;102;105;107;107;107;107;104;100;95;89;84;80;78;79;82;82;84;85;85;85;85;85;84;84;84;83;83;81;80;77;75;71;68;65;61;57;53;49;46;42;39;35;32;28;174;6874
"354800 SANTO ANTONIO DE POSSE";293;302;316;327;331;327;331;335;328;323;322;316;312;313;315;318;326;334;341;350;362;372;383;387;384;378;373;370;369;370;372;372;373;374;373;371;369;366;366;366;367;367;363;354;341;326;313;303;299;301;303;304;301;295;284;271;259;248;242;241;239;237;233;227;216;204;191;177;164;153;143;132;122;113;102;92;83;75;70;67;442;23474
"354805 SANTO ANTONIO DO ARACANGUA";87;94;101;109;112;112;115;119;119;121;123;122;121;119;116;112;111;107;103;101;97;96;96;96;99;102;105;107;110;111;112;113;114;117;119;122;124;126;127;129;131;131;132;130;128;125;121;120;119;121;122;123;125;125;126;126;125;124;122;120;116;113;109;104;99;94;88;83;76;71;65;59;55;49;45;42;38;35;32;32;174;8521
"354810 SANTO ANTONIO DO JARDIM";75;71;72;72;72;72;74;75;75;75;75;76;76;80;83;86;92;94;94;91;88;86;83;81;80;78;77;76;77;78;79;81;83;85;86;88;89;90;91;91;92;91;91;91;91;92;90;91;91;90;88;86;84;83;80;78;75;75;74;77;78;80;80;78;75;69;65;61;57;57;56;55;52;50;46;41;36;31;27;23;166;6240
"354820 SANTO ANTONIO DO PINHAL";78;81;85;90;92;92;94;96;96;94;94;93;92;93;93;94;97;99;99;101;103;104;105;104;100;96;93;90;89;90;92;93;94;97;101;104;107;109;112;113;115;115;114;113;111;109;106;104;102;100;99;97;96;98;99;101;103;104;104;101;97;92;88;84;80;75;70;65;59;55;51;46;42;39;36;32;30;28;26;27;172;7234
"354830 SANTO EXPEDITO";40;37;37;37;38;38;38;39;37;36;34;33;32;34;36;40;44;46;46;44;42;39;37;36;37;37;38;39;38;37;36;33;34;33;35;37;39;41;42;41;41;41;40;41;41;42;41;41;41;42;42;42;42;43;44;46;45;46;46;44;42;40;38;38;37;35;34;33;31;30;29;28;27;25;24;23;21;20;19;17;104;3063
"354840 SANTOPOLIS DO AGUAPEI";48;51;53;56;57;56;57;59;57;57;57;56;55;55;55;55;56;56;57;57;58;58;59;59;58;58;57;58;56;57;57;56;58;58;60;61;62;63;64;62;61;59;57;55;55;53;52;50;50;50;50;50;50;50;49;48;46;46;46;47;48;48;48;47;43;39;35;32;28;26;25;24;22;20;18;16;14;14;15;16;100;3991
"354850 SANTOS";3543;3748;4020;4272;4418;4448;4589;4743;4723;4757;4821;4815;4806;4856;4872;4900;5008;5076;5099;5130;5177;5242;5316;5342;5325;5310;5309;5321;5354;5410;5469;5534;5630;5761;5916;6075;6224;6372;6521;6663;6814;6940;6975;6886;6700;6462;6234;6045;5920;5853;5797;5739;5708;5715;5752;5804;5851;5869;5846;5781;5684;5591;5493;5391;5275;5136;4974;4794;4600;4399;4199;4002;3807;3616;3426;3233;3038;2831;2628;2430;19363;432516
"354860 SAO BENTO DO SAPUCAI";116;122;131;139;143;144;147;152;151;151;152;151;149;151;150;150;152;153;152;151;151;151;151;151;150;149;148;150;150;150;152;154;155;158;160;162;165;167;170;173;178;181;183;180;176;170;166;163;162;163;165;165;167;167;166;164;164;163;162;161;159;158;154;150;143;136;127;118;110;103;98;91;85;79;74;69;65;62;60;60;350;11841
"354870 SAO BERNARDO DO CAMPO";8233;8783;9455;10047;10369;10397;10675;10970;10856;10863;10936;10849;10755;10794;10760;10757;10948;11091;11204;11385;11630;11909;12173;12272;12220;12138;12085;12067;12107;12205;12310;12424;12600;12855;13160;13468;13738;13959;14109;14189;14258;14290;14194;13939;13567;13131;12707;12336;12058;11849;11639;11408;11202;11024;10867;10720;10559;10356;10092;9774;9415;9068;8724;8388;8043;7676;7285;6885;6485;6089;5706;5332;4969;4612;4260;3909;3563;3215;2867;2546;16810;839562
"354880 SAO CAETANO DO SUL";1431;1537;1668;1785;1852;1869;1930;1994;1983;1993;2013;1999;1979;1979;1960;1945;1961;1960;1941;1925;1915;1914;1920;1915;1899;1891;1890;1900;1922;1959;2001;2052;2126;2232;2362;2501;2632;2745;2832;2892;2938;2972;2969;2915;2824;2714;2605;2506;2428;2368;2312;2257;2221;2211;2225;2250;2274;2284;2270;2235;2184;2136;2087;2042;1994;1940;1878;1809;1739;1665;1592;1518;1445;1370;1295;1215;1134;1046;952;861;7279;170163
"354890 SAO CARLOS";2871;2974;3120;3255;3313;3281;3330;3379;3295;3244;3213;3146;3103;3129;3162;3219;3340;3453;3564;3696;3849;4006;4137;4184;4151;4091;4035;3987;3958;3948;3940;3933;3944;3980;4032;4086;4131;4168;4190;4201;4212;4215;4180;4098;3982;3847;3717;3603;3514;3446;3379;3307;3246;3197;3157;3123;3088;3049;3003;2949;2887;2824;2751;2665;2562;2443;2316;2188;2066;1950;1840;1731;1624;1516;1406;1295;1189;1084;985;908;6481;261061
"354900 SAO FRANCISCO";26;26;26;26;27;27;27;28;28;29;30;31;31;32;32;32;33;33;33;33;34;33;33;34;33;32;32;32;31;31;31;31;31;31;31;31;31;32;32;32;33;34;34;35;36;37;38;38;38;39;38;37;38;38;39;40;40;41;41;40;39;38;37;36;34;33;31;30;29;29;28;27;27;27;24;23;20;19;16;14;126;2669
"354910 SAO JOAO DA BOA VISTA";1005;1032;1080;1124;1141;1128;1145;1164;1138;1125;1120;1102;1089;1095;1101;1112;1144;1169;1187;1208;1233;1262;1292;1306;1308;1306;1307;1308;1308;1309;1308;1309;1320;1347;1386;1429;1467;1498;1518;1528;1536;1540;1530;1503;1464;1417;1373;1339;1320;1313;1307;1300;1295;1290;1286;1281;1274;1260;1236;1202;1162;1123;1086;1053;1021;987;948;905;859;808;757;706;658;613;568;526;483;438;394;347;2709;94675
"354920 SAO JOAO DAS DUAS PONTES";32;31;30;30;30;29;29;30;29;30;30;31;31;32;33;34;36;36;37;36;36;35;36;36;35;35;35;34;33;33;32;32;32;33;32;33;34;34;35;36;36;37;38;38;39;39;40;40;40;40;40;40;40;39;39;39;39;38;37;37;34;33;32;31;30;28;27;26;24;23;22;21;19;18;17;15;15;13;11;9;84;2624
"354925 SAO JOAO DE IRACEMA";26;25;25;25;24;24;24;24;24;24;25;25;25;26;25;25;25;26;26;25;26;25;25;25;27;27;28;28;28;28;27;27;26;25;23;22;21;20;19;20;21;21;22;23;24;26;28;29;29;29;28;27;26;26;26;26;24;24;24;22;21;20;19;19;19;19;19;19;19;18;17;16;15;15;13;13;12;10;9;6;52;1870
"354930 SAO JOAO DO PAU D'ALHO";24;24;26;26;25;24;24;25;25;25;26;25;26;26;26;25;25;25;26;26;26;26;27;27;27;27;28;27;28;28;27;27;27;28;28;28;28;28;28;27;27;26;26;28;28;30;30;31;33;33;32;32;32;32;32;32;32;33;33;33;32;32;32;32;32;33;32;32;32;29;27;24;23;21;20;19;18;17;15;13;109;2290
"354940 SAO JOAQUIM DA BARRA";545;557;582;607;621;619;634;652;647;650;656;654;653;663;668;676;693;701;697;688;680;674;675;678;683;693;702;710;715;717;717;718;724;739;762;786;807;824;833;834;835;832;822;804;780;752;726;702;686;674;663;652;640;630;622;612;603;594;583;570;555;542;524;506;485;461;435;411;390;372;356;338;321;301;280;257;234;210;185;167;1206;49852
"354950 SAO JOSE DA BELA VISTA";109;107;109;112;111;110;112;114;114;116;119;120;122;125;126;128;130;132;132;130;129;128;127;126;124;123;123;121;120;118;117;114;113;111;111;109;108;107;105;104;102;102;101;100;100;99;99;100;100;101;101;102;100;99;95;90;87;82;80;78;76;74;72;69;67;63;59;57;54;53;52;50;47;45;42;39;34;30;25;21;150;7813
"354960 SAO JOSE DO BARREIRO";54;53;54;54;54;51;51;52;52;55;57;59;61;61;60;57;57;55;54;54;55;54;54;54;52;49;48;46;46;47;48;49;50;51;52;53;53;53;54;53;53;53;53;53;51;50;50;49;50;51;53;54;55;56;55;54;54;52;52;50;48;46;45;45;43;42;41;40;37;33;30;27;24;22;20;20;19;19;17;17;114;3923
"354970 SAO JOSE DO RIO PARDO";592;613;645;673;684;677;687;697;679;670;664;650;636;635;631;632;644;650;652;655;659;670;682;692;700;709;720;731;745;760;773;786;798;810;822;831;835;839;842;841;842;839;828;804;771;735;701;677;665;666;669;672;676;677;679;678;680;680;680;682;679;677;671;658;638;614;585;556;525;495;463;434;405;376;348;320;293;268;248;231;1567;53663
"354980 SAO JOSE DO RIO PRETO";5406;5570;5834;6048;6103;6000;6055;6135;6003;5960;5970;5906;5844;5851;5818;5804;5908;6010;6124;6302;6530;6784;7037;7210;7303;7376;7454;7524;7587;7644;7678;7704;7750;7818;7896;7964;8011;8047;8073;8088;8114;8118;8042;7860;7599;7298;7011;6772;6605;6497;6403;6300;6212;6140;6076;6020;5961;5886;5787;5667;5524;5383;5228;5057;4861;4641;4406;4168;3938;3718;3510;3309;3112;2919;2727;2538;2357;2181;2018;1891;12644;490627
"354990 SAO JOSE DOS CAMPOS";8245;8617;9124;9562;9754;9682;9850;10038;9858;9795;9796;9664;9535;9531;9471;9441;9584;9684;9748;9867;10041;10251;10459;10540;10507;10454;10426;10432;10492;10601;10716;10832;10978;11161;11358;11544;11698;11827;11926;11992;12059;12089;11987;11717;11318;10850;10399;10006;9709;9491;9289;9077;8892;8744;8622;8517;8409;8281;8117;7922;7699;7483;7262;7032;6778;6496;6190;5869;5542;5211;4886;4566;4251;3939;3627;3316;3005;2688;2383;2089;13573;718461
"354995 SAO LOURENCO DA SERRA";197;204;214;224;229;228;233;237;232;230;228;223;219;221;222;224;231;235;237;239;241;244;246;244;241;235;231;227;224;224;223;224;225;227;230;232;234;237;241;245;249;253;255;253;247;240;234;229;227;226;224;222;220;216;212;207;200;195;189;182;174;166;160;156;152;148;145;139;133;124;114;106;96;89;82;74;66;57;48;37;309;16237
"355000 SAO LUIS DO PARAITINGA";110;110;113;116;117;116;118;121;120;119;121;120;120;122;125;126;130;133;132;131;129;128;128;129;130;131;132;134;134;134;132;133;134;136;139;143;145;148;149;148;147;146;145;144;145;146;147;149;151;153;155;155;157;157;159;161;161;161;160;157;153;150;146;141;138;133;126;121;113;104;96;89;82;76;71;67;62;59;57;55;335;10566
"355010 SAO MANUEL";430;445;469;489;498;494;503;515;509;508;512;509;506;508;506;506;515;521;522;524;528;534;543;545;544;543;543;545;549;556;562;569;574;581;585;590;592;596;598;601;606;610;611;610;604;597;592;582;573;561;545;530;514;499;483;470;456;445;436;431;425;420;411;400;383;363;342;322;303;286;270;254;239;222;204;188;171;156;141;131;891;38544
"355020 SAO MIGUEL ARCANJO";415;425;442;459;466;461;470;481;476;477;482;480;478;482;482;483;492;496;493;491;491;491;492;488;481;475;469;464;462;461;461;462;463;467;470;475;479;483;489;496;503;510;510;500;482;461;441;429;425;428;433;438;438;435;426;416;405;393;381;371;360;349;337;324;308;292;274;258;243;228;215;203;191;178;167;155;144;132;123;116;701;33073
"355030 SAO PAULO";125760;131355;138974;145908;149251;148675;151703;154933;152204;151156;151156;149287;147839;148928;149658;151246;155614;159215;162092;165664;169927;174731;179576;182446;183362;183924;184534;184842;184873;184774;184176;183597;184041;185912;188771;191875;194424;196199;197021;196907;196710;196123;193934;189891;184470;178358;172537;167445;163692;160882;158192;155175;152261;149484;146724;144128;141462;138506;135263;131784;128027;124374;120549;116553;112072;107229;102006;96697;91501;86435;81571;76826;72166;67486;62784;58028;53316;48533;43820;39637;297311;11950472
"355040 SAO PEDRO";417;431;451;472;482;481;492;505;496;493;492;484;480;485;489;497;512;522;524;523;523;525;526;521;512;504;498;492;491;490;493;496;503;515;529;544;559;571;581;588;594;600;600;594;584;572;558;547;538;530;521;512;503;496;489;484;478;473;472;471;471;470;465;455;440;419;398;379;363;350;339;328;315;299;282;262;243;222;204;192;1155;38856
"355050 SAO PEDRO DO TURVO";110;107;107;107;107;104;105;107;104;103;104;102;103;104;107;110;113;115;115;113;110;108;106;104;101;98;96;93;93;93;94;95;96;99;100;102;104;105;106;108;109;111;110;107;102;96;91;88;87;88;90;93;94;95;96;96;96;94;92;87;81;76;72;69;67;67;66;64;62;59;56;53;51;48;46;45;41;38;34;29;154;7358
"355060 SAO ROQUE";894;937;995;1050;1076;1076;1103;1132;1120;1121;1126;1117;1105;1106;1099;1095;1109;1112;1103;1093;1086;1083;1087;1086;1082;1081;1082;1088;1096;1109;1121;1134;1154;1182;1214;1247;1277;1303;1324;1339;1354;1364;1360;1331;1288;1237;1186;1144;1113;1094;1076;1057;1040;1025;1014;1002;991;980;969;958;946;934;916;890;856;816;772;728;686;647;608;571;533;496;456;418;380;343;310;284;1988;81905
"355070 SAO SEBASTIAO";1081;1115;1168;1216;1237;1227;1250;1278;1261;1260;1269;1260;1251;1258;1254;1253;1273;1281;1276;1272;1272;1275;1280;1274;1260;1245;1233;1226;1226;1233;1239;1248;1259;1275;1294;1311;1326;1344;1362;1382;1404;1422;1421;1394;1348;1289;1232;1182;1142;1111;1082;1051;1021;992;963;935;907;879;849;820;789;758;727;695;660;622;584;545;509;475;442;412;382;350;320;290;260;232;204;181;1207;83392
"355080 SAO SEBASTIAO DA GRAMA";115;116;120;123;124;123;125;128;127;129;131;132;133;135;136;137;141;143;142;141;140;142;143;142;144;144;146;148;149;151;151;154;156;158;160;162;163;164;165;166;166;166;164;162;157;151;146;142;141;142;143;144;145;145;145;145;145;143;142;138;134;131;128;123;120;116;110;105;99;93;88;81;76;70;65;61;55;50;47;43;313;10729
"355090 SAO SIMAO";133;136;142;148;152;153;159;167;168;173;177;180;184;190;192;195;201;203;200;195;190;187;183;180;178;176;175;176;176;178;181;183;187;191;198;203;208;212;213;213;213;212;209;204;198;191;185;180;179;181;182;185;186;187;188;186;187;184;183;179;176;172;168;163;156;148;141;132;126;119;113;107;100;93;88;82;76;70;65;61;448;13839
"355100 SAO VICENTE";3701;3904;4162;4404;4539;4552;4671;4789;4717;4685;4677;4606;4554;4586;4613;4665;4799;4901;4969;5045;5140;5243;5330;5333;5262;5170;5089;5022;4987;4983;4984;4988;5008;5049;5100;5151;5194;5237;5275;5311;5355;5389;5376;5300;5174;5024;4880;4757;4673;4617;4559;4491;4420;4343;4261;4175;4087;3992;3894;3789;3676;3568;3460;3351;3234;3103;2962;2814;2659;2501;2346;2192;2042;1892;1742;1592;1438;1279;1124;967;6800;341693
"355110 SARAPUI";122;128;136;145;149;151;155;159;157;156;155;152;149;150;151;153;158;160;158;155;151;149;147;146;146;147;146;148;147;146;146;145;145;145;147;149;151;152;153;153;153;153;151;149;146;141;138;134;131;129;126;124;123;123;125;126;127;127;128;127;125;122;120;116;113;107;101;95;89;82;75;70;64;59;55;51;49;46;45;45;225;10493
"355120 SARUTAIA";53;51;49;49;48;46;47;48;48;48;49;49;51;53;55;57;60;61;60;60;59;58;57;57;57;58;58;57;57;56;54;52;51;50;51;51;51;51;51;50;49;49;49;49;47;47;47;47;46;45;44;43;43;43;45;46;47;47;47;47;46;45;44;42;41;40;37;36;34;31;29;26;24;24;22;21;20;19;19;19;99;3773
"355130 SEBASTIANOPOLIS DO SUL";37;37;40;42;43;42;42;43;42;42;43;41;41;41;40;39;38;38;36;35;33;32;32;32;34;35;36;37;39;40;42;44;46;47;48;50;51;52;53;52;52;50;49;47;45;43;40;39;38;39;39;39;40;41;42;43;43;45;44;45;44;43;43;41;41;39;37;35;33;30;28;26;23;21;20;19;17;15;16;14;97;3182
"355140 SERRA AZUL";112;118;126;132;134;133;135;136;134;133;134;133;133;135;138;141;149;157;168;181;197;214;231;244;256;265;272;278;279;277;271;266;261;259;259;258;257;256;252;249;246;242;235;225;213;199;185;176;167;164;160;157;154;150;145;140;135;131;126;123;119;115;111;107;102;97;93;86;81;75;69;63;58;52;48;43;39;35;32;28;161;12950
"355150 SERRANA";559;583;615;645;659;657;672;687;678;675;679;673;667;673;674;678;693;702;708;715;724;735;746;747;740;732;725;720;718;717;718;719;722;730;739;748;755;756;753;743;731;719;703;682;661;638;616;596;581;569;557;543;531;520;508;497;485;471;453;433;411;388;368;349;331;313;295;276;256;237;220;202;186;172;158;145;134;123;112;102;638;44889
"355160 SERRA NEGRA";320;323;335;346;350;346;352;358;354;353;355;353;352;357;361;364;375;382;385;388;392;396;401;399;394;388;385;382;384;387;392;397;403;411;418;425;433;441;453;465;479;493;498;493;480;462;444;430;421;418;414;410;406;402;397;392;387;384;382;383;383;383;381;375;365;351;336;321;307;294;282;269;255;239;222;203;183;164;142;124;1096;30505
"355170 SERTAOZINHO";1580;1628;1706;1772;1795;1772;1797;1831;1801;1796;1805;1791;1775;1778;1765;1757;1778;1790;1791;1801;1819;1845;1878;1897;1905;1914;1928;1945;1970;2000;2029;2057;2090;2133;2179;2223;2256;2275;2276;2259;2236;2209;2163;2098;2020;1936;1855;1784;1727;1683;1640;1597;1560;1530;1507;1489;1467;1442;1408;1365;1317;1270;1220;1168;1111;1049;985;924;870;823;778;736;690;642;590;536;483;429;373;329;2274;129500
"355180 SETE BARRAS";191;189;194;197;198;194;196;201;199;200;204;205;205;208;207;205;208;206;200;193;185;179;174;169;164;160;157;155;154;153;153;154;156;159;164;168;173;177;180;183;188;191;192;192;190;187;184;181;179;178;175;171;167;165;162;159;155;151;147;142;137;133;130;127;127;125;124;120;114;107;98;91;84;77;73;70;66;61;59;54;313;13063
"355190 SEVERINIA";195;196;200;206;208;204;206;209;204;200;198;194;192;195;200;206;214;223;227;231;236;240;245;246;244;242;239;236;231;224;217;210;207;211;218;229;237;243;245;243;239;236;229;223;215;207;200;193;190;189;189;188;187;184;182;181;178;175;173;170;166;162;156;148;138;127;114;104;98;93;89;86;82;76;70;62;54;48;40;37;303;14932
"355200 SILVEIRAS";83;82;83;84;84;83;86;87;85;85;84;83;82;85;89;94;100;102;103;100;99;95;93;90;87;82;80;78;78;81;83;85;88;89;90;90;89;89;89;90;91;91;92;91;91;90;89;87;86;82;79;76;75;73;75;76;77;77;78;77;75;73;72;69;65;61;58;54;51;48;45;44;40;38;36;33;30;28;26;24;162;6294
"355210 SOCORRO";407;419;440;458;468;464;475;487;481;480;484;481;479;483;484;487;498;505;505;505;507;509;514;515;514;513;514;518;525;535;548;558;569;579;588;595;600;606;612;620;628;637;636;629;613;593;575;563;558;559;561;564;563;562;557;551;545;538;532;528;521;515;509;503;494;484;470;454;432;409;384;360;336;315;294;275;256;236;217;195;1414;41094
"355220 SOROCABA";8928;9157;9540;9875;9974;9824;9932;10067;9839;9734;9707;9563;9446;9479;9477;9523;9748;9927;10061;10244;10479;10755;11045;11223;11296;11353;11424;11499;11585;11682;11758;11824;11926;12071;12238;12391;12502;12572;12588;12555;12518;12448;12261;11930;11493;11003;10533;10129;9830;9613;9416;9206;9020;8858;8711;8577;8439;8281;8095;7882;7640;7403;7151;6878;6571;6234;5879;5520;5170;4834;4514;4205;3908;3615;3331;3056;2793;2544;2317;2138;14157;736912
"355230 SUD MENNUCCI";95;96;97;99;99;96;97;99;98;99;102;101;102;102;101;100;102;102;100;97;96;95;95;95;95;96;97;98;99;100;100;101;101;103;104;105;107;108;108;109;111;112;112;112;112;112;111;111;112;112;112;110;109;108;105;103;101;99;96;94;91;89;86;83;80;75;70;65;62;58;57;54;51;48;44;42;38;34;32;30;172;7511
"355240 SUMARE";3411;3575;3792;3976;4055;4024;4098;4186;4128;4124;4151;4118;4076;4072;4029;3993;4029;4044;4045;4069;4117;4185;4261;4300;4305;4312;4329;4359;4408;4473;4538;4602;4675;4762;4851;4930;4991;5033;5048;5038;5022;4990;4905;4757;4561;4342;4131;3953;3828;3744;3672;3591;3506;3414;3313;3210;3108;3009;2915;2824;2731;2643;2552;2455;2346;2229;2103;1972;1837;1699;1565;1436;1313;1196;1085;979;877;777;691;609;3757;285159
"355250 SUZANO";4030;4171;4376;4564;4652;4621;4709;4804;4718;4683;4675;4607;4552;4573;4581;4610;4717;4784;4801;4816;4842;4886;4943;4965;4953;4942;4935;4918;4891;4855;4806;4763;4757;4804;4890;4989;5073;5132;5155;5143;5122;5093;5025;4911;4766;4604;4446;4307;4199;4112;4023;3926;3825;3720;3610;3499;3388;3277;3172;3070;2967;2867;2764;2655;2533;2402;2264;2124;1985;1849;1718;1590;1465;1343;1223;1104;987;871;763;664;4224;313143
"355255 SUZANAPOLIS";34;36;39;41;42;42;44;45;46;47;48;48;49;49;48;48;48;48;47;46;45;44;44;43;42;42;41;41;43;45;45;47;49;50;51;51;52;53;52;52;51;50;50;49;48;48;48;48;49;49;50;50;51;52;52;52;51;50;49;47;45;43;42;40;38;35;33;32;30;29;27;26;24;22;22;20;18;16;16;14;82;3475
"355260 TABAPUA";100;107;117;127;133;136;141;146;145;144;143;141;138;140;141;143;146;148;147;144;143;142;142;142;142;144;148;148;150;151;153;154;157;163;170;177;184;189;190;189;186;183;180;175;172;167;163;161;160;161;162;162;163;162;161;158;157;155;152;150;149;145;143;138;131;124;118;111;105;100;95;90;86;81;76;72;67;63;60;58;375;11582
"355270 TABATINGA";209;209;215;220;219;212;213;215;208;207;206;203;200;200;198;196;199;200;200;202;203;206;209;211;210;209;209;209;212;215;219;223;226;229;231;234;235;235;236;238;240;241;239;234;227;218;210;204;199;196;194;192;188;183;178;173;168;164;161;160;160;159;158;155;150;144;137;129;120;111;103;95;87;80;74;69;65;61;59;58;348;15021
"355280 TABOAO DA SERRA";3090;3293;3533;3748;3866;3875;3977;4081;4031;4022;4038;3996;3956;3972;3966;3974;4053;4113;4157;4218;4301;4394;4481;4509;4481;4441;4407;4372;4341;4316;4287;4268;4291;4373;4503;4648;4780;4884;4946;4966;4970;4961;4906;4796;4645;4472;4298;4143;4015;3908;3800;3683;3567;3453;3339;3227;3115;3003;2892;2781;2667;2559;2451;2340;2224;2103;1975;1849;1726;1608;1496;1388;1283;1180;1079;979;882;786;693;611;3871;281672
"355290 TACIBA";85;87;91;93;94;92;94;96;94;93;94;92;91;90;89;87;87;86;84;84;82;81;83;83;86;88;91;93;94;94;93;92;92;92;93;93;94;94;93;92;90;88;89;87;89;89;88;89;88;87;86;83;83;83;85;86;87;86;83;78;71;64;59;57;54;53;51;49;46;44;41;39;36;34;33;31;27;25;22;18;152;6336
"355300 TAGUAI";186;186;191;194;193;186;187;189;186;186;188;189;188;190;188;188;190;192;193;196;201;205;211;212;210;208;206;204;205;206;207;207;209;211;212;213;214;212;209;202;195;188;181;174;168;163;156;151;148;146;144;140;139;138;137;136;135;134;130;127;122;118;113;109;104;99;94;88;84;79;76;72;68;64;59;55;50;44;40;35;201;12754
"355310 TAIACU";74;73;72;74;74;73;74;74;72;71;69;68;68;70;72;74;78;81;82;82;82;82;83;83;83;84;84;83;83;81;80;80;79;80;82;85;87;89;89;88;86;85;84;82;81;79;77;76;77;78;79;80;81;81;80;79;77;75;73;70;67;64;61;58;54;51;49;46;43;43;42;41;40;38;36;34;32;29;27;25;188;5790
"355320 TAIUVA";62;64;66;69;71;69;70;70;68;66;65;62;61;63;66;69;75;80;87;95;104;113;121;126;128;126;127;126;123;119;116;111;109;111;115;119;122;124;123;118;112;106;100;95;91;85;82;79;77;77;77;76;77;76;74;72;71;70;69;69;69;69;68;67;64;62;59;56;54;53;52;50;47;45;42;38;35;31;27;24;209;6635
"355330 TAMBAU";249;259;273;285;289;287;292;299;296;297;302;300;299;298;293;288;288;287;283;282;282;282;286;289;293;297;302;308;314;320;325;330;333;334;330;326;321;317;317;316;320;322;320;315;307;298;289;282;281;280;281;280;281;281;283;284;284;284;281;277;270;264;257;249;239;228;215;204;192;181;170;160;150;140;129;119;110;101;93;87;594;21950
"355340 TANABI";289;298;313;325;330;326;330;337;331;331;331;328;325;324;321;317;320;321;320;318;320;324;329;332;336;340;343;347;350;350;351;351;354;360;369;378;385;392;398;403;408;411;409;400;384;365;348;336;330;332;334;336;339;343;345;348;351;350;345;337;327;317;305;295;285;273;260;248;236;225;214;204;193;182;170;157;144;132;117;105;825;25912
"355350 TAPIRAI";114;114;117;120;120;119;121;124;124;125;127;127;128;129;130;131;134;135;134;132;130;129;128;126;124;122;119;117;114;109;106;102;99;98;101;103;107;110;112;112;114;116;116;116;116;114;112;111;110;109;107;105;103;99;96;91;87;83;82;82;81;81;81;78;74;68;64;59;55;55;54;53;51;50;47;45;42;40;38;39;187;8184
"355360 TAPIRATIBA";118;123;130;136;139;139;142;147;146;148;150;150;150;152;152;153;157;159;160;161;163;165;168;169;169;169;168;168;169;169;170;169;169;169;167;165;164;163;165;168;172;177;178;178;174;169;164;163;162;165;168;171;173;175;176;177;177;177;175;172;169;165;159;152;144;133;124;114;106;98;91;85;79;72;68;62;59;56;54;56;374;12121
"355365 TAQUARAL";29;28;28;29;29;29;29;31;32;33;35;35;36;38;39;40;41;42;42;41;39;38;37;36;35;34;34;32;33;34;34;35;37;37;38;37;38;40;40;43;44;45;46;45;43;39;36;35;34;34;34;35;36;35;35;33;32;33;33;34;35;35;36;34;32;29;26;24;22;21;21;21;20;18;17;15;14;13;13;13;66;2683
"355370 TAQUARITINGA";581;593;618;643;658;657;673;691;683;684;689;684;683;695;702;714;735;748;747;740;734;730;733;733;734;738;742;747;750;753;754;755;761;771;785;800;813;823;830;833;837;838;835;825;810;793;776;761;751;742;734;723;714;709;704;700;695;687;676;660;642;623;604;584;564;540;515;489;463;438;414;391;368;345;322;299;277;254;231;212;1503;53985
"355380 TAQUARITUBA";297;301;311;318;318;309;311;316;312;314;320;322;322;325;322;320;324;328;334;342;354;367;380;388;391;395;397;399;403;406;408;410;410;409;407;404;400;397;393;392;392;391;387;379;369;358;346;337;328;321;313;305;297;293;290;288;285;282;277;270;264;257;250;243;235;226;217;205;192;177;160;147;133;120;111;102;94;87;81;76;493;24654
"355385 TAQUARIVAI";125;118;116;113;110;104;103;104;100;101;101;102;103;105;107;109;111;115;116;117;117;119;120;118;118;116;115;112;109;106;103;100;98;98;100;103;104;106;107;106;105;105;102;99;95;91;86;83;81;79;78;76;75;74;73;71;68;66;66;66;65;65;64;62;58;54;49;45;42;39;37;34;31;28;26;22;19;16;14;13;82;6859
"355390 TARABAI";86;86;90;93;93;91;92;94;93;93;94;94;94;95;94;93;95;96;96;97;98;100;101;104;106;107;108;108;106;103;100;96;93;92;91;92;93;92;93;93;95;96;97;96;95;93;92;90;89;89;87;86;86;85;86;88;88;88;86;82;78;74;69;65;61;57;53;49;45;42;40;38;34;33;31;28;26;26;23;22;157;6680
"355395 TARUMA";175;190;207;220;228;229;235;241;239;238;239;236;231;229;224;220;220;218;215;214;214;215;217;217;216;215;216;217;217;219;221;223;225;228;232;234;236;236;234;232;227;224;221;220;220;220;220;219;216;209;201;195;188;186;185;184;184;182;177;170;160;152;144;136;129;120;113;104;96;89;81;75;69;64;59;55;52;49;47;47;241;15042
"355400 TATUI";1621;1643;1697;1747;1758;1730;1752;1783;1756;1755;1769;1762;1757;1771;1772;1777;1811;1831;1836;1843;1856;1875;1900;1911;1910;1908;1910;1908;1905;1900;1889;1881;1886;1908;1943;1980;2012;2035;2044;2042;2037;2028;2004;1960;1906;1841;1781;1725;1679;1640;1600;1557;1521;1491;1466;1445;1423;1399;1370;1339;1304;1268;1229;1184;1131;1072;1011;953;900;851;808;764;721;675;628;579;530;484;438;404;2548;126468
"355410 TAUBATE";3532;3698;3921;4119;4210;4188;4266;4351;4270;4235;4227;4161;4100;4101;4083;4082;4154;4201;4226;4265;4324;4401;4488;4536;4548;4559;4578;4604;4640;4685;4726;4766;4821;4895;4979;5058;5124;5181;5228;5262;5299;5319;5276;5150;4959;4737;4526;4357;4255;4209;4178;4138;4096;4045;3982;3916;3847;3772;3686;3593;3490;3390;3287;3185;3070;2945;2809;2664;2516;2367;2219;2076;1938;1803;1671;1541;1413;1283;1160;1042;6915;317917
"355420 TEJUPA";58;58;58;58;59;59;60;61;61;60;61;61;62;63;66;67;69;71;71;70;68;68;66;64;62;61;58;57;56;54;53;52;52;53;55;57;59;60;61;60;60;59;59;59;60;59;59;58;56;54;51;49;47;45;46;46;46;47;46;46;46;45;43;43;42;40;39;37;35;34;32;32;29;29;27;25;24;22;21;20;80;4226
"355430 TEODORO SAMPAIO";313;321;333;345;349;344;347;353;345;341;338;333;327;326;324;322;326;327;325;322;321;320;320;316;310;303;299;297;299;303;309;315;322;327;333;338;343;347;350;352;354;356;355;350;340;330;320;312;307;305;304;301;299;295;290;285;278;269;259;246;233;220;208;199;191;183;176;168;159;149;138;130;122;113;106;100;94;87;80;71;424;22591
"355440 TERRA ROXA";96;95;96;100;100;99;101;104;102;102;103;102;103;105;108;111;115;117;116;113;110;108;107;106;106;107;108;109;111;113;114;117;118;122;126;130;132;134;134;129;126;121;118;114;112;110;109;108;107;106;106;105;104;105;104;104;104;103;102;101;99;98;95;94;90;86;82;77;72;65;60;53;49;45;42;39;38;37;38;39;210;8106
"355450 TIETE";430;439;457;474;480;475;484;494;489;489;495;495;494;500;500;502;512;518;519;521;525;531;538;542;543;544;548;552;558;567;574;581;593;605;622;637;650;658;658;652;643;634;619;602;582;560;540;525;515;509;506;502;498;491;484;476;469;461;454;446;438;429;418;406;390;370;352;333;315;299;286;270;255;238;221;203;185;166;149;135;999;38818
"355460 TIMBURI";18;20;24;27;29;31;32;34;34;35;35;35;35;35;33;32;32;31;31;31;30;30;30;32;32;32;33;33;33;32;31;31;30;31;33;36;37;38;38;36;34;31;30;29;28;29;28;29;28;29;29;29;29;31;33;34;37;38;39;40;40;40;39;38;36;33;30;28;27;28;28;28;28;26;24;21;18;14;11;8;79;2530
"355465 TORRE DE PEDRA";29;26;25;25;25;24;25;25;24;24;23;23;23;25;27;29;31;32;32;31;29;27;26;24;24;24;24;24;24;24;24;24;25;25;26;26;27;26;28;28;29;30;31;30;30;31;30;31;30;29;28;28;27;28;28;28;28;28;29;29;29;28;29;28;28;27;26;25;23;22;20;18;17;16;14;13;13;12;12;11;66;2096
"355470 TORRINHA";115;115;119;122;123;121;122;123;119;118;117;114;113;112;112;111;113;115;115;115;114;116;117;117;118;119;121;123;125;125;127;129;131;136;141;145;150;153;154;152;150;147;143;139;134;130;126;124;123;125;127;128;130;130;129;128;127;126;123;121;117;114;111;108;106;102;100;96;91;86;81;77;72;67;63;60;55;52;48;43;323;9529
"355475 TRABIJU";22;21;21;21;21;21;21;22;23;24;27;27;28;30;30;30;30;29;29;28;27;26;25;25;26;26;26;26;26;25;24;23;23;23;24;24;24;24;25;24;24;24;24;24;24;25;24;25;24;24;23;22;21;21;20;20;20;20;19;18;18;16;16;15;14;13;11;10;9;9;9;9;9;9;9;8;8;7;7;7;44;1704
"355480 TREMEMBE";491;537;587;628;648;648;661;675;663;661;661;652;643;639;633;628;637;651;674;710;755;802;845;871;880;883;886;886;886;885;881;875;876;883;896;909;919;926;928;924;919;911;896;868;832;793;755;719;692;668;647;624;608;600;597;597;595;590;576;554;530;505;481;461;441;419;397;374;351;327;304;283;262;243;224;208;191;175;160;146;931;51777
"355490 TRES FRONTEIRAS";72;78;83;88;89;89;90;91;89;88;88;86;85;83;81;80;80;80;82;85;89;93;97;98;97;95;93;92;92;92;93;94;95;96;96;97;98;98;99;100;100;101;102;100;98;95;92;90;89;90;89;90;89;89;89;88;87;87;86;84;82;80;78;77;75;74;71;69;65;61;57;53;50;45;43;41;39;37;35;33;214;6805
"355495 TUIUTI";68;70;74;78;81;82;84;86;86;86;86;84;84;84;85;85;87;86;84;81;77;75;73;72;73;74;76;78;81;85;88;92;95;96;98;98;98;98;99;102;105;108;109;108;104;101;97;95;93;94;93;93;93;91;91;90;88;88;87;88;89;88;88;88;86;84;81;79;76;73;70;67;64;60;57;52;49;45;40;36;218;6875
"355500 TUPA";704;714;741;768;780;773;787;803;788;781;779;770;764;771;780;792;816;832;836;835;836;840;847;848;847;845;847;848;852;856;859;864;875;894;920;947;970;991;1005;1014;1021;1028;1023;1009;985;956;930;909;896;890;886;880;876;875;876;878;879;874;862;843;819;796;773;750;726;699;672;644;616;590;567;543;519;495;469;442;415;386;356;330;2321;65723
"355510 TUPI PAULISTA";129;139;150;160;165;165;167;169;165;164;163;159;156;153;150;148;149;151;153;159;166;175;185;194;203;211;219;228;235;242;247;252;257;264;270;277;282;286;287;286;285;282;278;269;259;246;235;225;219;214;210;207;205;205;208;212;216;217;217;215;210;206;201;196;191;185;177;169;162;153;144;136;128;121;115;109;104;98;95;91;582;16077
"355520 TURIUBA";19;19;20;22;22;22;22;24;22;22;22;21;21;21;21;21;22;21;22;21;20;20;20;20;20;20;21;21;21;20;20;20;19;19;20;20;20;21;22;22;23;23;24;26;26;27;27;28;28;27;26;25;26;26;27;27;28;28;28;27;26;26;25;25;25;24;23;24;22;21;21;20;19;19;18;18;17;17;16;15;72;1853
"355530 TURMALINA";18;16;14;13;13;12;12;12;12;12;13;14;15;16;17;17;19;20;20;20;19;19;19;19;18;17;16;16;15;16;16;16;17;17;19;20;20;20;20;20;19;19;18;18;19;19;20;21;21;23;24;25;26;28;31;33;36;38;38;37;35;33;31;30;29;27;25;23;22;21;21;20;20;19;19;18;18;17;17;17;74;1713
"355535 UBARANA";78;77;78;80;79;78;79;80;80;81;82;84;84;85;85;84;85;85;84;82;80;79;79;78;80;81;82;82;83;83;82;83;82;82;83;83;84;83;82;81;79;77;77;77;78;79;78;79;77;76;72;69;67;65;64;63;61;61;58;55;51;48;46;45;43;43;42;41;40;39;36;35;32;30;28;25;23;19;15;10;102;5467
"355540 UBATUBA";1262;1277;1316;1350;1354;1327;1337;1354;1324;1313;1314;1300;1287;1293;1291;1292;1317;1335;1341;1350;1365;1386;1411;1423;1426;1428;1432;1435;1438;1440;1439;1439;1443;1455;1472;1491;1505;1519;1532;1544;1558;1568;1563;1540;1500;1451;1404;1361;1326;1296;1265;1232;1200;1172;1145;1120;1094;1066;1036;1003;968;934;899;861;822;778;733;689;646;604;564;524;486;448;410;372;333;298;261;229;1458;94574
"355550 UBIRAJARA";78;78;79;81;82;81;81;82;81;81;81;80;80;80;79;78;79;79;78;75;73;71;70;70;71;72;73;75;75;75;76;75;76;77;77;77;78;78;78;78;78;78;76;74;71;68;65;62;60;59;57;55;55;56;56;56;57;58;58;56;53;51;49;49;49;48;48;47;44;42;39;37;34;31;29;25;22;19;14;10;89;5172
"355560 UCHOA";104;107;113;120;123;123;126;131;132;133;136;137;136;138;139;138;140;139;137;133;130;127;126;126;128;131;135;138;140;142;143;144;146;149;153;157;160;162;162;163;162;161;160;158;156;153;150;147;145;141;137;133;131;132;136;140;143;146;144;139;133;127;123;118;116;113;110;106;101;95;89;84;79;74;70;67;64;60;55;51;355;10551
"355570 UNIAO PAULISTA";27;26;26;25;25;23;23;23;23;24;24;24;25;26;25;25;24;24;24;25;25;24;25;24;23;21;20;20;20;21;22;24;25;26;25;24;22;22;23;23;23;24;24;24;23;23;21;21;20;19;17;16;16;16;17;19;19;20;20;18;17;16;15;15;14;14;14;14;13;12;11;11;10;10;9;8;7;5;4;2;35;1606
"355580 URANIA";95;94;96;98;100;100;102;105;104;106;108;109;110;111;114;115;119;120;117;115;112;109;107;105;106;105;107;108;109;110;112;114;115;118;120;123;125;128;132;136;142;145;146;144;137;130;122;117;115;117;119;121;124;124;125;124;124;124;125;124;125;124;123;120;114;109;103;97;90;86;82;77;73;67;63;59;55;52;49;49;332;9037
"355590 URU";18;18;19;19;19;19;17;18;18;18;18;18;18;18;17;16;15;15;14;16;16;16;17;17;17;16;16;16;15;15;14;14;14;16;17;19;19;21;21;21;21;21;21;20;19;18;18;16;16;17;16;17;17;18;19;19;20;21;22;22;23;24;22;22;21;20;17;16;16;16;15;15;14;13;11;9;8;6;5;3;42;1401
"355600 URUPES";146;148;153;157;158;156;159;161;160;160;161;161;161;163;164;165;169;172;173;172;172;173;177;179;182;185;188;191;194;195;196;197;199;201;205;209;211;214;215;215;216;215;213;209;204;199;193;188;186;183;181;178;178;180;183;187;190;191;190;184;178;172;166;160;157;152;148;143;137;130;123;116;110;104;97;92;86;79;72;64;490;13941
"355610 VALENTIM GENTIL";189;189;195;200;201;197;198;199;192;188;185;181;176;176;177;178;184;187;187;188;189;191;195;198;201;205;208;212;215;216;217;218;220;222;226;229;232;234;235;235;235;234;231;225;217;207;197;190;185;181;178;175;171;167;164;161;157;154;151;148;146;143;140;137;133;128;122;115;108;100;92;84;79;73;69;65;62;59;59;59;294;14060
"355620 VALINHOS";1264;1324;1408;1483;1520;1515;1550;1588;1568;1567;1576;1562;1548;1553;1546;1544;1568;1581;1580;1583;1591;1610;1635;1655;1668;1686;1709;1735;1765;1798;1830;1864;1906;1958;2016;2074;2124;2165;2192;2206;2217;2221;2210;2178;2132;2079;2027;1982;1950;1925;1898;1867;1841;1821;1805;1789;1769;1738;1690;1627;1556;1485;1417;1353;1291;1227;1161;1093;1030;968;908;852;797;743;689;634;583;532;476;428;3092;128696
"355630 VALPARAISO";261;281;307;325;333;330;335;342;337;337;340;337;331;324;313;301;296;290;289;291;299;309;323;337;353;370;389;404;417;425;431;436;442;450;459;466;473;475;471;462;452;443;428;412;395;377;360;344;331;321;312;302;294;290;287;287;285;280;273;262;249;237;224;211;198;184;170;158;147;139;131;124;116;108;101;93;87;80;74;70;503;24630
"355635 VARGEM";140;146;152;158;157;154;154;154;150;148;147;145;143;140;136;133;132;132;134;137;144;150;156;160;162;162;164;164;163;162;160;157;155;156;156;156;158;158;158;158;160;160;159;157;152;147;143;139;136;136;134;133;131;127;124;121;117;114;111;109;109;107;105;103;100;95;93;88;84;82;81;78;75;71;66;60;54;47;39;33;223;10554
"355640 VARGEM GRANDE DO SUL";519;514;525;536;538;529;536;546;536;533;535;532;531;540;548;559;578;589;590;588;584;584;587;588;586;586;587;587;589;588;589;588;591;599;610;622;632;638;641;639;637;634;626;612;594;576;557;543;536;535;535;533;532;532;531;530;528;523;513;500;485;469;452;438;421;404;384;364;344;324;304;285;266;248;231;215;198;182;167;153;975;41333
"355645 VARGEM GRANDE PAULISTA";609;643;686;725;744;742;758;777;766;765;768;759;748;747;739;733;739;739;736;736;738;744;749;742;730;716;705;698;698;704;713;723;737;755;777;800;821;838;850;861;869;875;871;857;834;806;777;752;729;708;688;666;646;628;613;598;584;570;556;543;527;514;497;476;452;424;397;369;346;326;307;289;270;249;228;205;183;162;142;128;855;51274
"355650 VARZEA PAULISTA";1449;1513;1600;1676;1706;1691;1718;1747;1713;1698;1696;1671;1646;1645;1636;1632;1661;1682;1700;1729;1768;1813;1862;1893;1904;1914;1925;1934;1940;1946;1946;1944;1951;1970;1997;2022;2040;2045;2031;2002;1968;1932;1885;1825;1758;1688;1625;1575;1546;1534;1527;1515;1497;1467;1427;1381;1336;1292;1253;1219;1184;1150;1112;1070;1023;970;912;852;791;726;664;605;549;496;446;399;356;313;281;248;1565;119018
"355660 VERA CRUZ";108;113;119;125;128;127;129;131;130;129;129;127;125;125;126;127;130;134;136;138;141;144;146;146;143;138;134;131;131;130;130;130;132;133;135;137;139;140;141;140;140;140;141;142;146;148;152;154;154;153;150;147;145;144;144;145;145;143;139;135;130;124;120;116;114;112;109;105;101;95;91;86;83;78;76;73;70;67;65;61;381;10441
"355670 VINHEDO";769;832;905;967;1002;1007;1035;1060;1044;1038;1035;1017;997;993;983;977;987;995;999;1008;1024;1043;1062;1070;1068;1065;1065;1066;1067;1071;1074;1081;1099;1131;1176;1224;1269;1307;1336;1355;1370;1379;1373;1347;1304;1254;1203;1157;1121;1090;1060;1030;1002;981;963;949;934;918;900;878;855;832;807;779;745;709;670;632;597;565;534;505;476;446;415;384;354;324;296;274;1839;77554
"355680 VIRADOURO";236;232;236;239;238;231;232;236;233;235;239;242;243;247;246;246;250;252;251;250;251;252;255;258;259;262;266;268;269;269;268;267;269;273;280;288;294;296;294;287;279;271;262;256;250;245;241;236;232;226;219;212;207;204;203;203;203;201;199;195;190;185;179;173;166;158;150;143;136;129;124;119;113;106;99;92;83;76;68;61;407;17740
"355690 VISTA ALEGRE DO ALTO";116;116;120;123;125;122;123;125;120;117;113;110;108;108;110;112;117;120;123;123;124;126;127;129;130;131;133;133;133;133;131;131;131;131;133;134;135;135;136;136;137;137;135;130;124;116;109;104;101;99;98;96;95;93;91;88;85;83;80;75;72;69;65;62;60;58;55;53;50;47;44;41;39;37;34;33;30;28;25;23;158;8142
"355695 VITORIA BRASIL";20;20;21;20;19;18;18;18;20;22;24;25;27;29;27;25;24;24;24;25;26;27;27;27;26;24;23;21;20;19;19;19;19;20;22;24;26;28;29;29;29;29;29;29;29;28;28;28;28;29;29;30;30;30;29;27;26;25;23;23;21;21;20;19;19;17;17;17;16;15;15;14;14;12;12;10;10;8;7;5;50;1822
"355700 VOTORANTIM";1650;1691;1761;1823;1842;1815;1836;1864;1825;1808;1808;1785;1767;1775;1775;1781;1822;1851;1871;1900;1935;1978;2021;2039;2037;2030;2026;2025;2030;2039;2049;2056;2072;2097;2127;2156;2180;2196;2201;2200;2196;2185;2156;2100;2026;1942;1860;1787;1729;1680;1634;1585;1544;1512;1488;1467;1447;1421;1390;1354;1311;1271;1226;1178;1122;1060;996;934;874;819;767;717;669;618;567;517;468;423;380;347;1954;130265
"355710 VOTUPORANGA";1127;1148;1192;1226;1228;1199;1204;1215;1188;1178;1181;1169;1156;1155;1144;1136;1151;1167;1188;1222;1266;1316;1364;1396;1410;1420;1432;1446;1465;1488;1510;1528;1545;1560;1569;1573;1572;1570;1565;1560;1557;1552;1535;1503;1461;1415;1372;1337;1317;1307;1300;1290;1281;1272;1263;1252;1242;1228;1210;1188;1162;1137;1106;1074;1033;988;939;891;845;802;762;722;681;640;600;556;513;472;431;399;2743;98507
"355715 ZACARIAS";27;30;33;35;36;35;35;37;38;39;41;42;41;41;39;36;33;32;32;33;35;35;37;35;33;31;28;28;28;30;32;33;36;38;39;39;39;40;40;41;42;42;40;40;38;37;35;35;34;35;35;35;36;37;38;39;39;40;40;38;37;35;33;32;32;30;29;28;27;25;24;22;20;19;18;17;16;14;13;11;83;2732
"355720 CHAVANTES";146;153;163;171;175;174;179;183;180;180;182;179;178;176;175;172;175;174;173;173;174;175;176;179;177;177;176;175;172;169;165;161;159;160;162;165;169;172;175;179;182;185;186;185;181;176;172;168;166;166;166;167;165;163;162;161;158;156;151;147;141;137;133;128;125;122;118;113;108;103;97;91;86;81;75;70;64;58;50;44;296;12481
"355730 ESTIVA GERBI";154;154;157;160;159;156;157;157;155;153;154;151;151;151;151;152;155;157;158;159;159;161;163;163;161;159;157;158;160;163;168;173;178;184;190;196;200;201;200;195;189;183;176;169;165;160;156;152;150;149;150;148;147;146;145;143;142;138;136;132;127;123;119;114;109;104;98;92;87;81;75;70;65;59;54;49;42;37;32;27;192;11422
"Total";513667;533505;562292;588197;599825;595902;607096;619584;609112;605678;606378;599220;593189;596193;596530;599381;612997;622836;628827;636767;647370;660201;673716;680471;680930;680575;681163;681939;683417;685650;686906;688377;693249;702670;715026;727666;738154;745948;749907;750271;750134;748310;740239;724440;703099;678829;655582;635740;621434;611283;601574;590734;580666;571245;562159;553331;544157;533835;521892;508520;493596;479048;463912;448024;430458;411055;390393;369253;348357;327879;308119;288882;270036;251358;232823;214337;196153;177967;160532;145007;1011804;45736978
 Fonte:
 
 Trabalho coordenado pela RIPSA.
 Realização: CGI Demográfico/RIPSA e CGIAE/SVSA/Ministério da Saúde.
 Dados básicos: IBGE
 Baixe os arquivos com os dados de Estimativas Populacionais por Município, Idade e Sexo 2000-2025 a partir do endereço de FTP
 ftp://ftp.datasus.gov.br/dissemin/publicos/IBGE/POPSVS/

